gene,local_uniprot,local_protein_name,local_ec_number,local_mass_da,local_organism
GA0070618_0001,A0A1C4U443,Uncharacterized protein,,8588,Micromonospora echinospora (Micromonospora purpurea)
GA0070618_0002,A0A1C4U4B5,Uncharacterized protein,,10681,Micromonospora echinospora (Micromonospora purpurea)
GA0070618_0004,A0A1C5ABK5,Nucleoside 2-deoxyribosyltransferase,,12570,Micromonospora echinospora (Micromonospora purpurea)
GA0070618_0005,A0A1C4U4E5,"DNA-directed RNA polymerase, sigma subunit (Sigma70/sigma32)",,27354,Micromonospora echinospora (Micromonospora purpurea)
GA0070618_0006,A0A1C4U4A8,Uncharacterized protein,,6158,Micromonospora echinospora (Micromonospora purpurea)
GA0070618_0007,A0A1C5AC05,Uncharacterized protein,,5865,Micromonospora echinospora (Micromonospora purpurea)
GA0070618_0008,A0A1C5ABG9,"DNA-directed RNA polymerase specialized sigma subunit, sigma24 family",,20588,Micromonospora echinospora (Micromonospora purpurea)
GA0070618_0009,A0A1C4U4K3,SprT-like family protein,,38978,Micromonospora echinospora (Micromonospora purpurea)
GA0070618_0010,A0A1C4U4I5,Uncharacterized protein,,17391,Micromonospora echinospora (Micromonospora purpurea)
GA0070618_0011,A0A1C4U4N6,Uncharacterized protein,,8117,Micromonospora echinospora (Micromonospora purpurea)
GA0070618_0012,A0A1C5ABJ0,Uncharacterized protein,,26137,Micromonospora echinospora (Micromonospora purpurea)
GA0070618_0013,A0A1C4U4X5,Uncharacterized protein,,4789,Micromonospora echinospora (Micromonospora purpurea)
GA0070618_0014,A0A1C4U4U5,DUF2637 domain-containing protein,,30689,Micromonospora echinospora (Micromonospora purpurea)
GA0070618_0015,A0A1C5ABS6,Uncharacterized protein,,16412,Micromonospora echinospora (Micromonospora purpurea)
GA0070618_0016,A0A1C4U4V8,Pirin C-terminal cupin domain-containing protein,,23803,Micromonospora echinospora (Micromonospora purpurea)
GA0070618_0017,A0A1C4U550,Uncharacterized protein,,4347,Micromonospora echinospora (Micromonospora purpurea)
GA0070618_0018,A0A1C4U4Y5,Phosphatidylserine/phosphatidylglycerophosphate/cardiolipin synthase,,59422,Micromonospora echinospora (Micromonospora purpurea)
GA0070618_0019,A0A1C4U4V1,"RNA polymerase, sigma 28 subunit, SigD/FliA/WhiG",,29809,Micromonospora echinospora (Micromonospora purpurea)
GA0070618_0020,A0A1C4U592,Amino acid transporter,,52629,Micromonospora echinospora (Micromonospora purpurea)
GA0070618_0021,A0A1C4U4Y1,Golgi phosphoprotein 3 (GPP34),,23752,Micromonospora echinospora (Micromonospora purpurea)
GA0070618_0022,A0A1C4U5B9,Helix-turn-helix domain-containing protein,,28283,Micromonospora echinospora (Micromonospora purpurea)
GA0070618_0023,A0A1C4U554,DUF397 domain-containing protein,,8515,Micromonospora echinospora (Micromonospora purpurea)
GA0070618_0024,A0A1C4U5E2,ATP-dependent helicase HrpB,,90872,Micromonospora echinospora (Micromonospora purpurea)
GA0070618_0025,A0A1C4U562,protein-serine/threonine phosphatase (EC 3.1.3.16),3.1.3.16,25528,Micromonospora echinospora (Micromonospora purpurea)
GA0070618_0026,A0A1C4U547,Endoglucanase (EC 3.2.1.4),3.2.1.4,91309,Micromonospora echinospora (Micromonospora purpurea)
GA0070618_0027,A0A1C4U5C1,HTH cro/C1-type domain-containing protein,,27572,Micromonospora echinospora (Micromonospora purpurea)
GA0070618_0028,A0A1C4U577,DUF397 domain-containing protein,,6884,Micromonospora echinospora (Micromonospora purpurea)
GA0070618_0029,A0A1C4U5F3,Extracellular small neutral protease (EC 3.4.24.77) (Snapalysin),3.4.24.77,41478,Micromonospora echinospora (Micromonospora purpurea)
GA0070618_0030,A0A1C4U5G7,Probable non-F420 flavinoid oxidoreductase,,35360,Micromonospora echinospora (Micromonospora purpurea)
GA0070618_0031,A0A1C4U5N7,Succinate-semialdehyde dehydrogenase / glutarate-semialdehyde dehydrogenase,,50143,Micromonospora echinospora (Micromonospora purpurea)
GA0070618_0032,A0A1C4U5K0,Uncharacterized protein family UPF0016,,9422,Micromonospora echinospora (Micromonospora purpurea)
GA0070618_0033,A0A1C4U5H3,Lysophospholipase L1,,32233,Micromonospora echinospora (Micromonospora purpurea)
GA0070618_0034,A0A1C4U5Q5,EcsC protein family protein,,26677,Micromonospora echinospora (Micromonospora purpurea)
GA0070618_0035,A0A1C4U5I1,Uncharacterized protein,,5536,Micromonospora echinospora (Micromonospora purpurea)
GA0070618_0036,A0A1C4U5L7,Peptidase M23,,27979,Micromonospora echinospora (Micromonospora purpurea)
GA0070618_0037,A0A1C4U5L3,"Predicted ATP-dependent carboligase, ATP-grasp superfamily",,33670,Micromonospora echinospora (Micromonospora purpurea)
GA0070618_0038,A0A1C4U5N6,Exodeoxyribonuclease-3,,28744,Micromonospora echinospora (Micromonospora purpurea)
GA0070618_0039,A0A1C4U5P0,Heme-degrading monooxygenase HmoA,,11304,Micromonospora echinospora (Micromonospora purpurea)
GA0070618_0040,A0A1C4U5Y6,Tetratricopeptide repeat-containing protein,,108061,Micromonospora echinospora (Micromonospora purpurea)
GA0070618_0041,A0A1C4U631,Uncharacterized protein,,13907,Micromonospora echinospora (Micromonospora purpurea)
GA0070618_0042,A0A1C4U5T0,DUF397 domain-containing protein,,6669,Micromonospora echinospora (Micromonospora purpurea)
GA0070618_0043,A0A1C4U673,DUF5753 domain-containing protein,,28062,Micromonospora echinospora (Micromonospora purpurea)
GA0070618_0044,A0A1C4U5W0,Flavin reductase,,9491,Micromonospora echinospora (Micromonospora purpurea)
GA0070618_0045,A0A1C4U629,Sortase family protein,,20425,Micromonospora echinospora (Micromonospora purpurea)
GA0070618_0046,A0A1C4U697,MYXO-CTERM domain-containing protein,,18269,Micromonospora echinospora (Micromonospora purpurea)
GA0070618_0047,A0A1C4U5Z8,tRNA (guanine-N(7)-)-methyltransferase (EC 2.1.1.33) (tRNA (guanine(46)-N(7))-methyltransferase) (tRNA(m7G46)-methyltransferase),2.1.1.33,26280,Micromonospora echinospora (Micromonospora purpurea)
GA0070618_0048,A0A1C4U623,Superfamily II RNA helicase,,92247,Micromonospora echinospora (Micromonospora purpurea)
GA0070618_0049,A0A1C4U6A4,D-aminopeptidase,,30852,Micromonospora echinospora (Micromonospora purpurea)
GA0070618_0050,A0A1C4U699,Uncharacterized protein,,23268,Micromonospora echinospora (Micromonospora purpurea)
GA0070618_0051,A0A1C4U678,Peptidase_C39 like family protein,,23437,Micromonospora echinospora (Micromonospora purpurea)
GA0070618_0052,A0A1C4U6F2,Putative oxidoreductase,,14853,Micromonospora echinospora (Micromonospora purpurea)
GA0070618_0053,A0A1C4U6A3,Integral membrane protein,,16592,Micromonospora echinospora (Micromonospora purpurea)
GA0070618_0054,A0A1C4U6A6,Cytidine deaminase,,13479,Micromonospora echinospora (Micromonospora purpurea)
GA0070618_0055,A0A1C4U6H2,ATP-dependent helicase HrpA,,154362,Micromonospora echinospora (Micromonospora purpurea)
GA0070618_0056,A0A1C4U6P0,"DNA-binding transcriptional regulator, LysR family",,33145,Micromonospora echinospora (Micromonospora purpurea)
GA0070618_0057,A0A1C4U6E2,Succinate dehydrogenase / fumarate reductase cytochrome b subunit,,25017,Micromonospora echinospora (Micromonospora purpurea)
GA0070618_0058,A0A1C4U6H3,Succinate dehydrogenase subunit A,,71625,Micromonospora echinospora (Micromonospora purpurea)
GA0070618_0059,A0A1C4U6I2,Succinate dehydrogenase subunit B,,27077,Micromonospora echinospora (Micromonospora purpurea)
GA0070618_0060,A0A1C4U6N6,Uncharacterized protein,,60141,Micromonospora echinospora (Micromonospora purpurea)
GA0070618_0061,A0A1C4U6K4,Putative ABC transport system permease protein,,42001,Micromonospora echinospora (Micromonospora purpurea)
GA0070618_0062,A0A1C4U6S0,Putative ABC transport system ATP-binding protein,,25742,Micromonospora echinospora (Micromonospora purpurea)
GA0070618_0063,A0A1C4U6X9,Multidrug efflux pump subunit AcrA (Membrane-fusion protein),,38648,Micromonospora echinospora (Micromonospora purpurea)
GA0070618_0064,A0A1C4U6U0,Secreted protein,,19283,Micromonospora echinospora (Micromonospora purpurea)
GA0070618_0065,A0A1C4U6R8,"DNA-binding response regulator, OmpR family, contains REC and winged-helix (WHTH) domain",,24144,Micromonospora echinospora (Micromonospora purpurea)
GA0070618_0066,A0A1C4U6S3,histidine kinase (EC 2.7.13.3),2.7.13.3,42091,Micromonospora echinospora (Micromonospora purpurea)
GA0070618_0067,A0A1C4U6T3,Threonine dehydrogenase,,42380,Micromonospora echinospora (Micromonospora purpurea)
GA0070618_0068,A0A1C4U752,Beta-lactamase (EC 3.5.2.6) (Penicillinase),3.5.2.6,36100,Micromonospora echinospora (Micromonospora purpurea)
GA0070618_0069,A0A1C4U727,"L-ascorbate metabolism protein UlaG, beta-lactamase superfamily",,41504,Micromonospora echinospora (Micromonospora purpurea)
GA0070618_0070,A0A1C4U6Y8,dGTPase,,55274,Micromonospora echinospora (Micromonospora purpurea)
GA0070618_0071,A0A1C4U741,S1 motif domain-containing protein,,87194,Micromonospora echinospora (Micromonospora purpurea)
GA0070618_0072,A0A1C4U768,Uncharacterized protein,,17895,Micromonospora echinospora (Micromonospora purpurea)
GA0070618_0073,A0A1C4U729,Uncharacterized hydrophobic domain-containing protein,,33870,Micromonospora echinospora (Micromonospora purpurea)
GA0070618_0074,A0A1C4U7D1,Acetyltransferase (GNAT) family protein,,23392,Micromonospora echinospora (Micromonospora purpurea)
GA0070618_0075,A0A1C4U799,Glycosyltransferase involved in cell wall bisynthesis,,44264,Micromonospora echinospora (Micromonospora purpurea)
GA0070618_0076,A0A1C4U7G6,"dTDP-4-amino-4,6-dideoxygalactose transaminase",,41676,Micromonospora echinospora (Micromonospora purpurea)
GA0070618_0077,A0A1C4U7C4,"Sugar transferase involved in LPS biosynthesis (Colanic, teichoic acid)",,22161,Micromonospora echinospora (Micromonospora purpurea)
GA0070618_0078,A0A1C4U7E8,"UDP-2-acetamido-2,6-beta-L-arabino-hexul-4-ose reductase",,40349,Micromonospora echinospora (Micromonospora purpurea)
GA0070618_0079,A0A1C4U7F8,UDP-glucose 4-epimerase (EC 5.1.3.2) (UDP-galactose 4-epimerase),5.1.3.2,37608,Micromonospora echinospora (Micromonospora purpurea)
GA0070618_0080,A0A1C4U7M4,Pectate lyase superfamily protein,,47382,Micromonospora echinospora (Micromonospora purpurea)
GA0070618_0081,A0A1C4U7C8,Glycosyltransferase involved in cell wall bisynthesis,,90549,Micromonospora echinospora (Micromonospora purpurea)
GA0070618_0082,A0A1C4U7D6,O-antigen ligase,,47710,Micromonospora echinospora (Micromonospora purpurea)
GA0070618_0083,A0A1C4U7F2,Uncharacterized protein,,51661,Micromonospora echinospora (Micromonospora purpurea)
GA0070618_0084,A0A1C4U7G2,Immune inhibitor A peptidase M6,,111624,Micromonospora echinospora (Micromonospora purpurea)
GA0070618_0085,A0A1C4U7J5,UDP-N-acetylglucosamine 2-epimerase (Non-hydrolysing),,41754,Micromonospora echinospora (Micromonospora purpurea)
GA0070618_0086,A0A1C4U7X6,Phosphoglucomutase,,57706,Micromonospora echinospora (Micromonospora purpurea)
GA0070618_0087,A0A1C4U7K9,Glucose-1-phosphate adenylyltransferase (EC 2.7.7.27) (ADP-glucose pyrophosphorylase) (ADPGlc PPase) (ADP-glucose synthase),2.7.7.27,45599,Micromonospora echinospora (Micromonospora purpurea)
GA0070618_0088,A0A1C4U800,Glycogen synthase (ADP-glucose),,44240,Micromonospora echinospora (Micromonospora purpurea)
GA0070618_0089,A0A1C4U807,Helix-turn-helix domain-containing protein,,40642,Micromonospora echinospora (Micromonospora purpurea)
GA0070618_0090,A0A1C4U7Q0,Uncharacterized protein,,7193,Micromonospora echinospora (Micromonospora purpurea)
GA0070618_0091,A0A1C4U7R0,"Regulatory protein, gntR family",,8367,Micromonospora echinospora (Micromonospora purpurea)
GA0070618_0092,A0A1C4U7W5,Uncharacterized protein,,33795,Micromonospora echinospora (Micromonospora purpurea)
GA0070618_0093,A0A1C4U820,Short-chain dehydrogenase,,30922,Micromonospora echinospora (Micromonospora purpurea)
GA0070618_0094,A0A1C4U7U7,SnoaL-like domain-containing protein,,12223,Micromonospora echinospora (Micromonospora purpurea)
GA0070618_0095,A0A1C4U804,"Transcriptional regulator, TetR family",,25844,Micromonospora echinospora (Micromonospora purpurea)
GA0070618_0097,A0A1C4U830,DinB superfamily protein,,27091,Micromonospora echinospora (Micromonospora purpurea)
GA0070618_0098,A0A1C4U833,"Alpha-1,4-glucan:maltose-1-phosphate maltosyltransferase (GMPMT) (EC 2.4.99.16) ((1->4)-alpha-D-glucan:maltose-1-phosphate alpha-D-maltosyltransferase)",2.4.99.16,77532,Micromonospora echinospora (Micromonospora purpurea)
GA0070618_0099,A0A1C4U889,"1,4-alpha-glucan branching enzyme GlgB (EC 2.4.1.18) (1,4-alpha-D-glucan:1,4-alpha-D-glucan 6-glucosyl-transferase) (Alpha-(1->4)-glucan branching enzyme) (Glycogen branching enzyme) (BE)",2.4.1.18,78162,Micromonospora echinospora (Micromonospora purpurea)
GA0070618_0100,A0A1C4U834,Lipoprotein,,25597,Micromonospora echinospora (Micromonospora purpurea)
GA0070618_0102,A0A1C4U8B3,AraC-type DNA-binding protein,,37082,Micromonospora echinospora (Micromonospora purpurea)
GA0070618_0103,A0A1C4U863,Peptidoglycan binding-like domain-containing protein,,18228,Micromonospora echinospora (Micromonospora purpurea)
GA0070618_0104,A0A1C4U8B4,"Uncharacterized lipoprotein YddW, UPF0748 family",,74271,Micromonospora echinospora (Micromonospora purpurea)
GA0070618_0105,A0A1C4U8K7,Phosphatidate phosphatase APP1,,40287,Micromonospora echinospora (Micromonospora purpurea)
GA0070618_0106,A0A1C4U8M6,4-amino-4-deoxy-L-arabinose transferase,,56662,Micromonospora echinospora (Micromonospora purpurea)
GA0070618_0107,A0A1C4U8F3,Peroxide stress protein YaaA,,29008,Micromonospora echinospora (Micromonospora purpurea)
GA0070618_0108,A0A1C4U8D2,Uncharacterized protein,,24067,Micromonospora echinospora (Micromonospora purpurea)
GA0070618_0109,A0A1C4U8G5,"TRAP transporter solute receptor, TAXI family",,33297,Micromonospora echinospora (Micromonospora purpurea)
GA0070618_0110,A0A1C4U8P7,histidine kinase (EC 2.7.13.3),2.7.13.3,52857,Micromonospora echinospora (Micromonospora purpurea)
GA0070618_0111,A0A1C4U8R1,Sensory transduction protein RegX3,,27656,Micromonospora echinospora (Micromonospora purpurea)
GA0070618_0112,A0A1C4U8Q5,Transferase hexapeptide (Six repeat-containing protein),,18785,Micromonospora echinospora (Micromonospora purpurea)
GA0070618_0113,A0A1C4U8T9,Nucleotide sugar dehydrogenase,,45330,Micromonospora echinospora (Micromonospora purpurea)
GA0070618_0114,A0A1C4U8U0,Glycosyltransferase involved in cell wall bisynthesis,,57765,Micromonospora echinospora (Micromonospora purpurea)
GA0070618_0115,A0A1C4U8P1,Glycosyltransferase involved in cell wall bisynthesis,,57741,Micromonospora echinospora (Micromonospora purpurea)
GA0070618_0116,A0A1C4U8P2,Dolichyl-phosphate-mannose-protein mannosyltransferase,,52194,Micromonospora echinospora (Micromonospora purpurea)
GA0070618_0117,A0A1C4U8T5,UDP-N-acetylglucosamine 2-epimerase (Non-hydrolysing),,38484,Micromonospora echinospora (Micromonospora purpurea)
GA0070618_0118,A0A1C4U8W6,Uncharacterized protein,,21524,Micromonospora echinospora (Micromonospora purpurea)
GA0070618_0119,A0A1C4U946,Glycosyltransferase involved in cell wall bisynthesis,,51520,Micromonospora echinospora (Micromonospora purpurea)
GA0070618_0120,A0A1C4U933,Uncharacterized protein,,20973,Micromonospora echinospora (Micromonospora purpurea)
GA0070618_0121,A0A1C4U912,Glycosyltransferase involved in cell wall bisynthesis,,40243,Micromonospora echinospora (Micromonospora purpurea)
GA0070618_0122,A0A1C4U953,Glycosyl transferases group 1,,60070,Micromonospora echinospora (Micromonospora purpurea)
GA0070618_0123,A0A1C4U937,Mannosyltransferase (PIG-V),,41484,Micromonospora echinospora (Micromonospora purpurea)
GA0070618_0124,A0A1C4U990,Predicted dehydrogenase,,36796,Micromonospora echinospora (Micromonospora purpurea)
GA0070618_0125,A0A1C4U9A6,"dTDP-4-amino-4,6-dideoxygalactose transaminase",,39188,Micromonospora echinospora (Micromonospora purpurea)
GA0070618_0126,A0A1C4U9F3,"Transcriptional regulator, TetR family",,23165,Micromonospora echinospora (Micromonospora purpurea)
GA0070618_0127,A0A1C4U9D1,Transport permease protein,,32840,Micromonospora echinospora (Micromonospora purpurea)
GA0070618_0128,A0A1C4U9I3,Teichoic acid transport system ATP-binding protein,,28833,Micromonospora echinospora (Micromonospora purpurea)
GA0070618_0129,A0A1C4U9I1,2-C-methyl-D-erythritol 4-phosphate cytidylyltransferase (EC 2.7.7.60) (4-diphosphocytidyl-2C-methyl-D-erythritol synthase) (MEP cytidylyltransferase) (MCT),2.7.7.60,55477,Micromonospora echinospora (Micromonospora purpurea)
GA0070618_0130,A0A1C4U9H5,CDP-Glycerol:Poly(Glycerophosphate) glycerophosphotransferase,,59904,Micromonospora echinospora (Micromonospora purpurea)
GA0070618_0131,A0A1C4U9I4,Peptidase_C39 like family protein,,29105,Micromonospora echinospora (Micromonospora purpurea)
GA0070618_0132,A0A1C4U9M0,AP2/ERF domain-containing protein,,27998,Micromonospora echinospora (Micromonospora purpurea)
GA0070618_0133,A0A1C4U9L6,Uncharacterized protein,,15298,Micromonospora echinospora (Micromonospora purpurea)
GA0070618_0134,A0A1C4U9P3,"Peptidoglycan/LPS O-acetylase OafA/YrhL, contains acyltransferase and SGNH-hydrolase domains",,46898,Micromonospora echinospora (Micromonospora purpurea)
GA0070618_0135,A0A1C4U9K1,DNA-N1-methyladenine dioxygenase,,23064,Micromonospora echinospora (Micromonospora purpurea)
GA0070618_0136,A0A1C4U9Q9,Uracil-xanthine permease,,45463,Micromonospora echinospora (Micromonospora purpurea)
GA0070618_0137,A0A1C4U9T3,DNA topoisomerase (ATP-hydrolyzing) (EC 5.6.2.2),5.6.2.2,89294,Micromonospora echinospora (Micromonospora purpurea)
GA0070618_0138,A0A1C4U9X3,DNA topoisomerase (ATP-hydrolyzing) (EC 5.6.2.2),5.6.2.2,75085,Micromonospora echinospora (Micromonospora purpurea)
GA0070618_0139,A0A1C4U9Q0,GDSL-like Lipase/Acylhydrolase family protein,,43759,Micromonospora echinospora (Micromonospora purpurea)
GA0070618_0140,A0A1C4U9X2,"Transcriptional regulator, BadM/Rrf2 family",,15209,Micromonospora echinospora (Micromonospora purpurea)
GA0070618_0142,A0A1C4U9S9,Glycosyltransferase involved in cell wall bisynthesis,,42954,Micromonospora echinospora (Micromonospora purpurea)
GA0070618_0143,A0A1C4U9U1,Uncharacterized protein,,22211,Micromonospora echinospora (Micromonospora purpurea)
GA0070618_0144,A0A1C4U9W2,Uncharacterized protein,,8235,Micromonospora echinospora (Micromonospora purpurea)
GA0070618_0145,A0A1C4UA65,Uncharacterized protein,,13204,Micromonospora echinospora (Micromonospora purpurea)
GA0070618_0146,A0A1C4UA44,"Uncharacterized conserved protein YecE, DUF72 family",,33917,Micromonospora echinospora (Micromonospora purpurea)
GA0070618_0147,A0A1C4UA22,Damage-inducible protein DinB,,18555,Micromonospora echinospora (Micromonospora purpurea)
GA0070618_0148,A0A1C4UA18,Uncharacterized protein,,9369,Micromonospora echinospora (Micromonospora purpurea)
GA0070618_0149,A0A1C4UA80,Uncharacterized protein,,33308,Micromonospora echinospora (Micromonospora purpurea)
GA0070618_0150,A0A1C4UAA0,FAR-17a/AIG1-like protein,,25216,Micromonospora echinospora (Micromonospora purpurea)
GA0070618_0151,A0A1C4UA57,"Glycogen debranching enzyme (Alpha-1,6-glucosidase)",,76926,Micromonospora echinospora (Micromonospora purpurea)
GA0070618_0152,A0A1C4UA75,SCP-2 sterol transfer family protein,,14761,Micromonospora echinospora (Micromonospora purpurea)
GA0070618_0153,A0A1C4UAE4,alcohol dehydrogenase (EC 1.1.1.1),1.1.1.1,35915,Micromonospora echinospora (Micromonospora purpurea)
GA0070618_0154,A0A1C4UAD8,2'-5' RNA ligase superfamily protein,,18706,Micromonospora echinospora (Micromonospora purpurea)
GA0070618_0155,A0A1C4UAB6,"PemK-like, MazF-like toxin of type II toxin-antitoxin system",,18239,Micromonospora echinospora (Micromonospora purpurea)
GA0070618_0156,A0A1C4UAD2,Rhodopirellula transposase DDE domain-containing protein,,38196,Micromonospora echinospora (Micromonospora purpurea)
GA0070618_0157,A0A1C4UAF6,Enterobactin synthetase component F,,141905,Micromonospora echinospora (Micromonospora purpurea)
GA0070618_0158,A0A1C4UAF4,Fatty acid desaturase,,35471,Micromonospora echinospora (Micromonospora purpurea)
GA0070618_0159,A0A1C4UAM3,"Predicted N-acyltransferase, GNAT family",,23676,Micromonospora echinospora (Micromonospora purpurea)
GA0070618_0160,A0A1C4UAR3,Putrescine aminotransferase,,62024,Micromonospora echinospora (Micromonospora purpurea)
GA0070618_0161,A0A1C4UAK1,Long-chain acyl-CoA synthetase (AMP-forming),,53733,Micromonospora echinospora (Micromonospora purpurea)
GA0070618_0162,A0A1C4UAK4,Amidohydrolase-related domain-containing protein,,34303,Micromonospora echinospora (Micromonospora purpurea)
GA0070618_0163,A0A1C4UAR0,Phosphopantetheine attachment site,,9372,Micromonospora echinospora (Micromonospora purpurea)
GA0070618_0164,A0A1C4UAT3,Amidohydrolase-related domain-containing protein,,33906,Micromonospora echinospora (Micromonospora purpurea)
GA0070618_0165,A0A1C4UAQ0,Phenylalanine 4-hydroxylase,,32914,Micromonospora echinospora (Micromonospora purpurea)
GA0070618_0166,A0A1C4UAZ0,Cytochrome P450,,46450,Micromonospora echinospora (Micromonospora purpurea)
GA0070618_0167,A0A1C4UAV5,O-methyltransferase,,37409,Micromonospora echinospora (Micromonospora purpurea)
GA0070618_0168,A0A1C4UAY9,Amino acid adenylation domain-containing protein,,113237,Micromonospora echinospora (Micromonospora purpurea)
GA0070618_0169,A0A1C4UAY5,Thioesterase domain-containing protein,,30920,Micromonospora echinospora (Micromonospora purpurea)
GA0070618_0170,A0A1C4UB15,"MFS transporter, DHA1 family, L-arabinose/isopropyl-beta-D-thiogalactopyranoside export protein",,41084,Micromonospora echinospora (Micromonospora purpurea)
GA0070618_0171,A0A1C4UAX5,Protein-tyrosine phosphatase,,16090,Micromonospora echinospora (Micromonospora purpurea)
GA0070618_0172,A0A1C4UB34,Uncharacterized protein,,41112,Micromonospora echinospora (Micromonospora purpurea)
GA0070618_0173,A0A1C4UB76,Uncharacterized protein,,4782,Micromonospora echinospora (Micromonospora purpurea)
GA0070618_0174,A0A1C4UB60,DoxX-like family protein,,12946,Micromonospora echinospora (Micromonospora purpurea)
GA0070618_0175,A0A1C4UB77,DUF2087 domain-containing protein,,20703,Micromonospora echinospora (Micromonospora purpurea)
GA0070618_0176,A0A1C4UB73,"Uncharacterized conserved protein, DUF952 family",,13155,Micromonospora echinospora (Micromonospora purpurea)
GA0070618_0177,A0A1C4UBB0,Uncharacterized protein,,16590,Micromonospora echinospora (Micromonospora purpurea)
GA0070618_0178,A0A1C4UB70,Subtilisin inhibitor-like,,15963,Micromonospora echinospora (Micromonospora purpurea)
GA0070618_0179,A0A1C4UB95,"Drug resistance transporter, EmrB/QacA subfamily",,50619,Micromonospora echinospora (Micromonospora purpurea)
GA0070618_0180,A0A1C4UB93,"NADPH-dependent ferric siderophore reductase, contains FAD-binding and SIP domains",,26106,Micromonospora echinospora (Micromonospora purpurea)
GA0070618_0181,A0A1C4UBE8,Lysine N-acyltransferase MbtK (Mycobactin synthase protein K),,21047,Micromonospora echinospora (Micromonospora purpurea)
GA0070618_0182,A0A1C4UBD2,DUF4838 domain-containing protein,,57908,Micromonospora echinospora (Micromonospora purpurea)
GA0070618_0183,A0A1C4UBI1,YCII-related domain-containing protein,,10592,Micromonospora echinospora (Micromonospora purpurea)
GA0070618_0184,A0A1C4UBJ1,Transcriptional regulator,,47974,Micromonospora echinospora (Micromonospora purpurea)
GA0070618_0185,A0A1C4UBK7,"NAD(P)-dependent dehydrogenase, short-chain alcohol dehydrogenase family",,27315,Micromonospora echinospora (Micromonospora purpurea)
GA0070618_0186,A0A1C4UBP5,Pyruvate dehydrogenase E1 component subunit beta (EC 1.2.4.1),1.2.4.1,34605,Micromonospora echinospora (Micromonospora purpurea)
GA0070618_0187,A0A1C4UBP0,Pyruvate dehydrogenase E1 component alpha subunit,,32654,Micromonospora echinospora (Micromonospora purpurea)
GA0070618_0188,A0A1C4UBK5,Galactonate dehydratase,,40105,Micromonospora echinospora (Micromonospora purpurea)
GA0070618_0189,A0A1C4UBP8,L-rhamnose mutarotase,,14612,Micromonospora echinospora (Micromonospora purpurea)
GA0070618_0190,A0A1C4UBU6,"Carbohydrate ABC transporter membrane protein 2, CUT1 family (TC 3.A.1.1.-)",,29853,Micromonospora echinospora (Micromonospora purpurea)
GA0070618_0191,A0A1C4UBT8,Multiple sugar transport system permease protein,,34766,Micromonospora echinospora (Micromonospora purpurea)
GA0070618_0192,A0A1C4UBT5,Multiple sugar transport system substrate-binding protein,,46507,Micromonospora echinospora (Micromonospora purpurea)
GA0070618_0193,A0A1C4UBV5,Predicted dehydrogenase,,35390,Micromonospora echinospora (Micromonospora purpurea)
GA0070618_0194,A0A1C4UBX2,Amidohydrolase,,43257,Micromonospora echinospora (Micromonospora purpurea)
GA0070618_0195,A0A1C4UBU3,L-fuconolactonase,,29117,Micromonospora echinospora (Micromonospora purpurea)
GA0070618_0196,A0A1C4UC00,FG-GAP repeat protein,,50390,Micromonospora echinospora (Micromonospora purpurea)
GA0070618_0197,A0A1C4UC28,"Uncharacterized conserved protein, DUF1501 family",,43966,Micromonospora echinospora (Micromonospora purpurea)
GA0070618_0198,A0A1C4UC22,"Uncharacterized conserved protein, DUF1800 family",,46860,Micromonospora echinospora (Micromonospora purpurea)
GA0070618_0199,A0A1C4UBY9,"Protein N-acetyltransferase, RimJ/RimL family",,18675,Micromonospora echinospora (Micromonospora purpurea)
GA0070618_0200,A0A1C4UC62,Uncharacterized protein,,20886,Micromonospora echinospora (Micromonospora purpurea)
GA0070618_0201,A0A1C4UC30,Methyltransferase,,57215,Micromonospora echinospora (Micromonospora purpurea)
GA0070618_0202,A0A1C4UC94,2-desacetyl-2-hydroxyethyl bacteriochlorophyllide A dehydrogenase,,37949,Micromonospora echinospora (Micromonospora purpurea)
GA0070618_0203,A0A1C4UCA3,"Transcriptional regulator, GntR family",,25615,Micromonospora echinospora (Micromonospora purpurea)
GA0070618_0204,A0A1C4UCB6,5-dehydro-2-deoxygluconokinase,,32500,Micromonospora echinospora (Micromonospora purpurea)
GA0070618_0205,A0A1C4UCA5,Threonine dehydrogenase,,35199,Micromonospora echinospora (Micromonospora purpurea)
GA0070618_0206,A0A1C4UCE5,Multiple sugar transport system permease protein,,29791,Micromonospora echinospora (Micromonospora purpurea)
GA0070618_0207,A0A1C4UCG5,"Carbohydrate ABC transporter membrane protein 1, CUT1 family",,34293,Micromonospora echinospora (Micromonospora purpurea)
GA0070618_0208,A0A1C4UCH1,"Carbohydrate ABC transporter substrate-binding protein, CUT1 family",,45993,Micromonospora echinospora (Micromonospora purpurea)
GA0070618_0209,A0A1C4UCI9,6-phosphofructokinase 1,,38808,Micromonospora echinospora (Micromonospora purpurea)
GA0070618_0210,A0A1C4UCH7,Succinate-semialdehyde dehydrogenase / glutarate-semialdehyde dehydrogenase,,49854,Micromonospora echinospora (Micromonospora purpurea)
GA0070618_0211,A0A1C4UCG3,L-alanine-DL-glutamate epimerase,,43349,Micromonospora echinospora (Micromonospora purpurea)
GA0070618_0212,A0A1C4UCI2,"Transcriptional regulator, DeoR family",,27359,Micromonospora echinospora (Micromonospora purpurea)
GA0070618_0213,A0A1C4UCM3,Sulfofructosephosphate aldolase,,30536,Micromonospora echinospora (Micromonospora purpurea)
GA0070618_0214,A0A1C4UCV1,Probable membrane transporter protein,,24463,Micromonospora echinospora (Micromonospora purpurea)
GA0070618_0215,A0A1C4UCT7,Putative membrane protein,,13735,Micromonospora echinospora (Micromonospora purpurea)
GA0070618_0216,A0A1C4UCS7,DUF202 domain-containing protein,,9323,Micromonospora echinospora (Micromonospora purpurea)
GA0070618_0217,A0A1C4UCT5,GAF domain-containing protein,,42777,Micromonospora echinospora (Micromonospora purpurea)
GA0070618_0218,A0A1C4UCW5,Peptidase family M23,,23313,Micromonospora echinospora (Micromonospora purpurea)
GA0070618_0219,A0A1C4UD22,Uncharacterized protein,,6685,Micromonospora echinospora (Micromonospora purpurea)
GA0070618_0220,A0A1C4UD31,Uncharacterized protein,,26843,Micromonospora echinospora (Micromonospora purpurea)
GA0070618_0221,A0A1C4UD37,"CubicO group peptidase, beta-lactamase class C family",,42431,Micromonospora echinospora (Micromonospora purpurea)
GA0070618_0222,A0A1C4UD56,Glyoxalase-like domain-containing protein,,13829,Micromonospora echinospora (Micromonospora purpurea)
GA0070618_0223,A0A1C4UD67,Dihydrofolate reductase,,21001,Micromonospora echinospora (Micromonospora purpurea)
GA0070618_0225,A0A1C4UD53,Uncharacterized protein,,17386,Micromonospora echinospora (Micromonospora purpurea)
GA0070618_0226,A0A1C4UD52,"Transcriptional regulator, contains XRE-family HTH domain",,43003,Micromonospora echinospora (Micromonospora purpurea)
GA0070618_0227,A0A1C4UDB0,Uncharacterized protein,,8315,Micromonospora echinospora (Micromonospora purpurea)
GA0070618_0228,A0A1C4UDA8,Helix-turn-helix domain-containing protein,,44531,Micromonospora echinospora (Micromonospora purpurea)
GA0070618_0229,A0A1C4UDE0,"Protein N-acetyltransferase, RimJ/RimL family",,19537,Micromonospora echinospora (Micromonospora purpurea)
GA0070618_0230,A0A1C4UDE4,Uncharacterized protein,,12686,Micromonospora echinospora (Micromonospora purpurea)
GA0070618_0232,A0A1C4UDE8,TIGR02611 family protein,,20412,Micromonospora echinospora (Micromonospora purpurea)
GA0070618_0233,A0A1C4UDE2,"Streptomyces sporulation and cell division protein, SsgA",,15587,Micromonospora echinospora (Micromonospora purpurea)
GA0070618_0234,A0A1C4UDK1,"NAD(P)-dependent dehydrogenase, short-chain alcohol dehydrogenase family",,26699,Micromonospora echinospora (Micromonospora purpurea)
GA0070618_0235,A0A1C4UDM0,"Transcriptional regulator, AraC family",,32126,Micromonospora echinospora (Micromonospora purpurea)
GA0070618_0236,A0A1C4UDJ8,"Transcriptional regulator, BadM/Rrf2 family",,16207,Micromonospora echinospora (Micromonospora purpurea)
GA0070618_0237,A0A1C4UDJ2,Uncharacterized protein,,8965,Micromonospora echinospora (Micromonospora purpurea)
GA0070618_0238,A0A1C4UDQ1,Ion channel,,20293,Micromonospora echinospora (Micromonospora purpurea)
GA0070618_0239,A0A1C4UDR3,Uncharacterized protein,,32891,Micromonospora echinospora (Micromonospora purpurea)
GA0070618_0240,A0A1C4UDN5,Uncharacterized protein,,6227,Micromonospora echinospora (Micromonospora purpurea)
GA0070618_0241,A0A1C4UDS4,Glyoxalase/Bleomycin resistance protein/Dioxygenase superfamily protein,,18485,Micromonospora echinospora (Micromonospora purpurea)
GA0070618_0242,A0A1C4UDQ6,"Transcriptional regulator, MarR family",,17210,Micromonospora echinospora (Micromonospora purpurea)
GA0070618_0243,A0A1C4UDX4,Tetratricopeptide repeat-containing protein,,70328,Micromonospora echinospora (Micromonospora purpurea)
GA0070618_0244,A0A1C4UDT3,histidine kinase (EC 2.7.13.3),2.7.13.3,51663,Micromonospora echinospora (Micromonospora purpurea)
GA0070618_0245,A0A1C4UDX7,"DNA-binding response regulator, OmpR family, contains REC and winged-helix (WHTH) domain",,24022,Micromonospora echinospora (Micromonospora purpurea)
GA0070618_0246,A0A1C4UE02,Outer membrane lipoprotein-sorting protein,,39696,Micromonospora echinospora (Micromonospora purpurea)
GA0070618_0247,A0A1C4UE37,DNA helicase IV,,84891,Micromonospora echinospora (Micromonospora purpurea)
GA0070618_0248,A0A1C4UE29,Uncharacterized protein,,14929,Micromonospora echinospora (Micromonospora purpurea)
GA0070618_0249,A0A1C4UE58,Glycerophosphoryl diester phosphodiesterase,,74384,Micromonospora echinospora (Micromonospora purpurea)
GA0070618_0250,A0A1C4UE55,Uncharacterized protein,,14474,Micromonospora echinospora (Micromonospora purpurea)
GA0070618_0251,A0A1C4UE40,Sporulation-control protein,,34994,Micromonospora echinospora (Micromonospora purpurea)
GA0070618_0252,A0A1C4UE94,Endoglucanase (EC 3.2.1.4),3.2.1.4,48408,Micromonospora echinospora (Micromonospora purpurea)
GA0070618_0253,A0A1C4UEC4,"F420-dependent oxidoreductase, G6PDH family",,35297,Micromonospora echinospora (Micromonospora purpurea)
GA0070618_0254,A0A1C4UEC2,"Lysophospholipase, alpha-beta hydrolase superfamily",,32099,Micromonospora echinospora (Micromonospora purpurea)
GA0070618_0255,A0A1C4UEB2,Uncharacterized protein,,4098,Micromonospora echinospora (Micromonospora purpurea)
GA0070618_0256,A0A1C4UEC1,Caspase domain-containing protein,,31169,Micromonospora echinospora (Micromonospora purpurea)
GA0070618_0257,A0A1C5A4Y1,Transposase,,38095,Micromonospora echinospora (Micromonospora purpurea)
GA0070618_0258,A0A1C4UEG8,Exonuclease III,,29328,Micromonospora echinospora (Micromonospora purpurea)
GA0070618_0259,A0A1C4UEI9,Undecaprenyl-diphosphatase,,54305,Micromonospora echinospora (Micromonospora purpurea)
GA0070618_0260,A0A1C4UEI1,YihY family inner membrane protein,,36262,Micromonospora echinospora (Micromonospora purpurea)
GA0070618_0261,A0A1C4UEJ4,Diacylglycerol kinase family enzyme,,38135,Micromonospora echinospora (Micromonospora purpurea)
GA0070618_0262,A0A1C4UEK9,"Clp amino terminal domain-containing protein, pathogenicity island component",,20670,Micromonospora echinospora (Micromonospora purpurea)
GA0070618_0263,A0A1C4UEP0,HTH domain,,8565,Micromonospora echinospora (Micromonospora purpurea)
GA0070618_0264,A0A1C4UEQ3,2-polyprenyl-6-methoxyphenol hydroxylase,,53327,Micromonospora echinospora (Micromonospora purpurea)
GA0070618_0265,A0A1C4UEQ4,"Transcriptional regulator, TetR family",,22788,Micromonospora echinospora (Micromonospora purpurea)
GA0070618_0266,A0A1C4UET1,Beta-xylanase (EC 3.2.1.8),3.2.1.8,71654,Micromonospora echinospora (Micromonospora purpurea)
GA0070618_0267,A0A1C4UER4,"Nucleotide-binding universal stress protein, UspA family",,28417,Micromonospora echinospora (Micromonospora purpurea)
GA0070618_0268,A0A1C4UEY1,Probable phosphoketolase (EC 4.1.2.-),4.1.2.-,88634,Micromonospora echinospora (Micromonospora purpurea)
GA0070618_0269,A0A1C4UEX9,"Nucleotide-binding universal stress protein, UspA family",,29963,Micromonospora echinospora (Micromonospora purpurea)
GA0070618_0270,A0A1C4UEZ2,Heavy metal-(Cd/Co/Hg/Pb/Zn)-translocating P-type ATPase,,67093,Micromonospora echinospora (Micromonospora purpurea)
GA0070618_0271,A0A1C4UF41,Nitroreductase,,35490,Micromonospora echinospora (Micromonospora purpurea)
GA0070618_0272,A0A1C4UF03,Histidine kinase-like ATPase domain-containing protein,,60697,Micromonospora echinospora (Micromonospora purpurea)
GA0070618_0273,A0A1C4UF15,"Two component transcriptional regulator, LuxR family",,22766,Micromonospora echinospora (Micromonospora purpurea)
GA0070618_0274,A0A1C4UF79,Nitroreductase family,,35462,Micromonospora echinospora (Micromonospora purpurea)
GA0070618_0277,A0A1C4UF90,Uncharacterized protein,,73995,Micromonospora echinospora (Micromonospora purpurea)
GA0070618_0278,A0A1C4UFC2,Molecular chaperone DnaJ,,13762,Micromonospora echinospora (Micromonospora purpurea)
GA0070618_0282,A0A1C4UFC4,"Transcriptional regulator, TetR family",,22889,Micromonospora echinospora (Micromonospora purpurea)
GA0070618_0283,A0A1C4UFA9,TIGR03086 family protein,,20898,Micromonospora echinospora (Micromonospora purpurea)
GA0070618_0284,A0A1C4UFI8,Alkane 1-monooxygenase,,44316,Micromonospora echinospora (Micromonospora purpurea)
GA0070618_0285,A0A1C4UFF8,Predicted nicotinamide N-methyase,,23829,Micromonospora echinospora (Micromonospora purpurea)
GA0070618_0286,A0A1C4UFG6,Cytochrome P450,,42498,Micromonospora echinospora (Micromonospora purpurea)
GA0070618_0287,A0A1C4UFG2,Alpha/beta hydrolase family protein,,39240,Micromonospora echinospora (Micromonospora purpurea)
GA0070618_0288,A0A1C4UFI2,"Two component transcriptional regulator, LuxR family",,23111,Micromonospora echinospora (Micromonospora purpurea)
GA0070618_0289,A0A1C4UFM7,Signal transduction histidine kinase,,56010,Micromonospora echinospora (Micromonospora purpurea)
GA0070618_0290,A0A1C4UFM6,ATP-dependent dethiobiotin synthetase BioD (EC 6.3.3.3) (DTB synthetase) (DTBS) (Dethiobiotin synthase),6.3.3.3,24587,Micromonospora echinospora (Micromonospora purpurea)
GA0070618_0291,A0A1C4UFU2,8-amino-7-oxononanoate synthase (EC 2.3.1.47) (7-keto-8-amino-pelargonic acid synthase) (8-amino-7-ketopelargonate synthase),2.3.1.47,39759,Micromonospora echinospora (Micromonospora purpurea)
GA0070618_0292,A0A1C4UFM8,Biotin synthase (EC 2.8.1.6),2.8.1.6,35800,Micromonospora echinospora (Micromonospora purpurea)
GA0070618_0293,A0A1C4UFQ9,Uncharacterized protein,,11168,Micromonospora echinospora (Micromonospora purpurea)
GA0070618_0294,A0A1C4UFU0,"Transcriptional regulator, AbiEi antitoxin, Type IV TA system",,35419,Micromonospora echinospora (Micromonospora purpurea)
GA0070618_0295,A0A1C4UFS3,Endoglucanase (EC 3.2.1.4),3.2.1.4,101797,Micromonospora echinospora (Micromonospora purpurea)
GA0070618_0296,A0A1C4UFX2,Acyl-CoA reductase,,55766,Micromonospora echinospora (Micromonospora purpurea)
GA0070618_0297,A0A1C4UG05,VOC domain-containing protein,,14780,Micromonospora echinospora (Micromonospora purpurea)
GA0070618_0298,A0A1C4UG34,L-amino acid N-acyltransferase YncA,,37890,Micromonospora echinospora (Micromonospora purpurea)
GA0070618_0299,A0A1C4UG07,ACT domain-containing protein,,23956,Micromonospora echinospora (Micromonospora purpurea)
GA0070618_0300,A0A1C4UG08,"Predicted kinase, aminoglycoside phosphotransferase (APT) family",,38570,Micromonospora echinospora (Micromonospora purpurea)
GA0070618_0301,A0A1C4UG43,Acyl-CoA dehydrogenase,,44566,Micromonospora echinospora (Micromonospora purpurea)
GA0070618_0302,A0A1C4UG76,"Transcriptional regulator, LacI family",,37122,Micromonospora echinospora (Micromonospora purpurea)
GA0070618_0303,A0A1C4UG45,Beta-glucosidase (EC 3.2.1.21),3.2.1.21,52831,Micromonospora echinospora (Micromonospora purpurea)
GA0070618_0304,A0A1C4UG88,Cellobiose ABC transporter membrane protein,,32946,Micromonospora echinospora (Micromonospora purpurea)
GA0070618_0305,A0A1C4UG80,Cellobiose ABC transporter membrane protein,,36598,Micromonospora echinospora (Micromonospora purpurea)
GA0070618_0306,A0A1C4UG94,Cellobiose-binding protein,,46202,Micromonospora echinospora (Micromonospora purpurea)
GA0070618_0307,A0A1C4UGA8,PRiA4b ORF-3-like protein,,20422,Micromonospora echinospora (Micromonospora purpurea)
GA0070618_0308,A0A1C4UGC7,"Pyrimidine reductase, riboflavin biosynthesis",,26088,Micromonospora echinospora (Micromonospora purpurea)
GA0070618_0309,A0A1C4UGD4,Helicase HerA central domain-containing protein,,63480,Micromonospora echinospora (Micromonospora purpurea)
GA0070618_0310,A0A1C4UGL3,Nuclease SbcCD subunit D,,41544,Micromonospora echinospora (Micromonospora purpurea)
GA0070618_0311,A0A1C4UGF9,Exonuclease SbcC,,87154,Micromonospora echinospora (Micromonospora purpurea)
GA0070618_0312,A0A1C4UGI8,NurA domain-containing protein,,34278,Micromonospora echinospora (Micromonospora purpurea)
GA0070618_0313,A0A1C4UGQ5,Spermine/spermidine synthase,,30469,Micromonospora echinospora (Micromonospora purpurea)
GA0070618_0314,A0A1C4UGI9,3-methyladenine DNA glycosylase/8-oxoguanine DNA glycosylase,,32663,Micromonospora echinospora (Micromonospora purpurea)
GA0070618_0315,A0A1C4UGU0,"Uncharacterized protein, UPF0548 family",,18436,Micromonospora echinospora (Micromonospora purpurea)
GA0070618_0316,A0A1C4UGN3,Uncharacterized protein,,8014,Micromonospora echinospora (Micromonospora purpurea)
GA0070618_0317,A0A1C4UGX4,DNA ligase (ATP) (EC 6.5.1.1),6.5.1.1,44279,Micromonospora echinospora (Micromonospora purpurea)
GA0070618_0318,A0A1C4UGP8,Alpha/beta hydrolase fold,,56250,Micromonospora echinospora (Micromonospora purpurea)
GA0070618_0319,A0A1C4UGU1,Predicted N-acetyltransferase YhbS,,16339,Micromonospora echinospora (Micromonospora purpurea)
GA0070618_0320,A0A1C4UGX3,Uncharacterized protein,,29040,Micromonospora echinospora (Micromonospora purpurea)
GA0070618_0321,A0A1C4UGX1,Ubiquinone/menaquinone biosynthesis C-methylase UbiE,,29548,Micromonospora echinospora (Micromonospora purpurea)
GA0070618_0322,A0A1C4UH43,DNA ligase D,,38022,Micromonospora echinospora (Micromonospora purpurea)
GA0070618_0323,A0A1C4UH00,Peptide-methionine (R)-S-oxide reductase,,15465,Micromonospora echinospora (Micromonospora purpurea)
GA0070618_0324,A0A1C4UH22,Prokaryotic metallothionein,,9250,Micromonospora echinospora (Micromonospora purpurea)
GA0070618_0325,A0A1C4UH17,Lamin Tail Domain,,30689,Micromonospora echinospora (Micromonospora purpurea)
GA0070618_0326,A0A1C4UH44,ElaA protein,,16370,Micromonospora echinospora (Micromonospora purpurea)
GA0070618_0327,A0A1C4UH28,Coproheme decarboxylase (EC 1.3.98.5) (Coproheme III oxidative decarboxylase) (Hydrogen peroxide-dependent heme synthase),1.3.98.5,27023,Micromonospora echinospora (Micromonospora purpurea)
GA0070618_0328,A0A1C4UHE3,Coproporphyrinogen III oxidase (EC 1.3.3.15),1.3.3.15,47430,Micromonospora echinospora (Micromonospora purpurea)
GA0070618_0329,A0A1C4UH59,Uroporphyrinogen decarboxylase (UPD) (URO-D) (EC 4.1.1.37),4.1.1.37,39214,Micromonospora echinospora (Micromonospora purpurea)
GA0070618_0330,A0A1C4UHG9,DUF3000 family protein,,19955,Micromonospora echinospora (Micromonospora purpurea)
GA0070618_0331,A0A1C4UH97,Uncharacterized protein,,29267,Micromonospora echinospora (Micromonospora purpurea)
GA0070618_0332,A0A1C4UHC9,Trypsin-like peptidase domain-containing protein,,37373,Micromonospora echinospora (Micromonospora purpurea)
GA0070618_0333,A0A1C4UHE5,Ribonuclease D,,47609,Micromonospora echinospora (Micromonospora purpurea)
GA0070618_0334,A0A1C4UHG3,Acetyl-CoA acyltransferase,,41931,Micromonospora echinospora (Micromonospora purpurea)
GA0070618_0335,A0A1C4UHH9,3-hydroxyacyl-CoA dehydrogenase,,73261,Micromonospora echinospora (Micromonospora purpurea)
GA0070618_0336,A0A1C4UHI2,Flagellar basal body-associated protein FliL,,24259,Micromonospora echinospora (Micromonospora purpurea)
GA0070618_0337,A0A1C4UHK5,Flagellar basal body-associated protein FliL,,26929,Micromonospora echinospora (Micromonospora purpurea)
GA0070618_0338,A0A1C4UHL4,Glyoxalase-like domain-containing protein,,13911,Micromonospora echinospora (Micromonospora purpurea)
GA0070618_0339,A0A1C4UHN5,histidine kinase (EC 2.7.13.3),2.7.13.3,43582,Micromonospora echinospora (Micromonospora purpurea)
GA0070618_0340,A0A1C4UHP8,"DNA-binding response regulator, OmpR family, contains REC and winged-helix (WHTH) domain",,23936,Micromonospora echinospora (Micromonospora purpurea)
GA0070618_0341,A0A1C4UHN3,Peptidase_C39 like family protein,,45654,Micromonospora echinospora (Micromonospora purpurea)
GA0070618_0342,A0A1C4UHP4,"Outer membrane protein assembly factor BamB, contains PQQ-like beta-propeller repeat",,46105,Micromonospora echinospora (Micromonospora purpurea)
GA0070618_0343,A0A1C4UHR4,Glycosyl transferase,,71777,Micromonospora echinospora (Micromonospora purpurea)
GA0070618_0344,A0A1C4UHV1,6-pyruvoyl-tetrahydropterin synthase related domain membrane protein,,71187,Micromonospora echinospora (Micromonospora purpurea)
GA0070618_0345,A0A1C4UHV5,Lipoprotein,,41844,Micromonospora echinospora (Micromonospora purpurea)
GA0070618_0346,A0A1C4UHW0,GDSL-like Lipase/Acylhydrolase family protein,,36336,Micromonospora echinospora (Micromonospora purpurea)
GA0070618_0347,A0A1C4UI03,1-deoxy-D-xylulose-5-phosphate synthase (EC 2.2.1.7) (1-deoxyxylulose-5-phosphate synthase) (DXP synthase) (DXPS),2.2.1.7,68911,Micromonospora echinospora (Micromonospora purpurea)
GA0070618_0348,A0A1C4UI18,Anhydro-N-acetylmuramic acid kinase (EC 2.7.1.170) (AnhMurNAc kinase),2.7.1.170,42431,Micromonospora echinospora (Micromonospora purpurea)
GA0070618_0349,A0A1C4UI73,23S rRNA m(5)U-1939 methyltransferase,,44978,Micromonospora echinospora (Micromonospora purpurea)
GA0070618_0350,A0A1C4UI23,"Amino acid/polyamine/organocation transporter, APC superfamily",,74720,Micromonospora echinospora (Micromonospora purpurea)
GA0070618_0351,A0A1C4UI22,Trk system potassium uptake protein TrkA,,23740,Micromonospora echinospora (Micromonospora purpurea)
GA0070618_0352,A0A1C4UI40,Trk system potassium uptake protein TrkA,,24686,Micromonospora echinospora (Micromonospora purpurea)
GA0070618_0353,A0A1C4UI66,DUF3159 domain-containing protein,,24392,Micromonospora echinospora (Micromonospora purpurea)
GA0070618_0354,A0A1C4UI92,ATP-dependent DNA helicase RecG,,14269,Micromonospora echinospora (Micromonospora purpurea)
GA0070618_0355,A0A1C4UIB7,DUF3710 domain-containing protein,,23942,Micromonospora echinospora (Micromonospora purpurea)
GA0070618_0356,A0A1C4UIC7,Deoxyuridine 5'-triphosphate nucleotidohydrolase (dUTPase) (EC 3.6.1.23) (dUTP pyrophosphatase),3.6.1.23,18246,Micromonospora echinospora (Micromonospora purpurea)
GA0070618_0357,A0A1C4UID4,DUF3093 family protein,,18866,Micromonospora echinospora (Micromonospora purpurea)
GA0070618_0358,A0A1C4UIB3,EcsC protein family protein,,31380,Micromonospora echinospora (Micromonospora purpurea)
GA0070618_0359,A0A1C4UIG7,DUF4193 domain-containing protein,,11040,Micromonospora echinospora (Micromonospora purpurea)
GA0070618_0360,A0A1C4UIG9,LytR cell envelope-related transcriptional attenuator,,19058,Micromonospora echinospora (Micromonospora purpurea)
GA0070618_0361,A0A1C4UII0,Myo-inositol-1(Or 4)-monophosphatase,,27837,Micromonospora echinospora (Micromonospora purpurea)
GA0070618_0362,A0A1C4UIL2,RNA polymerase sigma factor SigA,,57862,Micromonospora echinospora (Micromonospora purpurea)
GA0070618_0363,A0A1C4UIL1,Uncharacterized protein,,8326,Micromonospora echinospora (Micromonospora purpurea)
GA0070618_0364,A0A1C4UIL5,Superfamily II DNA or RNA helicase,,65084,Micromonospora echinospora (Micromonospora purpurea)
GA0070618_0365,A0A1C4UIK6,Uncharacterized membrane protein YeiH,,22111,Micromonospora echinospora (Micromonospora purpurea)
GA0070618_0366,A0A1C4UIQ0,DUF3039 family protein,,7852,Micromonospora echinospora (Micromonospora purpurea)
GA0070618_0367,A0A1C4UIS3,Pseudouridine-5'-phosphate glycosidase (PsiMP glycosidase) (EC 4.2.1.70),4.2.1.70,32988,Micromonospora echinospora (Micromonospora purpurea)
GA0070618_0368,A0A1C4UIT7,"Sugar or nucleoside kinase, ribokinase family",,29408,Micromonospora echinospora (Micromonospora purpurea)
GA0070618_0369,A0A1C4UIU4,DUF3099 family protein,,13372,Micromonospora echinospora (Micromonospora purpurea)
GA0070618_0370,A0A1C4UIX6,Uncharacterized HhH-GPD family protein,,21089,Micromonospora echinospora (Micromonospora purpurea)
GA0070618_0371,A0A1C4UIT0,Methyltransferase small domain-containing protein,,51796,Micromonospora echinospora (Micromonospora purpurea)
GA0070618_0372,A0A1C4UIY6,D-aminoacyl-tRNA deacylase (DTD) (EC 3.1.1.96) (Gly-tRNA(Ala) deacylase) (EC 3.1.1.-),3.1.1.-; 3.1.1.96,14865,Micromonospora echinospora (Micromonospora purpurea)
GA0070618_0373,A0A1C4UJ20,Sporulation-control protein,,29524,Micromonospora echinospora (Micromonospora purpurea)
GA0070618_0374,A0A1C4UJ31,RNA polymerase sigma factor,,37813,Micromonospora echinospora (Micromonospora purpurea)
GA0070618_0375,A0A1C4UJ59,Acyl-CoA synthetase (NDP forming),,87982,Micromonospora echinospora (Micromonospora purpurea)
GA0070618_0376,A0A1C4UJ85,Acetoin utilization protein AcuC,,41846,Micromonospora echinospora (Micromonospora purpurea)
GA0070618_0377,A0A1C4UJ74,Thiosulfate/3-mercaptopyruvate sulfurtransferase,,29177,Micromonospora echinospora (Micromonospora purpurea)
GA0070618_0378,A0A1C4UJ89,"Iron (Metal) dependent repressor, DtxR family",,25251,Micromonospora echinospora (Micromonospora purpurea)
GA0070618_0379,A0A1C4UJ51,Uncharacterized protein,,8524,Micromonospora echinospora (Micromonospora purpurea)
GA0070618_0380,A0A1C4UJ83,Cytotoxic translational repressor of toxin-antitoxin stability system,,16183,Micromonospora echinospora (Micromonospora purpurea)
GA0070618_0381,A0A1C4UJ97,"Antitoxin of toxin-antitoxin, RelE / RelB, TA system",,15276,Micromonospora echinospora (Micromonospora purpurea)
GA0070618_0382,A0A1C4UJA8,Vitamin B12-dependent ribonucleotide reductase (EC 1.17.4.1),1.17.4.1,102926,Micromonospora echinospora (Micromonospora purpurea)
GA0070618_0383,A0A1C4UJB6,Transcriptional repressor NrdR,,18564,Micromonospora echinospora (Micromonospora purpurea)
GA0070618_0384,A0A1C4UJC7,LexA repressor (EC 3.4.21.88),3.4.21.88,28735,Micromonospora echinospora (Micromonospora purpurea)
GA0070618_0385,A0A1C4UJH4,Uncharacterized protein,,55584,Micromonospora echinospora (Micromonospora purpurea)
GA0070618_0386,A0A1C4UJI5,GTPase HflX (GTP-binding protein HflX),,52720,Micromonospora echinospora (Micromonospora purpurea)
GA0070618_0387,A0A1C4UJF9,Malate dehydrogenase (Oxaloacetate-decarboxylating),,50914,Micromonospora echinospora (Micromonospora purpurea)
GA0070618_0388,A0A1C4UJK2,Diaminopimelate epimerase (DAP epimerase) (EC 5.1.1.7) (PLP-independent amino acid racemase),5.1.1.7,28208,Micromonospora echinospora (Micromonospora purpurea)
GA0070618_0389,A0A1C4UJL1,tRNA dimethylallyltransferase (EC 2.5.1.75) (Dimethylallyl diphosphate:tRNA dimethylallyltransferase) (DMAPP:tRNA dimethylallyltransferase) (DMATase) (Isopentenyl-diphosphate:tRNA isopentenyltransferase) (IPP transferase) (IPPT) (IPTase),2.5.1.75,32449,Micromonospora echinospora (Micromonospora purpurea)
GA0070618_0390,A0A1C4UJM4,Catalytic LigB subunit of aromatic ring-opening dioxygenase,,24695,Micromonospora echinospora (Micromonospora purpurea)
GA0070618_0391,A0A1C4UJM8,DUF349 domain-containing protein,,44554,Micromonospora echinospora (Micromonospora purpurea)
GA0070618_0392,A0A1C4UJL4,Endoglucanase (EC 3.2.1.4),3.2.1.4,56411,Micromonospora echinospora (Micromonospora purpurea)
GA0070618_0393,A0A1C4UJL9,Pectate lyase,,34292,Micromonospora echinospora (Micromonospora purpurea)
GA0070618_0394,A0A1C4UJL7,tRNA-2-methylthio-N(6)-dimethylallyladenosine synthase (EC 2.8.4.3) ((Dimethylallyl)adenosine tRNA methylthiotransferase MiaB) (tRNA-i(6)A37 methylthiotransferase),2.8.4.3,54215,Micromonospora echinospora (Micromonospora purpurea)
GA0070618_0395,A0A1C4UJP2,DUF2277 domain-containing protein,,8260,Micromonospora echinospora (Micromonospora purpurea)
GA0070618_0396,A0A1C4UJQ0,Uncharacterized protein,,17465,Micromonospora echinospora (Micromonospora purpurea)
GA0070618_0397,A0A1C4UJP8,"Selenide, water dikinase (EC 2.7.9.3) (Selenium donor protein) (Selenophosphate synthase)",2.7.9.3,34001,Micromonospora echinospora (Micromonospora purpurea)
GA0070618_0398,A0A1C4UJR1,"Amino acid ABC transporter ATP-binding protein, PAAT family",,26819,Micromonospora echinospora (Micromonospora purpurea)
GA0070618_0399,A0A1C4UJY5,"Amino acid ABC transporter substrate-binding protein, PAAT family",,32979,Micromonospora echinospora (Micromonospora purpurea)
GA0070618_0400,A0A1C4UJZ0,"Amino acid ABC transporter membrane protein 1, PAAT family",,23573,Micromonospora echinospora (Micromonospora purpurea)
GA0070618_0401,A0A1C4UJU1,"Amino acid ABC transporter membrane protein 2, PAAT family",,31879,Micromonospora echinospora (Micromonospora purpurea)
GA0070618_0402,A0A1C4UJY4,Secreted protein,,10580,Micromonospora echinospora (Micromonospora purpurea)
GA0070618_0403,A0A1C4UJW0,Ribonuclease Y (RNase Y) (EC 3.1.-.-),3.1.-.-,64092,Micromonospora echinospora (Micromonospora purpurea)
GA0070618_0404,A0A1C4UK01,Regulatory protein RecX,,26380,Micromonospora echinospora (Micromonospora purpurea)
GA0070618_0405,A0A1C4UK05,Protein RecA (Recombinase A),,36828,Micromonospora echinospora (Micromonospora purpurea)
GA0070618_0406,A0A1C4UK44,DUF3046 family protein,,7317,Micromonospora echinospora (Micromonospora purpurea)
GA0070618_0407,A0A1C4UK54,Fucose permease,,44079,Micromonospora echinospora (Micromonospora purpurea)
GA0070618_0409,A0A1C4UK82,Type-4 uracil-DNA glycosylase,,25364,Micromonospora echinospora (Micromonospora purpurea)
GA0070618_0410,A0A1C4UKA9,"Transcriptional regulator, GntR family",,46001,Micromonospora echinospora (Micromonospora purpurea)
GA0070618_0411,A0A1C4UKC7,"Nitroimidazol reductase NimA, pyridoxamine 5'-phosphate oxidase superfamily",,45559,Micromonospora echinospora (Micromonospora purpurea)
GA0070618_0412,A0A1C4UK92,Leucine efflux protein,,23675,Micromonospora echinospora (Micromonospora purpurea)
GA0070618_0413,A0A1C4UK31,Sporulation-control protein spo0M,,32221,Micromonospora echinospora (Micromonospora purpurea)
GA0070618_0414,A0A1C4UKA2,"Hemolysin, contains CBS domains",,37552,Micromonospora echinospora (Micromonospora purpurea)
GA0070618_0415,A0A1C4UKE6,"Hemolysin, contains CBS domains",,47126,Micromonospora echinospora (Micromonospora purpurea)
GA0070618_0416,A0A1C4UKF6,"Multisubunit sodium/proton antiporter, MrpG subunit",,11778,Micromonospora echinospora (Micromonospora purpurea)
GA0070618_0417,A0A1C4UKF1,"Multisubunit sodium/proton antiporter, MrpF subunit",,9045,Micromonospora echinospora (Micromonospora purpurea)
GA0070618_0418,A0A1C4UKF9,Multicomponent Na+:H+ antiporter subunit E,,22613,Micromonospora echinospora (Micromonospora purpurea)
GA0070618_0419,A0A1C4UKG5,"Multisubunit sodium/proton antiporter, MrpD subunit",,51851,Micromonospora echinospora (Micromonospora purpurea)
GA0070618_0420,A0A1C4UKH4,"Multisubunit sodium/proton antiporter, MrpC subunit",,20415,Micromonospora echinospora (Micromonospora purpurea)
GA0070618_0421,A0A1C4UKG3,"Multisubunit sodium/proton antiporter, MrpA subunit /multisubunit sodium/proton antiporter, MrpB subunit",,99102,Micromonospora echinospora (Micromonospora purpurea)
GA0070618_0422,A0A1C4UKE7,Uncharacterized protein,,14994,Micromonospora echinospora (Micromonospora purpurea)
GA0070618_0423,A0A1C4UKL4,"ATP dependent helicase, Lhr family",,162686,Micromonospora echinospora (Micromonospora purpurea)
GA0070618_0424,A0A1C4UKM4,Uncharacterized protein,,22422,Micromonospora echinospora (Micromonospora purpurea)
GA0070618_0425,A0A1C4UKN2,SAM-dependent chlorinase/fluorinase,,26517,Micromonospora echinospora (Micromonospora purpurea)
GA0070618_0426,A0A1C4UKT2,Cysteine-rich CPCC,,8647,Micromonospora echinospora (Micromonospora purpurea)
GA0070618_0427,A0A1C4UKS3,DNA-(apurinic or apyrimidinic site) lyase (EC 4.2.99.18),4.2.99.18,31769,Micromonospora echinospora (Micromonospora purpurea)
GA0070618_0428,A0A1C4UKS7,Multicopper oxidase,,128941,Micromonospora echinospora (Micromonospora purpurea)
GA0070618_0429,A0A1C4UKR6,Uncharacterized protein,,28263,Micromonospora echinospora (Micromonospora purpurea)
GA0070618_0430,A0A1C4UKQ3,Phage shock protein A (PspA) family protein,,31145,Micromonospora echinospora (Micromonospora purpurea)
GA0070618_0431,A0A1C4UKY4,Helix-turn-helix domain-containing protein,,15735,Micromonospora echinospora (Micromonospora purpurea)
GA0070618_0432,A0A1C4UL21,Competence/damage-inducible protein cinA,,18324,Micromonospora echinospora (Micromonospora purpurea)
GA0070618_0433,A0A1C4UL28,CDP-diacylglycerol--glycerol-3-phosphate 1-phosphatidyltransferase (EC 2.7.8.5),2.7.8.5,20977,Micromonospora echinospora (Micromonospora purpurea)
GA0070618_0434,A0A1C4UL03,Ribosomal protein uS12 methylthiotransferase RimO (uS12 MTTase) (uS12 methylthiotransferase) (EC 2.8.4.4) (Ribosomal protein uS12 (aspartate-C(3))-methylthiotransferase) (Ribosome maturation factor RimO),2.8.4.4,56178,Micromonospora echinospora (Micromonospora purpurea)
GA0070618_0435,A0A1C4UL27,Ornithine cyclodeaminase,,31768,Micromonospora echinospora (Micromonospora purpurea)
GA0070618_0436,A0A1C4UL11,Quaternary ammonium compound-resistance protein SugE,,10591,Micromonospora echinospora (Micromonospora purpurea)
GA0070618_0437,A0A1C4UL60,Small integral membrane protein,,8044,Micromonospora echinospora (Micromonospora purpurea)
GA0070618_0438,A0A1C4UL86,LAGLIDADG-like domain-containing protein,,137089,Micromonospora echinospora (Micromonospora purpurea)
GA0070618_0439,A0A1C4UL71,Putative sensory transduction regulator,,16787,Micromonospora echinospora (Micromonospora purpurea)
GA0070618_0440,A0A1C4UL56,Putative sensory transduction regulator,,60934,Micromonospora echinospora (Micromonospora purpurea)
GA0070618_0441,A0A1C4UL68,Ribonuclease J (RNase J) (EC 3.1.-.-),3.1.-.-,60157,Micromonospora echinospora (Micromonospora purpurea)
GA0070618_0442,A0A1C4UL81,4-hydroxy-tetrahydrodipicolinate synthase (HTPA synthase) (EC 4.3.3.7),4.3.3.7,31679,Micromonospora echinospora (Micromonospora purpurea)
GA0070618_0443,A0A1C4UL91,Flavin-dependent thymidylate synthase (FDTS) (EC 2.1.1.148) (FAD-dependent thymidylate synthase) (Thymidylate synthase ThyX) (TS) (TSase),2.1.1.148,27750,Micromonospora echinospora (Micromonospora purpurea)
GA0070618_0444,A0A1C4ULE9,DUF2752 domain-containing protein,,17086,Micromonospora echinospora (Micromonospora purpurea)
GA0070618_0445,A0A1C4ULG2,Winged helix-turn-helix domain-containing protein,,45190,Micromonospora echinospora (Micromonospora purpurea)
GA0070618_0446,A0A1C4ULE8,L-amino acid N-acyltransferase YncA,,19905,Micromonospora echinospora (Micromonospora purpurea)
GA0070618_0447,A0A1C4ULI0,"Alpha-1,2-mannosyltransferase",,46799,Micromonospora echinospora (Micromonospora purpurea)
GA0070618_0448,A0A1C4ULG1,Acetyltransferase (GNAT) family protein,,21033,Micromonospora echinospora (Micromonospora purpurea)
GA0070618_0449,A0A1C4ULI9,Glyoxalase-like domain-containing protein,,13648,Micromonospora echinospora (Micromonospora purpurea)
GA0070618_0450,A0A1C4ULJ8,Multiple sugar transport system permease protein,,31712,Micromonospora echinospora (Micromonospora purpurea)
GA0070618_0451,A0A1C4ULH8,Multiple sugar transport system permease protein,,40746,Micromonospora echinospora (Micromonospora purpurea)
GA0070618_0452,A0A1C4ULQ0,"Carbohydrate ABC transporter substrate-binding protein, CUT1 family",,42863,Micromonospora echinospora (Micromonospora purpurea)
GA0070618_0453,A0A1C4ULQ1,"Transcriptional regulator, LacI family",,35964,Micromonospora echinospora (Micromonospora purpurea)
GA0070618_0454,A0A1C4ULP4,"Glycogen debranching enzyme (Alpha-1,6-glucosidase)",,74853,Micromonospora echinospora (Micromonospora purpurea)
GA0070618_0455,A0A1C4ULP2,4-hydroxy-tetrahydrodipicolinate reductase (HTPA reductase) (EC 1.17.1.8),1.17.1.8,27005,Micromonospora echinospora (Micromonospora purpurea)
GA0070618_0456,A0A1C4ULN9,Predicted Zn-dependent peptidase,,50213,Micromonospora echinospora (Micromonospora purpurea)
GA0070618_0457,A0A1C4ULV5,Polyribonucleotide nucleotidyltransferase (EC 2.7.7.8) (Polynucleotide phosphorylase) (PNPase),2.7.7.8,84452,Micromonospora echinospora (Micromonospora purpurea)
GA0070618_0459,A0A1C4ULT2,Small ribosomal subunit protein uS15,,10364,Micromonospora echinospora (Micromonospora purpurea)
GA0070618_0460,A0A1C4UM00,Riboflavin biosynthesis protein [Includes: Riboflavin kinase (EC 2.7.1.26) (Flavokinase); FMN adenylyltransferase (EC 2.7.7.2) (FAD pyrophosphorylase) (FAD synthase)],2.7.1.26; 2.7.7.2,33233,Micromonospora echinospora (Micromonospora purpurea)
GA0070618_0461,A0A1C4ULT9,tRNA pseudouridine synthase B (EC 5.4.99.25) (tRNA pseudouridine(55) synthase) (Psi55 synthase) (tRNA pseudouridylate synthase) (tRNA-uridine isomerase),5.4.99.25,30419,Micromonospora echinospora (Micromonospora purpurea)
GA0070618_0462,A0A1C4ULT0,Uncharacterized protein,,12221,Micromonospora echinospora (Micromonospora purpurea)
GA0070618_0463,A0A1C4ULZ7,"Putative efflux protein, MATE family",,44588,Micromonospora echinospora (Micromonospora purpurea)
GA0070618_0464,A0A1C4ULX8,Uncharacterized protein,,5029,Micromonospora echinospora (Micromonospora purpurea)
GA0070618_0465,A0A1C4ULY6,Uncharacterized protein,,7987,Micromonospora echinospora (Micromonospora purpurea)
GA0070618_0466,A0A1C4UM67,Uncharacterized protein,,14797,Micromonospora echinospora (Micromonospora purpurea)
GA0070618_0467,A0A1C4UM28,Phosphoesterase RecJ domain-containing protein,,37861,Micromonospora echinospora (Micromonospora purpurea)
GA0070618_0468,A0A1C4UM33,Ribosome-binding factor A,,17417,Micromonospora echinospora (Micromonospora purpurea)
GA0070618_0469,A0A1C4UM68,DUF503 domain-containing protein,,11510,Micromonospora echinospora (Micromonospora purpurea)
GA0070618_0470,A0A1C4UMA4,Translation initiation factor IF-2,,102429,Micromonospora echinospora (Micromonospora purpurea)
GA0070618_0471,A0A1C4UM36,YlxR domain-containing protein,,11731,Micromonospora echinospora (Micromonospora purpurea)
GA0070618_0472,A0A1C4UMB0,Transcription termination/antitermination protein NusA,,37441,Micromonospora echinospora (Micromonospora purpurea)
GA0070618_0473,A0A1C4UME7,Ribosome maturation factor RimP,,24143,Micromonospora echinospora (Micromonospora purpurea)
GA0070618_0474,A0A1C4UMG4,DUF4439 domain-containing protein,,13278,Micromonospora echinospora (Micromonospora purpurea)
GA0070618_0475,A0A1C4UMB7,DUF4439 domain-containing protein,,15012,Micromonospora echinospora (Micromonospora purpurea)
GA0070618_0476,A0A1C4UMD1,"Deazaflavin-dependent oxidoreductase, nitroreductase family",,19381,Micromonospora echinospora (Micromonospora purpurea)
GA0070618_0477,A0A1C4UMB8,Nucleotidyltransferase domain-containing protein,,25510,Micromonospora echinospora (Micromonospora purpurea)
GA0070618_0478,A0A1C4UMF9,"Predicted Fe2+/Mn2+ transporter, VIT1/CCC1 family",,24727,Micromonospora echinospora (Micromonospora purpurea)
GA0070618_0479,A0A1C4UMG7,Methionine aminopeptidase (MAP) (MetAP) (EC 3.4.11.18) (Peptidase M),3.4.11.18,31722,Micromonospora echinospora (Micromonospora purpurea)
GA0070618_0480,A0A1C4UMF4,Anti-anti-sigma factor,,13178,Micromonospora echinospora (Micromonospora purpurea)
GA0070618_0481,A0A1C4UMK0,histidine kinase (EC 2.7.13.3),2.7.13.3,130320,Micromonospora echinospora (Micromonospora purpurea)
GA0070618_0482,A0A1C4UMH7,Pyridoxamine 5'-phosphate oxidase,,20328,Micromonospora echinospora (Micromonospora purpurea)
GA0070618_0483,A0A1C4UMN6,Diguanylate cyclase/phosphodiesterase with PAS/PAC sensor(S),,77913,Micromonospora echinospora (Micromonospora purpurea)
GA0070618_0484,A0A1C4UMU3,S-adenosyl methyltransferase,,29316,Micromonospora echinospora (Micromonospora purpurea)
GA0070618_0485,A0A1C4UML9,3-oxoadipyl-CoA thiolase (EC 2.3.1.174),2.3.1.174,41648,Micromonospora echinospora (Micromonospora purpurea)
GA0070618_0486,A0A1C4UMR9,DUF998 domain-containing protein,,18492,Micromonospora echinospora (Micromonospora purpurea)
GA0070618_0487,A0A1C4UMX2,Na+/H+-dicarboxylate symporter,,45617,Micromonospora echinospora (Micromonospora purpurea)
GA0070618_0488,A0A1C4UMX7,"2,4-dienoyl-CoA reductase",,37273,Micromonospora echinospora (Micromonospora purpurea)
GA0070618_0489,A0A1C4UN17,"ABC-type multidrug transport system, ATPase and permease component",,124492,Micromonospora echinospora (Micromonospora purpurea)
GA0070618_0490,A0A1C4UMZ3,N-acetyltransferase domain-containing protein,,30647,Micromonospora echinospora (Micromonospora purpurea)
GA0070618_0491,A0A1C4UMY7,4-hydroxy-3-methylbut-2-en-1-yl diphosphate synthase (flavodoxin) (EC 1.17.7.3) (1-hydroxy-2-methyl-2-(E)-butenyl 4-diphosphate synthase),1.17.7.3,40865,Micromonospora echinospora (Micromonospora purpurea)
GA0070618_0492,A0A1C4UN61,RIP metalloprotease RseP,,44488,Micromonospora echinospora (Micromonospora purpurea)
GA0070618_0493,A0A1C4UN29,1-deoxy-D-xylulose 5-phosphate reductoisomerase (DXP reductoisomerase) (EC 1.1.1.267) (1-deoxyxylulose-5-phosphate reductoisomerase) (2-C-methyl-D-erythritol 4-phosphate synthase),1.1.1.267,44175,Micromonospora echinospora (Micromonospora purpurea)
GA0070618_0494,A0A1C4UN01,Uncharacterized protein,,20263,Micromonospora echinospora (Micromonospora purpurea)
GA0070618_0496,A0A1C4UNA6,"Protein N-acetyltransferase, RimJ/RimL family",,21022,Micromonospora echinospora (Micromonospora purpurea)
GA0070618_0497,A0A1C4UNA3,Membrane protein,,29328,Micromonospora echinospora (Micromonospora purpurea)
GA0070618_0498,A0A1C4UND4,WD40-like Beta Propeller Repeat,,41021,Micromonospora echinospora (Micromonospora purpurea)
GA0070618_0499,A0A1C4UNF6,Putative drug exporter of the RND superfamily,,77243,Micromonospora echinospora (Micromonospora purpurea)
GA0070618_0500,A0A1C4UNC6,"Transcriptional regulator, TetR family",,27657,Micromonospora echinospora (Micromonospora purpurea)
GA0070618_0501,A0A1C4UNH6,Pyridine nucleotide-disulfide oxidoreductase domain-containing protein 2,,55312,Micromonospora echinospora (Micromonospora purpurea)
GA0070618_0502,A0A1C4UNG1,UDP-MurNAc hydroxylase,,59313,Micromonospora echinospora (Micromonospora purpurea)
GA0070618_0503,A0A1C4UNK3,DUF2631 domain-containing protein,,10293,Micromonospora echinospora (Micromonospora purpurea)
GA0070618_0504,A0A1C4UNL2,DivIVA domain-containing protein,,53760,Micromonospora echinospora (Micromonospora purpurea)
GA0070618_0505,A0A1C4UNJ9,Probable dual-specificity RNA methyltransferase RlmN (EC 2.1.1.192) (23S rRNA (adenine(2503)-C(2))-methyltransferase) (23S rRNA m2A2503 methyltransferase) (Ribosomal RNA large subunit methyltransferase N) (tRNA (adenine(37)-C(2))-methyltransferase) (tRNA m2A37 methyltransferase),2.1.1.192,40864,Micromonospora echinospora (Micromonospora purpurea)
GA0070618_0506,A0A1C4UNQ5,Phosphatidate cytidylyltransferase (EC 2.7.7.41),2.7.7.41,45638,Micromonospora echinospora (Micromonospora purpurea)
GA0070618_0507,A0A1C4UNM7,Ribosome-recycling factor (RRF) (Ribosome-releasing factor),,21063,Micromonospora echinospora (Micromonospora purpurea)
GA0070618_0508,A0A1C4UNN0,Uridylate kinase (UK) (EC 2.7.4.22) (Uridine monophosphate kinase) (UMP kinase) (UMPK),2.7.4.22,27163,Micromonospora echinospora (Micromonospora purpurea)
GA0070618_0509,A0A1C4UNT4,Elongation factor Ts (EF-Ts),,29718,Micromonospora echinospora (Micromonospora purpurea)
GA0070618_0510,A0A1C4UNR9,Small ribosomal subunit protein uS2,,31543,Micromonospora echinospora (Micromonospora purpurea)
GA0070618_0511,A0A1C4UNT6,Uncharacterized protein,,46650,Micromonospora echinospora (Micromonospora purpurea)
GA0070618_0512,A0A1C4UNQ6,UPF0102 protein GA0070618_0512,,13019,Micromonospora echinospora (Micromonospora purpurea)
GA0070618_0513,A0A1C4UP05,Magnesium chelatase family protein,,52035,Micromonospora echinospora (Micromonospora purpurea)
GA0070618_0514,A0A1C4UNY4,DNA processing protein,,46645,Micromonospora echinospora (Micromonospora purpurea)
GA0070618_0515,A0A1C4UP17,Uncharacterized protein,,12532,Micromonospora echinospora (Micromonospora purpurea)
GA0070618_0516,A0A1C4UP29,Tyrosine recombinase XerC,,40021,Micromonospora echinospora (Micromonospora purpurea)
GA0070618_0517,A0A1C4UP18,Isopenicillin-N epimerase,,41945,Micromonospora echinospora (Micromonospora purpurea)
GA0070618_0519,A0A1C4UP75,Methyltransferase domain-containing protein,,22637,Micromonospora echinospora (Micromonospora purpurea)
GA0070618_0520,A0A1C4UP72,DUF2469 family protein,,12869,Micromonospora echinospora (Micromonospora purpurea)
GA0070618_0521,A0A1C4UP32,Ribonuclease HII (RNase HII) (EC 3.1.26.4),3.1.26.4,28598,Micromonospora echinospora (Micromonospora purpurea)
GA0070618_0522,A0A1C4UP93,"ADP-ribose pyrophosphatase YjhB, NUDIX family",,17343,Micromonospora echinospora (Micromonospora purpurea)
GA0070618_0523,A0A1C4UP96,Signal peptidase I (EC 3.4.21.89),3.4.21.89,23740,Micromonospora echinospora (Micromonospora purpurea)
GA0070618_0524,A0A1C4UP45,Signal peptidase I (EC 3.4.21.89),3.4.21.89,31797,Micromonospora echinospora (Micromonospora purpurea)
GA0070618_0525,A0A1C4UPD9,Large ribosomal subunit protein bL19,,13509,Micromonospora echinospora (Micromonospora purpurea)
GA0070618_0526,A0A1C4UPD8,tRNA (guanine-N(1)-)-methyltransferase (EC 2.1.1.228) (M1G-methyltransferase) (tRNA [GM37] methyltransferase),2.1.1.228,28098,Micromonospora echinospora (Micromonospora purpurea)
GA0070618_0527,A0A1C4UPH6,Ribosome maturation factor RimM,,19569,Micromonospora echinospora (Micromonospora purpurea)
GA0070618_0528,A0A1C4UPG1,RNA-binding protein KhpA (KH-domain protein A),,9499,Micromonospora echinospora (Micromonospora purpurea)
GA0070618_0529,A0A1C4UPJ3,Small ribosomal subunit protein bS16,,15980,Micromonospora echinospora (Micromonospora purpurea)
GA0070618_0530,A0A1C4UPJ7,"Predicted RNA-binding protein, associated with RNAse of E/G family",,24556,Micromonospora echinospora (Micromonospora purpurea)
GA0070618_0531,A0A1C4UPM7,Proline--tRNA ligase (EC 6.1.1.15) (Prolyl-tRNA synthetase) (ProRS),6.1.1.15,51032,Micromonospora echinospora (Micromonospora purpurea)
GA0070618_0532,A0A1C4UPN1,"Serine phosphatase RsbU, regulator of sigma subunit",,42218,Micromonospora echinospora (Micromonospora purpurea)
GA0070618_0533,A0A1C4UPJ5,"Transcriptional regulator, TetR family",,27332,Micromonospora echinospora (Micromonospora purpurea)
GA0070618_0534,A0A1C4UPQ7,Imidazolonepropionase,,38164,Micromonospora echinospora (Micromonospora purpurea)
GA0070618_0535,A0A1C4UPR0,"Serine protease, subtilisin family",,122945,Micromonospora echinospora (Micromonospora purpurea)
GA0070618_0536,A0A1C4UPW0,"Endonuclease, Uma2 family (Restriction endonuclease fold)",,23096,Micromonospora echinospora (Micromonospora purpurea)
GA0070618_0537,A0A1C4UPT9,Signal recognition particle protein (EC 3.6.5.4) (Fifty-four homolog),3.6.5.4,55111,Micromonospora echinospora (Micromonospora purpurea)
GA0070618_0538,A0A1C4UPR5,[protein-PII] uridylyltransferase,,80989,Micromonospora echinospora (Micromonospora purpurea)
GA0070618_0539,A0A1C4UPS5,Nitrogen regulatory protein P-II family,,12133,Micromonospora echinospora (Micromonospora purpurea)
GA0070618_0540,A0A1C4UPX8,Ammonium transporter,,46999,Micromonospora echinospora (Micromonospora purpurea)
GA0070618_0541,A0A1C4UQ10,Tetratricopeptide repeat protein,,24322,Micromonospora echinospora (Micromonospora purpurea)
GA0070618_0542,A0A1C4UPV8,Phosphotransferase enzyme family protein,,29929,Micromonospora echinospora (Micromonospora purpurea)
GA0070618_0543,A0A1C4UQ64,Signal recognition particle receptor FtsY (SRP receptor) (EC 3.6.5.4),3.6.5.4,41647,Micromonospora echinospora (Micromonospora purpurea)
GA0070618_0544,A0A1C4UQ53,PhoD-like phosphatase,,63685,Micromonospora echinospora (Micromonospora purpurea)
GA0070618_0545,A0A1C4UQ15,"DNA-binding transcriptional regulator, MarR family",,17307,Micromonospora echinospora (Micromonospora purpurea)
GA0070618_0546,A0A1C4UQ85,"Drug resistance transporter, EmrB/QacA subfamily",,56460,Micromonospora echinospora (Micromonospora purpurea)
GA0070618_0547,A0A1C4UQB4,"Nucleotide-binding universal stress protein, UspA family",,17285,Micromonospora echinospora (Micromonospora purpurea)
GA0070618_0548,A0A1C4UQ49,Damage-inducible protein DinB,,19567,Micromonospora echinospora (Micromonospora purpurea)
GA0070618_0549,A0A1C4UQE5,Putative hydrolase of the HAD superfamily,,22163,Micromonospora echinospora (Micromonospora purpurea)
GA0070618_0550,A0A1C4UQD0,Chromosome partition protein Smc,,129671,Micromonospora echinospora (Micromonospora purpurea)
GA0070618_0551,A0A1C4UQ90,Uncharacterized protein,,7090,Micromonospora echinospora (Micromonospora purpurea)
GA0070618_0552,A0A1C4UQD2,"Uncharacterized conserved protein YkwD, contains CAP (CSP/antigen 5/PR1) domain",,37110,Micromonospora echinospora (Micromonospora purpurea)
GA0070618_0553,A0A1C4UQM6,Formamidopyrimidine-DNA glycosylase (Fapy-DNA glycosylase) (EC 3.2.2.23) (DNA-(apurinic or apyrimidinic site) lyase MutM) (AP lyase MutM) (EC 4.2.99.18),3.2.2.23; 4.2.99.18,31395,Micromonospora echinospora (Micromonospora purpurea)
GA0070618_0554,A0A1C4UQJ7,Ribonuclease 3 (EC 3.1.26.3) (Ribonuclease III) (RNase III),3.1.26.3,31205,Micromonospora echinospora (Micromonospora purpurea)
GA0070618_0555,A0A1C4UQR0,Phosphate acyltransferase (EC 2.3.1.274) (Acyl-ACP phosphotransacylase) (Acyl-[acyl-carrier-protein]--phosphate acyltransferase) (Phosphate-acyl-ACP acyltransferase),2.3.1.274,33084,Micromonospora echinospora (Micromonospora purpurea)
GA0070618_0556,A0A1C4UQR3,Large ribosomal subunit protein bL32,,6189,Micromonospora echinospora (Micromonospora purpurea)
GA0070618_0557,A0A1C4UQR8,DUF177 domain-containing protein,,20586,Micromonospora echinospora (Micromonospora purpurea)
GA0070618_0558,A0A1C4UQJ8,Uncharacterized protein,,18463,Micromonospora echinospora (Micromonospora purpurea)
GA0070618_0559,A0A1C4UQV7,Phosphopantetheine adenylyltransferase (EC 2.7.7.3) (Dephospho-CoA pyrophosphorylase) (Pantetheine-phosphate adenylyltransferase) (PPAT),2.7.7.3,17887,Micromonospora echinospora (Micromonospora purpurea)
GA0070618_0560,A0A1C4UQT7,16S rRNA (Guanine(966)-N(2))-methyltransferase RsmD,,19414,Micromonospora echinospora (Micromonospora purpurea)
GA0070618_0561,A0A1C4UQX8,ATP-dependent DNA helicase RecG (EC 3.6.4.12),3.6.4.12,78949,Micromonospora echinospora (Micromonospora purpurea)
GA0070618_0562,A0A1C4UQW3,DhaL domain-containing protein,,54906,Micromonospora echinospora (Micromonospora purpurea)
GA0070618_0563,A0A1C4UQV4,Large ribosomal subunit protein bL28,,6734,Micromonospora echinospora (Micromonospora purpurea)
GA0070618_0564,A0A1C4UR41,Biotin carboxylase,,43686,Micromonospora echinospora (Micromonospora purpurea)
GA0070618_0565,A0A1C4UR23,Acetyltransferase (GNAT) family protein,,18943,Micromonospora echinospora (Micromonospora purpurea)
GA0070618_0566,A0A1C4UR63,CU044_5270 family protein,,35095,Micromonospora echinospora (Micromonospora purpurea)
GA0070618_0567,A0A1C4UQZ5,"RNA polymerase sigma-70 factor, ECF subfamily",,20054,Micromonospora echinospora (Micromonospora purpurea)
GA0070618_0568,A0A1C4UR56,Thiamine-monophosphate kinase (TMP kinase) (Thiamine-phosphate kinase) (EC 2.7.4.16),2.7.4.16,33418,Micromonospora echinospora (Micromonospora purpurea)
GA0070618_0569,A0A1C4UR38,AsnC family protein,,8181,Micromonospora echinospora (Micromonospora purpurea)
GA0070618_0570,A0A1C4URA8,DUF3515 domain-containing protein,,23040,Micromonospora echinospora (Micromonospora purpurea)
GA0070618_0571,A0A1C4URA6,D-alanine--D-alanine ligase (EC 6.3.2.4) (D-Ala-D-Ala ligase) (D-alanylalanine synthetase),6.3.2.4,38671,Micromonospora echinospora (Micromonospora purpurea)
GA0070618_0572,A0A1C4URD6,ATPase family associated with various cellular activities (AAA),,46350,Micromonospora echinospora (Micromonospora purpurea)
GA0070618_0573,A0A1C4URE0,Uncharacterized protein,,9003,Micromonospora echinospora (Micromonospora purpurea)
GA0070618_0574,A0A1C4UR74,Uncharacterized protein,,6312,Micromonospora echinospora (Micromonospora purpurea)
GA0070618_0575,A0A1C4URH3,Helix-turn-helix domain-containing protein,,31541,Micromonospora echinospora (Micromonospora purpurea)
GA0070618_0576,A0A1C4URG2,DUF397 domain-containing protein,,8087,Micromonospora echinospora (Micromonospora purpurea)
GA0070618_0577,A0A1C4URL8,DUF6745 domain-containing protein,,43029,Micromonospora echinospora (Micromonospora purpurea)
GA0070618_0578,A0A1C4URL6,peptide chain release factor N(5)-glutamine methyltransferase (EC 2.1.1.297),2.1.1.297,27614,Micromonospora echinospora (Micromonospora purpurea)
GA0070618_0579,A0A1C4URL2,Cystathionine gamma-lyase,,40327,Micromonospora echinospora (Micromonospora purpurea)
GA0070618_0580,A0A1C4URR0,Glycerol-3-phosphate dehydrogenase [NAD(P)+] (EC 1.1.1.94) (NAD(P)(+)-dependent glycerol-3-phosphate dehydrogenase) (NAD(P)H-dependent dihydroxyacetone-phosphate reductase),1.1.1.94,34948,Micromonospora echinospora (Micromonospora purpurea)
GA0070618_0581,A0A1C4URQ9,1-acyl-sn-glycerol-3-phosphate acyltransferases,,29436,Micromonospora echinospora (Micromonospora purpurea)
GA0070618_0582,A0A1C4URQ7,Phosphoenolpyruvate guanylyltransferase (PEP guanylyltransferase) (EC 2.7.7.105),2.7.7.105,20833,Micromonospora echinospora (Micromonospora purpurea)
GA0070618_0583,A0A1C4URJ5,"Cold shock protein, CspA family",,7009,Micromonospora echinospora (Micromonospora purpurea)
GA0070618_0584,A0A1C4URU3,Polyphosphate kinase (EC 2.7.4.1) (ATP-polyphosphate phosphotransferase) (Polyphosphoric acid kinase),2.7.4.1,87763,Micromonospora echinospora (Micromonospora purpurea)
GA0070618_0585,A0A1C4URU8,CHAD domain-containing protein,,55308,Micromonospora echinospora (Micromonospora purpurea)
GA0070618_0586,A0A1C4URN6,8-oxo-dGTP diphosphatase,,30801,Micromonospora echinospora (Micromonospora purpurea)
GA0070618_0587,A0A1C4URZ4,DNA-binding protein HU-beta,,24124,Micromonospora echinospora (Micromonospora purpurea)
GA0070618_0588,A0A1C4URT4,3-isopropylmalate dehydratase small subunit (EC 4.2.1.33) (Alpha-IPM isomerase) (IPMI) (Isopropylmalate isomerase),4.2.1.33,21903,Micromonospora echinospora (Micromonospora purpurea)
GA0070618_0589,A0A1C4US13,3-isopropylmalate dehydratase large subunit (EC 4.2.1.33) (Alpha-IPM isomerase) (IPMI) (Isopropylmalate isomerase),4.2.1.33,51278,Micromonospora echinospora (Micromonospora purpurea)
GA0070618_0590,A0A1C4URX1,"Transcriptional regulator, IclR family",,24216,Micromonospora echinospora (Micromonospora purpurea)
GA0070618_0594,A0A1C4US64,"2-keto-4-pentenoate hydratase/2-oxohepta-3-ene-1,7-dioic acid hydratase (Catechol pathway)",,28503,Micromonospora echinospora (Micromonospora purpurea)
GA0070618_0595,A0A1C4URZ6,DUF4352 domain-containing protein,,49615,Micromonospora echinospora (Micromonospora purpurea)
GA0070618_0596,A0A1C4US45,3-methyladenine DNA glycosylase,,32450,Micromonospora echinospora (Micromonospora purpurea)
GA0070618_0597,A0A1C4US27,GDSL-like Lipase/Acylhydrolase family protein,,38653,Micromonospora echinospora (Micromonospora purpurea)
GA0070618_0598,A0A1C4US16,"Protein N-acetyltransferase, RimJ/RimL family",,22422,Micromonospora echinospora (Micromonospora purpurea)
GA0070618_0599,A0A1C4US85,Ribosome-associated protein,,15613,Micromonospora echinospora (Micromonospora purpurea)
GA0070618_0600,A0A1C4US40,Trypsin-like peptidase domain-containing protein,,28281,Micromonospora echinospora (Micromonospora purpurea)
GA0070618_0601,A0A1C4US81,Ca-activated chloride channel family protein,,34000,Micromonospora echinospora (Micromonospora purpurea)
GA0070618_0602,A0A1C4USF2,DUF58 domain-containing protein,,37782,Micromonospora echinospora (Micromonospora purpurea)
GA0070618_0603,A0A1C4US84,MoxR-like ATPase,,37601,Micromonospora echinospora (Micromonospora purpurea)
GA0070618_0604,A0A1C4USG9,Uncharacterized protein,,16875,Micromonospora echinospora (Micromonospora purpurea)
GA0070618_0605,A0A1C4USC2,"Uncharacterized conserved protein YafD, endonuclease/exonuclease/phosphatase (EEP) superfamily",,34189,Micromonospora echinospora (Micromonospora purpurea)
GA0070618_0606,A0A1C4USL4,citramalate synthase (EC 2.3.3.21),2.3.3.21,56231,Micromonospora echinospora (Micromonospora purpurea)
GA0070618_0607,A0A1C4USD7,Peroxiredoxin (Alkyl hydroperoxide reductase subunit C),,20582,Micromonospora echinospora (Micromonospora purpurea)
GA0070618_0608,A0A1C4USG1,Alkyl hydroperoxide reductase AhpD (EC 1.11.1.28) (Alkylhydroperoxidase AhpD),1.11.1.28,18419,Micromonospora echinospora (Micromonospora purpurea)
GA0070618_0609,A0A1C4USL2,PRC-barrel domain containing protein,,16310,Micromonospora echinospora (Micromonospora purpurea)
GA0070618_0610,A0A1C4USP3,Protein tyrosine/serine phosphatase,,26548,Micromonospora echinospora (Micromonospora purpurea)
GA0070618_0611,A0A1C4USU3,Branched-chain-amino-acid aminotransferase (EC 2.6.1.42),2.6.1.42,39568,Micromonospora echinospora (Micromonospora purpurea)
GA0070618_0612,A0A1C4USJ8,3-isopropylmalate dehydrogenase,,36081,Micromonospora echinospora (Micromonospora purpurea)
GA0070618_0613,A0A1C4USR0,FAD:protein FMN transferase (EC 2.7.1.180) (Flavin transferase),2.7.1.180,29846,Micromonospora echinospora (Micromonospora purpurea)
GA0070618_0614,A0A1C4USU1,Uncharacterized protein,,14464,Micromonospora echinospora (Micromonospora purpurea)
GA0070618_0615,A0A1C4USZ8,D-3-phosphoglycerate dehydrogenase (EC 1.1.1.95),1.1.1.95,54473,Micromonospora echinospora (Micromonospora purpurea)
GA0070618_0616,A0A1C4USW6,Ketol-acid reductoisomerase (NADP(+)) (KARI) (EC 1.1.1.86) (Acetohydroxy-acid isomeroreductase) (AHIR) (Alpha-keto-beta-hydroxylacyl reductoisomerase),1.1.1.86,36325,Micromonospora echinospora (Micromonospora purpurea)
GA0070618_0617,A0A1C4USU4,Acetolactate synthase small subunit (AHAS) (ALS) (EC 2.2.1.6) (Acetohydroxy-acid synthase small subunit),2.2.1.6,18432,Micromonospora echinospora (Micromonospora purpurea)
GA0070618_0618,A0A1C4UT06,Acetolactate synthase (EC 2.2.1.6),2.2.1.6,65553,Micromonospora echinospora (Micromonospora purpurea)
GA0070618_0619,A0A1C4USW7,Diguanylate cyclase/phosphodiesterase,,86702,Micromonospora echinospora (Micromonospora purpurea)
GA0070618_0620,A0A1C4UT01,Dihydroxy-acid dehydratase (DAD) (EC 4.2.1.9),4.2.1.9,64599,Micromonospora echinospora (Micromonospora purpurea)
GA0070618_0621,A0A1C4UT69,DUF4281 domain-containing protein,,18213,Micromonospora echinospora (Micromonospora purpurea)
GA0070618_0622,A0A1C4UT88,Uncharacterized protein,,33549,Micromonospora echinospora (Micromonospora purpurea)
GA0070618_0623,A0A1C4UT16,"Transcriptional regulator, TetR family",,25975,Micromonospora echinospora (Micromonospora purpurea)
GA0070618_0624,A0A1C4UT60,Amidophosphoribosyltransferase,,20876,Micromonospora echinospora (Micromonospora purpurea)
GA0070618_0625,A0A1C4UTB5,DNA processing protein,,32423,Micromonospora echinospora (Micromonospora purpurea)
GA0070618_0626,A0A1C4UT45,Uncharacterized protein,,72640,Micromonospora echinospora (Micromonospora purpurea)
GA0070618_0627,A0A1C4UTD8,Uncharacterized protein,,9328,Micromonospora echinospora (Micromonospora purpurea)
GA0070618_0628,A0A1C4UT72,DivIVA domain-containing protein,,13250,Micromonospora echinospora (Micromonospora purpurea)
GA0070618_0629,A0A1C4UT93,"Aromatic ring-opening dioxygenase, catalytic subunit, LigB family",,31617,Micromonospora echinospora (Micromonospora purpurea)
GA0070618_0630,A0A1C4UTK2,Helix-turn-helix domain-containing protein,,32493,Micromonospora echinospora (Micromonospora purpurea)
GA0070618_0631,A0A1C4UTN3,DUF397 domain-containing protein,,6804,Micromonospora echinospora (Micromonospora purpurea)
GA0070618_0632,A0A1C4UTG3,"Serine protease, subtilisin family",,41945,Micromonospora echinospora (Micromonospora purpurea)
GA0070618_0633,A0A1C4UTG7,Protein FlhE,,17848,Micromonospora echinospora (Micromonospora purpurea)
GA0070618_0634,A0A1C4UTF8,FAD dependent oxidoreductase,,70541,Micromonospora echinospora (Micromonospora purpurea)
GA0070618_0635,A0A1C4UTM0,beta-mannosidase (EC 3.2.1.25),3.2.1.25,94599,Micromonospora echinospora (Micromonospora purpurea)
GA0070618_0636,A0A1C4UTI9,Cellobiose transport system permease protein,,31726,Micromonospora echinospora (Micromonospora purpurea)
GA0070618_0637,A0A1C4UTL8,Cellobiose transport system permease protein,,37366,Micromonospora echinospora (Micromonospora purpurea)
GA0070618_0638,A0A1C4UTT8,Cellobiose transport system substrate-binding protein,,46375,Micromonospora echinospora (Micromonospora purpurea)
GA0070618_0639,A0A1C4UTQ4,"Transcriptional regulator, LacI family",,36438,Micromonospora echinospora (Micromonospora purpurea)
GA0070618_0640,A0A1C4UTP3,PAS domain S-box-containing protein/diguanylate cyclase (GGDEF) domain-containing protein,,86973,Micromonospora echinospora (Micromonospora purpurea)
GA0070618_0641,A0A1C4UU39,PH domain-containing protein,,14039,Micromonospora echinospora (Micromonospora purpurea)
GA0070618_0642,A0A1C4UU50,Phosphoglycerate dehydrogenase,,32313,Micromonospora echinospora (Micromonospora purpurea)
GA0070618_0643,A0A1C4UU45,4-amino-4-deoxy-L-arabinose transferase-like glycosyltransferase,,58879,Micromonospora echinospora (Micromonospora purpurea)
GA0070618_0644,A0A1C4UU83,"Glucose/arabinose dehydrogenase, beta-propeller fold",,43042,Micromonospora echinospora (Micromonospora purpurea)
GA0070618_0645,A0A1C4UTY4,Calcineurin-like phosphoesterase,,53586,Micromonospora echinospora (Micromonospora purpurea)
GA0070618_0646,A0A1C4UU46,Pyruvate dehydrogenase E1 component (EC 1.2.4.1),1.2.4.1,84828,Micromonospora echinospora (Micromonospora purpurea)
GA0070618_0647,A0A1C4UU15,Aspartyl/glutamyl-tRNA(Asn/Gln) amidotransferase subunit B (Asp/Glu-ADT subunit B) (EC 6.3.5.-),6.3.5.-,53532,Micromonospora echinospora (Micromonospora purpurea)
GA0070618_0648,A0A1C4UU61,Glutamyl-tRNA(Gln) amidotransferase subunit A (Glu-ADT subunit A) (EC 6.3.5.7),6.3.5.7,51193,Micromonospora echinospora (Micromonospora purpurea)
GA0070618_0649,A0A1C4UUF0,Aspartyl/glutamyl-tRNA(Asn/Gln) amidotransferase subunit C (Asp/Glu-ADT subunit C) (EC 6.3.5.-),6.3.5.-,10824,Micromonospora echinospora (Micromonospora purpurea)
GA0070618_0650,A0A1C4UUA5,Diguanylate cyclase/phosphodiesterase,,86392,Micromonospora echinospora (Micromonospora purpurea)
GA0070618_0651,A0A1C4UU78,DNA ligase (EC 6.5.1.2) (Polydeoxyribonucleotide synthase [NAD(+)]),6.5.1.2,76472,Micromonospora echinospora (Micromonospora purpurea)
GA0070618_0652,A0A1C4UUE3,"PemK-like, MazF-like toxin of type II toxin-antitoxin system",,18259,Micromonospora echinospora (Micromonospora purpurea)
GA0070618_0653,A0A1C4UUF7,ADP-ribosylglycohydrolase,,34922,Micromonospora echinospora (Micromonospora purpurea)
GA0070618_0654,A0A1C4UUB6,Glyoxalase-like domain-containing protein,,13402,Micromonospora echinospora (Micromonospora purpurea)
GA0070618_0655,A0A1C4UUL5,"Cobalamin-independent synthase, Catalytic domain",,35012,Micromonospora echinospora (Micromonospora purpurea)
GA0070618_0656,A0A1C4UUG2,tRNA-specific 2-thiouridylase MnmA (EC 2.8.1.13),2.8.1.13,37208,Micromonospora echinospora (Micromonospora purpurea)
GA0070618_0657,A0A1C4UUH2,Cysteine desulfurase,,40260,Micromonospora echinospora (Micromonospora purpurea)
GA0070618_0658,A0A1C4UUR3,Electron transfer flavoprotein alpha subunit apoprotein,,32861,Micromonospora echinospora (Micromonospora purpurea)
GA0070618_0659,A0A1C4UUQ2,Electron transfer flavoprotein subunit beta (Electron transfer flavoprotein small subunit),,27288,Micromonospora echinospora (Micromonospora purpurea)
GA0070618_0660,A0A1C4UUI2,ANTAR domain-containing protein,,14327,Micromonospora echinospora (Micromonospora purpurea)
GA0070618_0661,A0A1C4UUL0,Acetyltransferase (GNAT) domain-containing protein,,29002,Micromonospora echinospora (Micromonospora purpurea)
GA0070618_0662,A0A1C4UUV8,Putative membrane protein,,13517,Micromonospora echinospora (Micromonospora purpurea)
GA0070618_0663,A0A1C4UUM3,DUF202 domain-containing protein,,10113,Micromonospora echinospora (Micromonospora purpurea)
GA0070618_0664,A0A1C4UV02,Phospholipase_D-nuclease N-terminal,,16613,Micromonospora echinospora (Micromonospora purpurea)
GA0070618_0665,A0A1C4UV14,Transport permease protein,,28559,Micromonospora echinospora (Micromonospora purpurea)
GA0070618_0666,A0A1C4UUT0,Oleandomycin transport system ATP-binding protein,,34477,Micromonospora echinospora (Micromonospora purpurea)
GA0070618_0667,A0A1C4UUU6,Acetolactate synthase-1/2/3 large subunit,,56672,Micromonospora echinospora (Micromonospora purpurea)
GA0070618_0668,A0A1C4UV31,Enoyl-CoA hydratase/carnithine racemase,,27370,Micromonospora echinospora (Micromonospora purpurea)
GA0070618_0669,A0A1C4UUZ4,Uncharacterized protein,,17371,Micromonospora echinospora (Micromonospora purpurea)
GA0070618_0671,A0A1C4UV18,"Ribulose 1,5-bisphosphate carboxylase large subunit",,26159,Micromonospora echinospora (Micromonospora purpurea)
GA0070618_0672,A0A1C4UVA1,Ribokinase (RK) (EC 2.7.1.15),2.7.1.15,30099,Micromonospora echinospora (Micromonospora purpurea)
GA0070618_0673,A0A1C4UVB8,Iron complex transport system ATP-binding protein,,30299,Micromonospora echinospora (Micromonospora purpurea)
GA0070618_0674,A0A1C4UV64,"Sugar kinase of the NBD/HSP70 family, may contain an N-terminal HTH domain",,40560,Micromonospora echinospora (Micromonospora purpurea)
GA0070618_0675,A0A1C4UV28,beta-N-acetylhexosaminidase (EC 3.2.1.52),3.2.1.52,48656,Micromonospora echinospora (Micromonospora purpurea)
GA0070618_0676,A0A1C4UV88,Anti-sigma factor antagonist,,12457,Micromonospora echinospora (Micromonospora purpurea)
GA0070618_0677,A0A1C4UVC7,FR47-like protein,,24012,Micromonospora echinospora (Micromonospora purpurea)
GA0070618_0678,A0A1C4UV69,Uncharacterized protein,,8434,Micromonospora echinospora (Micromonospora purpurea)
GA0070618_0679,A0A1C4UVG6,Uncharacterized protein,,21469,Micromonospora echinospora (Micromonospora purpurea)
GA0070618_0680,A0A1C4UVB5,"ADP-ribose pyrophosphatase YjhB, NUDIX family",,18007,Micromonospora echinospora (Micromonospora purpurea)
GA0070618_0681,A0A1C4UVF4,L-alanine-DL-glutamate epimerase,,35955,Micromonospora echinospora (Micromonospora purpurea)
GA0070618_0682,A0A1C4UVL4,NADAR domain-containing protein,,22161,Micromonospora echinospora (Micromonospora purpurea)
GA0070618_0683,A0A1C4UVI1,GntR family transcriptional regulator,,26873,Micromonospora echinospora (Micromonospora purpurea)
GA0070618_0684,A0A1C4UVN6,Membrane dipeptidase,,44254,Micromonospora echinospora (Micromonospora purpurea)
GA0070618_0685,A0A1C4UVG4,Peptide/nickel transport system ATP-binding protein,,36285,Micromonospora echinospora (Micromonospora purpurea)
GA0070618_0686,A0A1C4UVI4,Peptide/nickel transport system ATP-binding protein,,35322,Micromonospora echinospora (Micromonospora purpurea)
GA0070618_0687,A0A1C4UVS8,Proline iminopeptidase,,31045,Micromonospora echinospora (Micromonospora purpurea)
GA0070618_0688,A0A1C4UVJ7,Xaa-Pro aminopeptidase,,42457,Micromonospora echinospora (Micromonospora purpurea)
GA0070618_0689,A0A1C4UVN1,Peptide/nickel transport system permease protein,,30953,Micromonospora echinospora (Micromonospora purpurea)
GA0070618_0690,A0A1C4UW24,Peptide/nickel transport system permease protein,,34532,Micromonospora echinospora (Micromonospora purpurea)
GA0070618_0691,A0A1C4UVT9,Peptide/nickel transport system substrate-binding protein,,59324,Micromonospora echinospora (Micromonospora purpurea)
GA0070618_0692,A0A1C4UVV0,Membrane dipeptidase,,44117,Micromonospora echinospora (Micromonospora purpurea)
GA0070618_0693,A0A1C4UW01,"Uncharacterized conserved protein YecE, DUF72 family",,33292,Micromonospora echinospora (Micromonospora purpurea)
GA0070618_0694,A0A1C4UW03,DUF397 domain-containing protein,,6765,Micromonospora echinospora (Micromonospora purpurea)
GA0070618_0695,A0A1C4UW21,DUF397 domain-containing protein,,6912,Micromonospora echinospora (Micromonospora purpurea)
GA0070618_0696,A0A1C4UWB0,Helix-turn-helix domain-containing protein,,30936,Micromonospora echinospora (Micromonospora purpurea)
GA0070618_0697,A0A1C4UW48,Prepilin peptidase,,5466,Micromonospora echinospora (Micromonospora purpurea)
GA0070618_0698,A0A1C4UVY8,Helix-turn-helix domain-containing protein,,42532,Micromonospora echinospora (Micromonospora purpurea)
GA0070618_0699,A0A1C4UW41,"AraC family transcriptional regulator, transcriptional activator FtrA",,35471,Micromonospora echinospora (Micromonospora purpurea)
GA0070618_0700,A0A1C4UWG0,"Glyoxylase, beta-lactamase superfamily II",,33169,Micromonospora echinospora (Micromonospora purpurea)
GA0070618_0701,A0A1C4UWI6,Ferredoxin-NADP reductase,,46316,Micromonospora echinospora (Micromonospora purpurea)
GA0070618_0702,A0A1C4UW34,Glycoside-hydrolase family GH114,,24499,Micromonospora echinospora (Micromonospora purpurea)
GA0070618_0703,A0A1C4UW79,Uncharacterized protein,,31348,Micromonospora echinospora (Micromonospora purpurea)
GA0070618_0704,A0A1C4UW96,Uncharacterized protein,,16908,Micromonospora echinospora (Micromonospora purpurea)
GA0070618_0705,A0A1C4UWN7,Uncharacterized protein,,26286,Micromonospora echinospora (Micromonospora purpurea)
GA0070618_0706,A0A1C4UWM2,"Endo-1,4-beta-xylanase (EC 3.2.1.8)",3.2.1.8,36074,Micromonospora echinospora (Micromonospora purpurea)
GA0070618_0707,A0A1C4UWH3,PucR C-terminal helix-turn-helix domain-containing protein,,41823,Micromonospora echinospora (Micromonospora purpurea)
GA0070618_0708,A0A1C4UWE4,Pyrroloquinoline-quinone binding quinoprotein,,47138,Micromonospora echinospora (Micromonospora purpurea)
GA0070618_0709,A0A1C4UWF4,Peptidase family M23,,45929,Micromonospora echinospora (Micromonospora purpurea)
GA0070618_0710,A0A1C4UWE0,"Predicted kinase, aminoglycoside phosphotransferase (APT) family",,33474,Micromonospora echinospora (Micromonospora purpurea)
GA0070618_0711,A0A1C4UWT3,TROVE domain-containing protein,,53169,Micromonospora echinospora (Micromonospora purpurea)
GA0070618_0712,A0A1C4UWN0,Uncharacterized protein,,43807,Micromonospora echinospora (Micromonospora purpurea)
GA0070618_0713,A0A1C4UWK8,"Arabinogalactan endo-beta-1,4-galactanase (EC 3.2.1.89)",3.2.1.89,83760,Micromonospora echinospora (Micromonospora purpurea)
GA0070618_0714,A0A1C4UWQ9,Glyoxalase-like domain-containing protein,,15870,Micromonospora echinospora (Micromonospora purpurea)
GA0070618_0715,A0A1C4UWM5,"Bile acid:Na+ symporter, BASS family",,32134,Micromonospora echinospora (Micromonospora purpurea)
GA0070618_0716,A0A1C4UWY9,"RNA polymerase, sigma subunit, ECF family",,45301,Micromonospora echinospora (Micromonospora purpurea)
GA0070618_0717,A0A1C4UWN6,Uncharacterized conserved protein,,13943,Micromonospora echinospora (Micromonospora purpurea)
GA0070618_0718,A0A1C4UWS2,YCII-related domain-containing protein,,13961,Micromonospora echinospora (Micromonospora purpurea)
GA0070618_0719,A0A1C4UWW5,"Transcriptional regulator, AraC family",,40779,Micromonospora echinospora (Micromonospora purpurea)
GA0070618_0720,A0A1C4UWZ3,"Uncharacterized conserved protein YdeI, YjbR/CyaY-like superfamily, DUF1801 family",,22704,Micromonospora echinospora (Micromonospora purpurea)
GA0070618_0721,A0A1C4UX60,Helix-turn-helix protein,,28386,Micromonospora echinospora (Micromonospora purpurea)
GA0070618_0722,A0A1C4UX01,NACHT domain-containing protein,,113204,Micromonospora echinospora (Micromonospora purpurea)
GA0070618_0724,A0A1C4UX31,Helix-turn-helix of DDE superfamily endonuclease,,29329,Micromonospora echinospora (Micromonospora purpurea)
GA0070618_0725,A0A1C4UX44,SRSO17 transposase,,46678,Micromonospora echinospora (Micromonospora purpurea)
GA0070618_0726,A0A1C4UX42,Mutator family transposase,,31059,Micromonospora echinospora (Micromonospora purpurea)
GA0070618_0727,A0A1C4UX62,Restriction endonuclease,,143384,Micromonospora echinospora (Micromonospora purpurea)
GA0070618_0728,A0A1C4UXC7,RIP homotypic interaction motif-containing protein,,38789,Micromonospora echinospora (Micromonospora purpurea)
GA0070618_0729,A0A1C4UXC2,Uncharacterized protein,,113079,Micromonospora echinospora (Micromonospora purpurea)
GA0070618_0731,A0A1C4ZLA4,Transposase,,30770,Micromonospora echinospora (Micromonospora purpurea)
GA0070618_0732,A0A1C4YGJ1,Uncharacterized protein,,14788,Micromonospora echinospora (Micromonospora purpurea)
GA0070618_0733,A0A1C4UXG1,Uncharacterized protein,,9358,Micromonospora echinospora (Micromonospora purpurea)
GA0070618_0734,A0A1C4UXC3,Cyclic-phosphate processing Receiver domain-containing protein,,11433,Micromonospora echinospora (Micromonospora purpurea)
GA0070618_0735,A0A1C4UXM5,GIY-YIG catalytic domain-containing protein,,21579,Micromonospora echinospora (Micromonospora purpurea)
GA0070618_0736,A0A1C4UXF3,Helix-turn-helix domain-containing protein,,25075,Micromonospora echinospora (Micromonospora purpurea)
GA0070618_0737,A0A1C4UXG5,Uncharacterized protein,,23894,Micromonospora echinospora (Micromonospora purpurea)
GA0070618_0738,A0A1C4UXS0,"Uncharacterized protein YjbI, contains pentapeptide repeats",,23875,Micromonospora echinospora (Micromonospora purpurea)
GA0070618_0739,A0A1C4UXI7,Uncharacterized protein,,6615,Micromonospora echinospora (Micromonospora purpurea)
GA0070618_0741,A0A1C4UXP4,Flavin reductase,,12620,Micromonospora echinospora (Micromonospora purpurea)
GA0070618_0742,A0A1C4UXV4,Uncharacterized protein,,6126,Micromonospora echinospora (Micromonospora purpurea)
GA0070618_0743,A0A1C4UXV0,Transposase,,57648,Micromonospora echinospora (Micromonospora purpurea)
GA0070618_0744,A0A1C4UXV9,Uncharacterized protein,,46931,Micromonospora echinospora (Micromonospora purpurea)
GA0070618_0745,A0A1C4UY30,Flavoprotein,,19365,Micromonospora echinospora (Micromonospora purpurea)
GA0070618_0746,A0A1C4UXS1,Phosphotransferase enzyme family protein,,32893,Micromonospora echinospora (Micromonospora purpurea)
GA0070618_0748,A0A1C4UXR0,Lipoprotein-anchoring transpeptidase ErfK/SrfK,,44215,Micromonospora echinospora (Micromonospora purpurea)
GA0070618_0749,A0A1C4UXR8,Lipoprotein-anchoring transpeptidase ErfK/SrfK,,45038,Micromonospora echinospora (Micromonospora purpurea)
GA0070618_0750,A0A1C4UXS7,Uncharacterized protein,,10343,Micromonospora echinospora (Micromonospora purpurea)
GA0070618_0752,A0A1C4UXW6,Oligoribonuclease (EC 3.1.-.-),3.1.-.-,21961,Micromonospora echinospora (Micromonospora purpurea)
GA0070618_0753,A0A1C4UXV5,"Alpha-1,2-mannosyltransferase",,49818,Micromonospora echinospora (Micromonospora purpurea)
GA0070618_0754,A0A1C4UXW1,DUF2207 domain-containing protein,,33599,Micromonospora echinospora (Micromonospora purpurea)
GA0070618_0755,A0A1C4UXZ9,Uncharacterized protein YcnI,,24633,Micromonospora echinospora (Micromonospora purpurea)
GA0070618_0756,A0A1C4UY85,Copper transport protein,,57996,Micromonospora echinospora (Micromonospora purpurea)
GA0070618_0757,A0A1C4UYA1,"Predicted anti-sigma-YlaC factor YlaD, contains Zn-finger domain",,23612,Micromonospora echinospora (Micromonospora purpurea)
GA0070618_0758,A0A1C4UYE0,RNA polymerase sigma factor,,22502,Micromonospora echinospora (Micromonospora purpurea)
GA0070618_0759,A0A1C4UY12,Methylamine utilisation protein MauE,,17948,Micromonospora echinospora (Micromonospora purpurea)
GA0070618_0760,A0A1C4UY83,Protein-disulfide isomerase,,25343,Micromonospora echinospora (Micromonospora purpurea)
GA0070618_0761,A0A1C4UY87,Uncharacterized protein,,38594,Micromonospora echinospora (Micromonospora purpurea)
GA0070618_0762,A0A1C4UYE7,thioredoxin-dependent peroxiredoxin (EC 1.11.1.24) (Thioredoxin peroxidase),1.11.1.24,17130,Micromonospora echinospora (Micromonospora purpurea)
GA0070618_0763,A0A1C4UYR1,HNH endonuclease,,32923,Micromonospora echinospora (Micromonospora purpurea)
GA0070618_0765,A0A1C4UYH8,MOSC domain-containing protein,,29785,Micromonospora echinospora (Micromonospora purpurea)
GA0070618_0766,A0A1C4UYL8,Major facilitator superfamily (MFS) profile domain-containing protein,,13792,Micromonospora echinospora (Micromonospora purpurea)
GA0070618_0767,A0A1C4UY81,PPIC-type PPIASE domain-containing protein,,30900,Micromonospora echinospora (Micromonospora purpurea)
GA0070618_0768,A0A1C4UYG3,Thaumatin family protein,,33139,Micromonospora echinospora (Micromonospora purpurea)
GA0070618_0769,A0A1C4UYC8,"Transcriptional regulator, RpiR family",,29840,Micromonospora echinospora (Micromonospora purpurea)
GA0070618_0770,A0A1C4UYT5,Urocanate hydratase (Urocanase) (EC 4.2.1.49) (Imidazolonepropionate hydrolase),4.2.1.49,59146,Micromonospora echinospora (Micromonospora purpurea)
GA0070618_0771,A0A1C4UYU4,N-carbamoyl-L-amino-acid hydrolase,,45281,Micromonospora echinospora (Micromonospora purpurea)
GA0070618_0772,A0A1C4UYN2,Formiminoglutamate deiminase,,47616,Micromonospora echinospora (Micromonospora purpurea)
GA0070618_0773,A0A1C4UYJ0,Imidazolonepropionase (EC 3.5.2.7) (Imidazolone-5-propionate hydrolase),3.5.2.7,40540,Micromonospora echinospora (Micromonospora purpurea)
GA0070618_0774,A0A1C4UYY2,Histidine ammonia-lyase (EC 4.3.1.3),4.3.1.3,52901,Micromonospora echinospora (Micromonospora purpurea)
GA0070618_0775,A0A1C4UYV9,AEC family transporter,,31288,Micromonospora echinospora (Micromonospora purpurea)
GA0070618_0776,A0A1C4UZ22,dITP/XTP pyrophosphatase (EC 3.6.1.66) (Non-canonical purine NTP pyrophosphatase) (Non-standard purine NTP pyrophosphatase) (Nucleoside-triphosphate diphosphatase) (Nucleoside-triphosphate pyrophosphatase) (NTPase),3.6.1.66,21895,Micromonospora echinospora (Micromonospora purpurea)
GA0070618_0777,A0A1C4UYN6,Ribonuclease PH (RNase PH) (EC 2.7.7.56) (tRNA nucleotidyltransferase),2.7.7.56,25809,Micromonospora echinospora (Micromonospora purpurea)
GA0070618_0778,A0A1C4UZ06,"Ribonuclease BN, tRNA processing enzyme",,26642,Micromonospora echinospora (Micromonospora purpurea)
GA0070618_0779,A0A1C4UZ57,Uncharacterized protein,,17802,Micromonospora echinospora (Micromonospora purpurea)
GA0070618_0780,A0A1C4UYS4,Cysteine synthase,,34528,Micromonospora echinospora (Micromonospora purpurea)
GA0070618_0781,A0A1C4UYT4,Molybdopterin synthase subunit MoaD,,11853,Micromonospora echinospora (Micromonospora purpurea)
GA0070618_0782,A0A1C4UZ94,"Proteasome lid subunit RPN8/RPN11, contains Jab1/MPN metalloenzyme (JAMM) motif",,18190,Micromonospora echinospora (Micromonospora purpurea)
GA0070618_0783,A0A1C4UYV8,Predicted oxidoreductase,,29970,Micromonospora echinospora (Micromonospora purpurea)
GA0070618_0784,A0A1C4UZ30,DUF2017 domain-containing protein,,17731,Micromonospora echinospora (Micromonospora purpurea)
GA0070618_0785,A0A1C4UZ97,ATP-dependent Clp protease adapter protein ClpS,,11140,Micromonospora echinospora (Micromonospora purpurea)
GA0070618_0786,A0A1C4UZ43,Dynamin family protein,,60827,Micromonospora echinospora (Micromonospora purpurea)
GA0070618_0787,A0A1C4UZ04,Predicted ATPase,,95201,Micromonospora echinospora (Micromonospora purpurea)
GA0070618_0788,A0A1C4UZ15,Nicotinate phosphoribosyltransferase (EC 6.3.4.21),6.3.4.21,45609,Micromonospora echinospora (Micromonospora purpurea)
GA0070618_0789,A0A1C4UZ71,nicotinamidase (EC 3.5.1.19) (Nicotinamide deamidase),3.5.1.19,20170,Micromonospora echinospora (Micromonospora purpurea)
GA0070618_0790,A0A1C4UZ35,"Predicted arabinose efflux permease, MFS family",,41129,Micromonospora echinospora (Micromonospora purpurea)
GA0070618_0791,A0A1C4UZG1,Thioredoxin reductase (NADPH),,59592,Micromonospora echinospora (Micromonospora purpurea)
GA0070618_0792,A0A1C4UZG6,histidine kinase (EC 2.7.13.3),2.7.13.3,55061,Micromonospora echinospora (Micromonospora purpurea)
GA0070618_0793,A0A1C4UZH5,"Monovalent cation:H+ antiporter-2, CPA2 family",,55470,Micromonospora echinospora (Micromonospora purpurea)
GA0070618_0794,A0A1C4UZI6,TrkA domain protein,,8419,Micromonospora echinospora (Micromonospora purpurea)
GA0070618_0795,A0A1C4UZM5,Cytochrome c oxidase subunit 1 (EC 7.1.1.9),7.1.1.9,64733,Micromonospora echinospora (Micromonospora purpurea)
GA0070618_0796,A0A1C4UZN5,2-polyprenyl-6-methoxyphenol hydroxylase,,39164,Micromonospora echinospora (Micromonospora purpurea)
GA0070618_0797,A0A1C4UZQ0,Cellulase/cellobiase CelA1,,39700,Micromonospora echinospora (Micromonospora purpurea)
GA0070618_0798,A0A1C4UZQ4,Uncharacterized protein,,20946,Micromonospora echinospora (Micromonospora purpurea)
GA0070618_0799,A0A1C4UZH2,Aldo/keto reductase,,30419,Micromonospora echinospora (Micromonospora purpurea)
GA0070618_0800,A0A1C4UZC8,Bifunctional non-homologous end joining protein LigD,,39851,Micromonospora echinospora (Micromonospora purpurea)
GA0070618_0801,A0A1C4UZJ2,pectate lyase (EC 4.2.2.2),4.2.2.2,48265,Micromonospora echinospora (Micromonospora purpurea)
GA0070618_0802,A0A1C4UZF7,"Glucoamylase (Glucan-1,4-alpha-glucosidase), GH15 family",,64629,Micromonospora echinospora (Micromonospora purpurea)
GA0070618_0803,A0A1C4UZW6,"Mannose-6-phosphate isomerase, cupin superfamily",,14103,Micromonospora echinospora (Micromonospora purpurea)
GA0070618_0804,A0A1C4UZU5,Glutamate transport system substrate-binding protein,,40990,Micromonospora echinospora (Micromonospora purpurea)
GA0070618_0805,A0A1C4UZY5,Uncharacterized protein,,32880,Micromonospora echinospora (Micromonospora purpurea)
GA0070618_0806,A0A1C4UZU4,Uncharacterized protein,,9981,Micromonospora echinospora (Micromonospora purpurea)
GA0070618_0807,A0A1C4V003,non-specific serine/threonine protein kinase (EC 2.7.11.1),2.7.11.1,80067,Micromonospora echinospora (Micromonospora purpurea)
GA0070618_0808,A0A1C4UZW1,Zinc ribbon domain-containing protein,,30682,Micromonospora echinospora (Micromonospora purpurea)
GA0070618_0809,A0A1C4V014,Integral membrane protein,,39468,Micromonospora echinospora (Micromonospora purpurea)
GA0070618_0810,A0A1C4UZP5,"Carbohydrate ABC transporter substrate-binding protein, CUT1 family",,48118,Micromonospora echinospora (Micromonospora purpurea)
GA0070618_0811,A0A1C4V077,Beta protein,,40311,Micromonospora echinospora (Micromonospora purpurea)
GA0070618_0812,A0A1C4UZR3,Fe-S cluster assembly iron-binding protein IscA,,10002,Micromonospora echinospora (Micromonospora purpurea)
GA0070618_0813,A0A1C4UZW4,D-alanyl-D-alanine carboxypeptidase / D-alanyl-D-alanine-endopeptidase (Penicillin-binding protein 4),,55397,Micromonospora echinospora (Micromonospora purpurea)
GA0070618_0814,A0A1C4UZW3,Uncharacterized protein,,11271,Micromonospora echinospora (Micromonospora purpurea)
GA0070618_0815,A0A1C4V0G8,Pyridoxamine 5'-phosphate oxidase,,16801,Micromonospora echinospora (Micromonospora purpurea)
GA0070618_0816,A0A1C4V0C5,Pentapeptide repeat-containing protein,,21772,Micromonospora echinospora (Micromonospora purpurea)
GA0070618_0817,A0A1C4V011,"CubicO group peptidase, beta-lactamase class C family",,44964,Micromonospora echinospora (Micromonospora purpurea)
GA0070618_0818,A0A1C4V0I9,NAD(P)-binding domain-containing protein,,22740,Micromonospora echinospora (Micromonospora purpurea)
GA0070618_0819,A0A1C4V082,PPOX class probable F420-dependent enzyme,,17149,Micromonospora echinospora (Micromonospora purpurea)
GA0070618_0820,A0A1C4V092,CHAT domain-containing protein,,23932,Micromonospora echinospora (Micromonospora purpurea)
GA0070618_0821,A0A1C4V0M1,"Two component transcriptional regulator, LuxR family",,26183,Micromonospora echinospora (Micromonospora purpurea)
GA0070618_0822,A0A1C4V042,Signal transduction histidine kinase,,45417,Micromonospora echinospora (Micromonospora purpurea)
GA0070618_0823,A0A1C4V0C9,ABC-2 type transport system ATP-binding protein,,30853,Micromonospora echinospora (Micromonospora purpurea)
GA0070618_0824,A0A1C4V088,ABC-2 family transporter protein,,27862,Micromonospora echinospora (Micromonospora purpurea)
GA0070618_0825,A0A1C4V053,DUF308 domain-containing protein,,26047,Micromonospora echinospora (Micromonospora purpurea)
GA0070618_0826,A0A1C4V062,"CubicO group peptidase, beta-lactamase class C family",,50103,Micromonospora echinospora (Micromonospora purpurea)
GA0070618_0827,A0A1C4V0H0,Helix-turn-helix domain-containing protein,,18086,Micromonospora echinospora (Micromonospora purpurea)
GA0070618_0828,A0A1C4V086,Calcineurin-like phosphoesterase,,68195,Micromonospora echinospora (Micromonospora purpurea)
GA0070618_0829,A0A1C4V0C1,Endonuclease I,,44355,Micromonospora echinospora (Micromonospora purpurea)
GA0070618_0830,A0A1C4V0P5,Glycogen operon protein,,83671,Micromonospora echinospora (Micromonospora purpurea)
GA0070618_0831,A0A1C4V0Y5,"2,5-diketo-D-gluconate reductase A",,31996,Micromonospora echinospora (Micromonospora purpurea)
GA0070618_0832,A0A1C4V0D3,"Protein N-acetyltransferase, RimJ/RimL family",,18841,Micromonospora echinospora (Micromonospora purpurea)
GA0070618_0833,A0A1C4V115,Secreted protein,,30960,Micromonospora echinospora (Micromonospora purpurea)
GA0070618_0834,A0A1C4V120,Flavoprotein,,18100,Micromonospora echinospora (Micromonospora purpurea)
GA0070618_0835,A0A1C4V0S8,DUF3592 domain-containing protein,,17007,Micromonospora echinospora (Micromonospora purpurea)
GA0070618_0836,A0A1C4V156,Ferredoxin-NADP reductase,,38530,Micromonospora echinospora (Micromonospora purpurea)
GA0070618_0837,A0A1C4V0X8,Helix-turn-helix domain-containing protein,,38840,Micromonospora echinospora (Micromonospora purpurea)
GA0070618_0838,A0A1C4V133,Nicotinamidase-related amidase,,19895,Micromonospora echinospora (Micromonospora purpurea)
GA0070618_0839,A0A1C4V0K8,Myo-inositol-1(Or 4)-monophosphatase,,27681,Micromonospora echinospora (Micromonospora purpurea)
GA0070618_0840,A0A1C4V0X9,AAA domain-containing protein,,47518,Micromonospora echinospora (Micromonospora purpurea)
GA0070618_0841,A0A1C4V0Z3,Restriction system protein,,59431,Micromonospora echinospora (Micromonospora purpurea)
GA0070618_0842,A0A1C4V0N1,DarT domain-containing protein,,24118,Micromonospora echinospora (Micromonospora purpurea)
GA0070618_0843,A0A1C4V162,"O-acetyl-ADP-ribose deacetylase (Regulator of RNase III), contains Macro domain",,39817,Micromonospora echinospora (Micromonospora purpurea)
GA0070618_0844,A0A1C4V1J7,VOC domain-containing protein,,15410,Micromonospora echinospora (Micromonospora purpurea)
GA0070618_0845,A0A1C4V0S3,ATP-dependent helicase IRC3,,114067,Micromonospora echinospora (Micromonospora purpurea)
GA0070618_0846,A0A1C4V1F9,Putative restriction endonuclease,,33566,Micromonospora echinospora (Micromonospora purpurea)
GA0070618_0847,A0A1C4V0T2,Uncharacterized protein,,55035,Micromonospora echinospora (Micromonospora purpurea)
GA0070618_0848,A0A1C4V1F7,"DNA-binding transcriptional regulator, MerR family",,28906,Micromonospora echinospora (Micromonospora purpurea)
GA0070618_0849,A0A1C4V1K2,Four helix bundle sensory module for signal transduction,,22761,Micromonospora echinospora (Micromonospora purpurea)
GA0070618_0850,A0A1C4V1A4,Diguanylate cyclase (GGDEF) domain-containing protein,,81393,Micromonospora echinospora (Micromonospora purpurea)
GA0070618_0851,A0A1C4V0W9,Uncharacterized protein,,54715,Micromonospora echinospora (Micromonospora purpurea)
GA0070618_0852,A0A1C4V1T7,Secreted protein,,38341,Micromonospora echinospora (Micromonospora purpurea)
GA0070618_0853,A0A1C4V1D8,Zinc-ribbon family protein,,8576,Micromonospora echinospora (Micromonospora purpurea)
GA0070618_0854,A0A1C4V1K3,"Uncharacterized conserved protein YndB, AHSA1/START domain",,30881,Micromonospora echinospora (Micromonospora purpurea)
GA0070618_0855,A0A1C4V134,Helix-turn-helix domain-containing protein,,20934,Micromonospora echinospora (Micromonospora purpurea)
GA0070618_0856,A0A1C4V131,Cyclopropane-fatty-acyl-phospholipid synthase,,48696,Micromonospora echinospora (Micromonospora purpurea)
GA0070618_0857,A0A1C4V1S5,FAD/FMN-containing dehydrogenase,,54738,Micromonospora echinospora (Micromonospora purpurea)
GA0070618_0858,A0A1C4V1E3,Cys-tRNA(Pro) deacylase,,16665,Micromonospora echinospora (Micromonospora purpurea)
GA0070618_0859,A0A1C4V1S7,"Uncharacterized conserved protein, DUF427 family",,10682,Micromonospora echinospora (Micromonospora purpurea)
GA0070618_0860,A0A1C4V1H4,DinB family protein,,16879,Micromonospora echinospora (Micromonospora purpurea)
GA0070618_0861,A0A1C4V1N6,"Uncharacterized protein, contains von Willebrand factor type A (VWA) domain",,72015,Micromonospora echinospora (Micromonospora purpurea)
GA0070618_0862,A0A1C4V245,Magnesium chelatase subunit I,,54528,Micromonospora echinospora (Micromonospora purpurea)
GA0070618_0863,A0A1C4V1R1,"Protein N-acetyltransferase, RimJ/RimL family",,19331,Micromonospora echinospora (Micromonospora purpurea)
GA0070618_0864,A0A1C4V258,Predicted oxidoreductase,,35049,Micromonospora echinospora (Micromonospora purpurea)
GA0070618_0865,A0A1C4V275,Parallel beta-helix repeat (Two copies),,54883,Micromonospora echinospora (Micromonospora purpurea)
GA0070618_0866,A0A1C4V226,Glycosyl hydrolase family 71,,87346,Micromonospora echinospora (Micromonospora purpurea)
GA0070618_0867,A0A1C4V1X3,phospholipase C (EC 3.1.4.3),3.1.4.3,51890,Micromonospora echinospora (Micromonospora purpurea)
GA0070618_0868,A0A1C4V2B2,4-amino-4-deoxy-L-arabinose transferase,,60984,Micromonospora echinospora (Micromonospora purpurea)
GA0070618_0869,A0A1C4V1M9,Glycosyltransferase involved in cell wall bisynthesis,,89787,Micromonospora echinospora (Micromonospora purpurea)
GA0070618_0870,A0A1C4V2E0,Glycosyl hydrolase family 99,,47578,Micromonospora echinospora (Micromonospora purpurea)
GA0070618_0871,A0A1C4V292,Sulfotransferase domain-containing protein,,34903,Micromonospora echinospora (Micromonospora purpurea)
GA0070618_0872,A0A1C4V1V7,Membrane protein involved in the export of O-antigen and teichoic acid,,53313,Micromonospora echinospora (Micromonospora purpurea)
GA0070618_0873,A0A1C4V1V1,"Glycosyltransferase, GT2 family",,34408,Micromonospora echinospora (Micromonospora purpurea)
GA0070618_0874,A0A1C4V1Y4,Chain length determinant protein,,64471,Micromonospora echinospora (Micromonospora purpurea)
GA0070618_0875,A0A1C4V1Y9,Uncharacterized protein,,73928,Micromonospora echinospora (Micromonospora purpurea)
GA0070618_0876,A0A1C4V2R3,UDP-N-acetylglucosamine transferase subunit ALG13,,34452,Micromonospora echinospora (Micromonospora purpurea)
GA0070618_0877,A0A1C4V2C7,Phosphotransferase enzyme family protein,,44404,Micromonospora echinospora (Micromonospora purpurea)
GA0070618_0878,A0A1C4V227,Glycosyl hydrolases family 16,,52556,Micromonospora echinospora (Micromonospora purpurea)
GA0070618_0879,A0A1C4V2G0,Secreted protein,,25042,Micromonospora echinospora (Micromonospora purpurea)
GA0070618_0880,A0A1C4V2B3,SMODS and SLOG-associating 2TM effector domain-containing protein,,33760,Micromonospora echinospora (Micromonospora purpurea)
GA0070618_0881,A0A1C4V2W4,Uncharacterized protein,,85430,Micromonospora echinospora (Micromonospora purpurea)
GA0070618_0882,A0A1C4V260,Peptidase inhibitor family I36,,18643,Micromonospora echinospora (Micromonospora purpurea)
GA0070618_0883,A0A1C4V2K1,"DNA-binding response regulator, NarL/FixJ family, contains REC and HTH domains",,22546,Micromonospora echinospora (Micromonospora purpurea)
GA0070618_0884,A0A1C4V2Q1,DNA-binding transcriptional activator of the SARP family,,124439,Micromonospora echinospora (Micromonospora purpurea)
GA0070618_0885,A0A1C4V2M4,Uncharacterized protein,,28011,Micromonospora echinospora (Micromonospora purpurea)
GA0070618_0886,A0A1C4V2C1,Uncharacterized protein,,51422,Micromonospora echinospora (Micromonospora purpurea)
GA0070618_0887,A0A1C4V389,Zinc ribbon domain-containing protein,,70053,Micromonospora echinospora (Micromonospora purpurea)
GA0070618_0888,A0A1C4V2R6,"Phage tail protein, P2 protein I family",,19258,Micromonospora echinospora (Micromonospora purpurea)
GA0070618_0889,A0A1C4V2Y9,Putative baseplate assembly protein,,68908,Micromonospora echinospora (Micromonospora purpurea)
GA0070618_0890,A0A1C4V2H5,IraD/Gp25-like domain-containing protein,,15381,Micromonospora echinospora (Micromonospora purpurea)
GA0070618_0891,A0A1C4V2E5,"Uncharacterized conserved protein, implicated in type VI secretion and phage assembly",,66563,Micromonospora echinospora (Micromonospora purpurea)
GA0070618_0892,A0A1C4V2W2,Conserved hypothetical phage tail region protein,,40204,Micromonospora echinospora (Micromonospora purpurea)
GA0070618_0893,A0A1C4V320,Conserved hypothetical phage tail region protein,,17918,Micromonospora echinospora (Micromonospora purpurea)
GA0070618_0894,A0A1C4V2L0,Metallopeptidase domain-containing protein,,110253,Micromonospora echinospora (Micromonospora purpurea)
GA0070618_0896,A0A1C4V342,Secreted protein,,14746,Micromonospora echinospora (Micromonospora purpurea)
GA0070618_0897,A0A1C4V369,Conserved hypothetical phage tail region protein,,17677,Micromonospora echinospora (Micromonospora purpurea)
GA0070618_0898,A0A1C4V375,Tail sheath protein,,55517,Micromonospora echinospora (Micromonospora purpurea)
GA0070618_0899,A0A1C4V2L7,Pvc16 N-terminal domain-containing protein,,21673,Micromonospora echinospora (Micromonospora purpurea)
GA0070618_0900,A0A1C4V306,Hydrolytic protein,,47662,Micromonospora echinospora (Micromonospora purpurea)
GA0070618_0901,A0A1C4V397,"Transcriptional regulator, LuxR family",,23285,Micromonospora echinospora (Micromonospora purpurea)
GA0070618_0902,A0A1C4V3Q7,"Zn-binding Pro-Ala-Ala-Arg (PAAR) domain-containing protein, incolved in TypeVI secretion",,12739,Micromonospora echinospora (Micromonospora purpurea)
GA0070618_0903,A0A1C4V348,Uncharacterized protein,,8211,Micromonospora echinospora (Micromonospora purpurea)
GA0070618_0904,A0A1C4V3E5,"Transcriptional regulator, contains XRE-family HTH domain",,42930,Micromonospora echinospora (Micromonospora purpurea)
GA0070618_0905,A0A1C4V2Z8,Uncharacterized protein,,6574,Micromonospora echinospora (Micromonospora purpurea)
GA0070618_0906,A0A1C4V384,Helix-turn-helix domain-containing protein,,42894,Micromonospora echinospora (Micromonospora purpurea)
GA0070618_0907,A0A1C4V3J3,Transferase hexapeptide (Six repeat-containing protein),,20332,Micromonospora echinospora (Micromonospora purpurea)
GA0070618_0908,A0A1C4V3B4,Phosphopantetheine adenylyltransferase (EC 2.7.7.3) (Dephospho-CoA pyrophosphorylase) (Pantetheine-phosphate adenylyltransferase) (PPAT),2.7.7.3,26600,Micromonospora echinospora (Micromonospora purpurea)
GA0070618_0909,A0A1C4V351,DUF6817 domain-containing protein,,19827,Micromonospora echinospora (Micromonospora purpurea)
GA0070618_0910,A0A1C4V3T3,von Willebrand factor type A domain-containing protein,,59066,Micromonospora echinospora (Micromonospora purpurea)
GA0070618_0911,A0A1C4V3J4,Uncharacterized protein,,45384,Micromonospora echinospora (Micromonospora purpurea)
GA0070618_0912,A0A1C4V3K4,RNA polymerase sigma factor,,75685,Micromonospora echinospora (Micromonospora purpurea)
GA0070618_0913,A0A1C4V482,MYXO-CTERM domain-containing protein,,32593,Micromonospora echinospora (Micromonospora purpurea)
GA0070618_0914,A0A1C4V378,DUF916 domain-containing protein,,40496,Micromonospora echinospora (Micromonospora purpurea)
GA0070618_0915,A0A1C4V3K9,Htaa protein,,49609,Micromonospora echinospora (Micromonospora purpurea)
GA0070618_0916,A0A1C4V4B0,MYXO-CTERM domain-containing protein,,27096,Micromonospora echinospora (Micromonospora purpurea)
GA0070618_0917,A0A1C4V3N0,Iron complex transport system substrate-binding protein,,34318,Micromonospora echinospora (Micromonospora purpurea)
GA0070618_0918,A0A1C4V3Z6,Iron complex transport system permease protein,,34219,Micromonospora echinospora (Micromonospora purpurea)
GA0070618_0919,A0A1C4V3S4,Iron complex transport system ATP-binding protein,,29403,Micromonospora echinospora (Micromonospora purpurea)
GA0070618_0920,A0A1C4V3T2,DUF2470 domain-containing protein,,11117,Micromonospora echinospora (Micromonospora purpurea)
GA0070618_0921,A0A1C4V400,Heme oxygenase,,23876,Micromonospora echinospora (Micromonospora purpurea)
GA0070618_0922,A0A1C4V4I9,Uncharacterized protein,,9449,Micromonospora echinospora (Micromonospora purpurea)
GA0070618_0924,A0A1C4V409,UPF0301 protein GA0070618_0924,,19769,Micromonospora echinospora (Micromonospora purpurea)
GA0070618_0925,A0A1C4V3X7,Purine nucleoside phosphorylase (PNP) (EC 2.4.2.1),2.4.2.1,28338,Micromonospora echinospora (Micromonospora purpurea)
GA0070618_0926,A0A1C4V4N9,Benzoylformate decarboxylase,,56258,Micromonospora echinospora (Micromonospora purpurea)
GA0070618_0927,A0A1C4V3Q9,Lipoprotein,,32066,Micromonospora echinospora (Micromonospora purpurea)
GA0070618_0929,A0A1C4V428,SsrA-binding protein (Small protein B),,18078,Micromonospora echinospora (Micromonospora purpurea)
GA0070618_0930,A0A1C4V479,Cell division protein FtsX,,31965,Micromonospora echinospora (Micromonospora purpurea)
GA0070618_0931,A0A1C4V481,Cell division ATP-binding protein FtsE,,24609,Micromonospora echinospora (Micromonospora purpurea)
GA0070618_0932,A0A1C4V439,Peptide chain release factor 2 (RF-2),,41245,Micromonospora echinospora (Micromonospora purpurea)
GA0070618_0933,A0A1C4V480,"Transcriptional regulator, PadR family",,18883,Micromonospora echinospora (Micromonospora purpurea)
GA0070618_0934,A0A1C4V486,L-glutamate gamma-semialdehyde dehydrogenase (EC 1.2.1.88) (L-glutamate gamma-semialdehyde dehydrogenase),1.2.1.88,59088,Micromonospora echinospora (Micromonospora purpurea)
GA0070618_0935,A0A1C4V452,Uncharacterized protein,,33780,Micromonospora echinospora (Micromonospora purpurea)
GA0070618_0936,A0A1C4V4D5,Uncharacterized protein,,18164,Micromonospora echinospora (Micromonospora purpurea)
GA0070618_0937,A0A1C4V4M9,"Transcriptional regulator, AlpA family",,8847,Micromonospora echinospora (Micromonospora purpurea)
GA0070618_0938,A0A1C4V460,Uncharacterized protein,,21260,Micromonospora echinospora (Micromonospora purpurea)
GA0070618_0939,A0A1C4V4Y1,Protein translocase subunit SecA (EC 7.4.2.8),7.4.2.8,107895,Micromonospora echinospora (Micromonospora purpurea)
GA0070618_0940,A0A1C4V483,"Protein N-acetyltransferase, RimJ/RimL family",,41525,Micromonospora echinospora (Micromonospora purpurea)
GA0070618_0941,A0A1C4V4L4,"Protein N-acetyltransferase, RimJ/RimL family",,44485,Micromonospora echinospora (Micromonospora purpurea)
GA0070618_0942,A0A1C4V4I2,Ribosome hibernation promoting factor (HPF),,23608,Micromonospora echinospora (Micromonospora purpurea)
GA0070618_0943,A0A1C4V4L3,Predicted amidophosphoribosyltransferases,,23897,Micromonospora echinospora (Micromonospora purpurea)
GA0070618_0944,A0A1C4V4Q0,Sporulation and spore germination,,64991,Micromonospora echinospora (Micromonospora purpurea)
GA0070618_0945,A0A1C4V4L8,Sensor histidine kinase MtrB (EC 2.7.13.3),2.7.13.3,62842,Micromonospora echinospora (Micromonospora purpurea)
GA0070618_0946,A0A1C4V4M7,DNA-binding response regulator MtrA,,25258,Micromonospora echinospora (Micromonospora purpurea)
GA0070618_0947,A0A1C4V5E9,MYXO-CTERM domain-containing protein,,5476,Micromonospora echinospora (Micromonospora purpurea)
GA0070618_0948,A0A1C4V4R2,Adenosylhomocysteinase (EC 3.13.2.1) (S-adenosyl-L-homocysteine hydrolase) (AdoHcyase),3.13.2.1,54114,Micromonospora echinospora (Micromonospora purpurea)
GA0070618_0949,A0A1C4V4X7,mannose-6-phosphate isomerase (EC 5.3.1.8),5.3.1.8,40256,Micromonospora echinospora (Micromonospora purpurea)
GA0070618_0950,A0A1C4V505,Cation diffusion facilitator family transporter,,34756,Micromonospora echinospora (Micromonospora purpurea)
GA0070618_0951,A0A1C4V5J4,"DNA-binding transcriptional regulator, MurR/RpiR family, contains HTH and SIS domains",,40629,Micromonospora echinospora (Micromonospora purpurea)
GA0070618_0952,A0A1C4V5T3,UPF0434 protein GA0070618_0952,,6669,Micromonospora echinospora (Micromonospora purpurea)
GA0070618_0953,A0A1C4V574,Phosphomannomutase,,48972,Micromonospora echinospora (Micromonospora purpurea)
GA0070618_0954,A0A1C4V4W7,Uncharacterized protein,,37507,Micromonospora echinospora (Micromonospora purpurea)
GA0070618_0955,A0A1C4V4Z6,Endonuclease V (EC 3.1.21.7) (Deoxyinosine 3'endonuclease) (Deoxyribonuclease V) (DNase V),3.1.21.7,23426,Micromonospora echinospora (Micromonospora purpurea)
GA0070618_0956,A0A1C4V562,HD/PDEase domain-containing protein,,23431,Micromonospora echinospora (Micromonospora purpurea)
GA0070618_0957,A0A1C4V504,Uncharacterized protein,,16395,Micromonospora echinospora (Micromonospora purpurea)
GA0070618_0958,A0A1C4V529,RelA/SpoT domain-containing protein,,149330,Micromonospora echinospora (Micromonospora purpurea)
GA0070618_0959,A0A1C4V532,Excreted virulence factor EspC (Type VII ESX diderm),,12358,Micromonospora echinospora (Micromonospora purpurea)
GA0070618_0960,A0A1C4V559,Conserved DNA-binding protein YbaB,,15310,Micromonospora echinospora (Micromonospora purpurea)
GA0070618_0961,A0A1C4V5F2,YwqJ-like deaminase,,45193,Micromonospora echinospora (Micromonospora purpurea)
GA0070618_0962,A0A1C4V5V8,Succinate semialdehyde dehydrogenase,,53275,Micromonospora echinospora (Micromonospora purpurea)
GA0070618_0963,A0A1C4V5W8,Peptidase inhibitor I9,,52911,Micromonospora echinospora (Micromonospora purpurea)
GA0070618_0964,A0A1C4V5V3,G5 domain-containing protein,,27163,Micromonospora echinospora (Micromonospora purpurea)
GA0070618_0965,A0A1C4V5G3,ATP-dependent helicase Lhr and Lhr-like helicase,,76764,Micromonospora echinospora (Micromonospora purpurea)
GA0070618_0966,A0A1C4V5K7,BREX system ATP-binding protein BrxD,,47538,Micromonospora echinospora (Micromonospora purpurea)
GA0070618_0967,A0A1C4V5Y9,PglZ domain-containing protein,,96505,Micromonospora echinospora (Micromonospora purpurea)
GA0070618_0968,A0A1C4V613,Phage resistance protein,,138215,Micromonospora echinospora (Micromonospora purpurea)
GA0070618_0969,A0A1C4V5H6,Trypsin,,46196,Micromonospora echinospora (Micromonospora purpurea)
GA0070618_0970,A0A1C4V5Q6,DUF3558 domain-containing protein,,19666,Micromonospora echinospora (Micromonospora purpurea)
GA0070618_0971,A0A1C4V5S3,Uncharacterized protein,,9457,Micromonospora echinospora (Micromonospora purpurea)
GA0070618_0972,A0A1C4V5I2,DivIVA domain-containing protein,,13092,Micromonospora echinospora (Micromonospora purpurea)
GA0070618_0973,A0A1C4V671,Helix-turn-helix domain-containing protein,,33628,Micromonospora echinospora (Micromonospora purpurea)
GA0070618_0974,A0A1C4V5M9,DUF397 domain-containing protein,,7134,Micromonospora echinospora (Micromonospora purpurea)
GA0070618_0975,A0A1C4V5W3,Uncharacterized protein,,18405,Micromonospora echinospora (Micromonospora purpurea)
GA0070618_0976,A0A1C4V5Q8,site-specific DNA-methyltransferase (adenine-specific) (EC 2.1.1.72),2.1.1.72,130893,Micromonospora echinospora (Micromonospora purpurea)
GA0070618_0977,A0A1C4V5S0,DUF262 domain-containing protein,,66168,Micromonospora echinospora (Micromonospora purpurea)
GA0070618_0978,A0A1C4V5S5,Uncharacterized protein,,31448,Micromonospora echinospora (Micromonospora purpurea)
GA0070618_0979,A0A1C4V5Z2,Uncharacterized protein,,46908,Micromonospora echinospora (Micromonospora purpurea)
GA0070618_0980,A0A1C4V635,DUF4352 domain-containing protein,,23157,Micromonospora echinospora (Micromonospora purpurea)
GA0070618_0981,A0A1C4V645,Uncharacterized protein,,32224,Micromonospora echinospora (Micromonospora purpurea)
GA0070618_0982,A0A1C4V5U3,non-specific serine/threonine protein kinase (EC 2.7.11.1),2.7.11.1,149043,Micromonospora echinospora (Micromonospora purpurea)
GA0070618_0983,A0A1C4V626,OmpR/PhoB-type domain-containing protein,,46441,Micromonospora echinospora (Micromonospora purpurea)
GA0070618_0984,A0A1C4V6S3,Aldehyde dehydrogenase,,54591,Micromonospora echinospora (Micromonospora purpurea)
GA0070618_0985,A0A1C4V680,DUF779 domain-containing protein,,17334,Micromonospora echinospora (Micromonospora purpurea)
GA0070618_0986,A0A1C4V5Z7,G5 domain-containing protein,,20245,Micromonospora echinospora (Micromonospora purpurea)
GA0070618_0987,A0A1C4V6N8,Spermidine/putrescine transport system permease protein,,29252,Micromonospora echinospora (Micromonospora purpurea)
GA0070618_0988,A0A1C4V6A6,Spermidine/putrescine transport system permease protein,,32769,Micromonospora echinospora (Micromonospora purpurea)
GA0070618_0989,A0A1C4V664,Spermidine/putrescine transport system ATP-binding protein,,41272,Micromonospora echinospora (Micromonospora purpurea)
GA0070618_0990,A0A1C4V6G3,Spermidine/putrescine transport system substrate-binding protein,,43037,Micromonospora echinospora (Micromonospora purpurea)
GA0070618_0991,A0A1C4V6S6,DUF3499 domain-containing protein,,13589,Micromonospora echinospora (Micromonospora purpurea)
GA0070618_0992,A0A1C4V6I4,"Predicted Zn-dependent protease, minimal metalloprotease (MMP)-like domain",,16812,Micromonospora echinospora (Micromonospora purpurea)
GA0070618_0993,A0A1C4V687,Transcriptional regulator WhiB,,9713,Micromonospora echinospora (Micromonospora purpurea)
GA0070618_0994,A0A1C4V6H8,FO synthase (EC 2.5.1.147) (EC 4.3.1.32),2.5.1.147; 4.3.1.32,91738,Micromonospora echinospora (Micromonospora purpurea)
GA0070618_0995,A0A1C4V6N0,Uncharacterized protein,,36953,Micromonospora echinospora (Micromonospora purpurea)
GA0070618_0996,A0A1C4V6H7,LPPG:FO 2-phospho-L-lactate transferase,,32996,Micromonospora echinospora (Micromonospora purpurea)
GA0070618_0997,A0A1C4V7A9,Coenzyme F420-0:L-glutamate ligase / coenzyme F420-1:gamma-L-glutamate ligase,,37079,Micromonospora echinospora (Micromonospora purpurea)
GA0070618_0998,A0A1C4V6W5,Helix-turn-helix domain-containing protein,,39362,Micromonospora echinospora (Micromonospora purpurea)
GA0070618_0999,A0A1C4V6J8,DUF4185 domain-containing protein,,37721,Micromonospora echinospora (Micromonospora purpurea)
GA0070618_1000,A0A1C4V6S5,"8-oxo-dGTP pyrophosphatase MutT, NUDIX family",,23851,Micromonospora echinospora (Micromonospora purpurea)
GA0070618_1001,A0A1C4V6T5,"Mannose-6-phosphate isomerase, type 2",,40241,Micromonospora echinospora (Micromonospora purpurea)
GA0070618_1002,A0A1C4V776,Glycosyltransferase involved in cell wall bisynthesis,,41004,Micromonospora echinospora (Micromonospora purpurea)
GA0070618_1003,A0A1C4V6V8,TIGR03089 family protein,,23492,Micromonospora echinospora (Micromonospora purpurea)
GA0070618_1004,A0A1C4V794,GntR family transcriptional regulator,,29479,Micromonospora echinospora (Micromonospora purpurea)
GA0070618_1005,A0A1C4V701,Uncharacterized protein,,5302,Micromonospora echinospora (Micromonospora purpurea)
GA0070618_1006,A0A1C4V6X1,"Transcriptional regulator, contains XRE-family HTH domain",,43124,Micromonospora echinospora (Micromonospora purpurea)
GA0070618_1007,A0A1C4V7M6,Acetoacetyl-CoA synthetase,,71309,Micromonospora echinospora (Micromonospora purpurea)
GA0070618_1008,A0A1C4V729,Acyl-CoA hydrolase,,18598,Micromonospora echinospora (Micromonospora purpurea)
GA0070618_1009,A0A1C4V725,Uncharacterized protein,,23500,Micromonospora echinospora (Micromonospora purpurea)
GA0070618_1010,A0A1C4V6X9,DUF5129 domain-containing protein,,30037,Micromonospora echinospora (Micromonospora purpurea)
GA0070618_1011,A0A1C4V7Q7,AAA ATPase domain-containing protein,,35668,Micromonospora echinospora (Micromonospora purpurea)
GA0070618_1012,A0A1C4V7I5,AAA ATPase domain-containing protein,,83716,Micromonospora echinospora (Micromonospora purpurea)
GA0070618_1013,A0A1C4V783,NhaP-type Na+/H+ or K+/H+ antiporter,,43807,Micromonospora echinospora (Micromonospora purpurea)
GA0070618_1014,A0A1C4V7L2,Uncharacterized protein,,41379,Micromonospora echinospora (Micromonospora purpurea)
GA0070618_1015,A0A1C4V790,Tetratricopeptide (TPR) repeat,,136637,Micromonospora echinospora (Micromonospora purpurea)
GA0070618_1016,A0A1C4V7C1,FXSXX-COOH protein,,9701,Micromonospora echinospora (Micromonospora purpurea)
GA0070618_1017,A0A1C4V7F6,HEXXH motif-containing protein,,49146,Micromonospora echinospora (Micromonospora purpurea)
GA0070618_1018,A0A1C4V7E2,Acyl-CoA dehydrogenase,,41900,Micromonospora echinospora (Micromonospora purpurea)
GA0070618_1019,A0A1C4V829,UDP-glucose 6-dehydrogenase (EC 1.1.1.22),1.1.1.22,50985,Micromonospora echinospora (Micromonospora purpurea)
GA0070618_1020,A0A1C4V7G4,Permease,,169168,Micromonospora echinospora (Micromonospora purpurea)
GA0070618_1021,A0A1C4V7H3,N5-carboxyaminoimidazole ribonucleotide mutase (N5-CAIR mutase) (EC 5.4.99.18) (5-(carboxyamino)imidazole ribonucleotide mutase),5.4.99.18,18232,Micromonospora echinospora (Micromonospora purpurea)
GA0070618_1022,A0A1C4V7N2,N5-carboxyaminoimidazole ribonucleotide synthase (N5-CAIR synthase) (EC 6.3.4.18) (5-(carboxyamino)imidazole ribonucleotide synthetase),6.3.4.18,40941,Micromonospora echinospora (Micromonospora purpurea)
GA0070618_1023,A0A1C4V7K4,DUF255 domain-containing protein,,75106,Micromonospora echinospora (Micromonospora purpurea)
GA0070618_1025,A0A1C4V7Q9,Adenosylhomocysteine nucleosidase,,33480,Micromonospora echinospora (Micromonospora purpurea)
GA0070618_1026,A0A1C4V7N4,Uncharacterized protein,,30633,Micromonospora echinospora (Micromonospora purpurea)
GA0070618_1027,A0A1C4V8F5,8-oxo-dGTP diphosphatase,,25749,Micromonospora echinospora (Micromonospora purpurea)
GA0070618_1028,A0A1C4V8G9,"Phosphoinositide phospholipase C, Ca2+-dependent",,36704,Micromonospora echinospora (Micromonospora purpurea)
GA0070618_1029,A0A1C4V7Y8,Diguanylate cyclase/phosphodiesterase,,89177,Micromonospora echinospora (Micromonospora purpurea)
GA0070618_1030,A0A1C4V858,Uncharacterized protein,,8693,Micromonospora echinospora (Micromonospora purpurea)
GA0070618_1031,A0A1C4V8K9,Mycothiol S-conjugate amidase (EC 3.5.1.115),3.5.1.115,32636,Micromonospora echinospora (Micromonospora purpurea)
GA0070618_1032,A0A1C4V7U9,DUF4307 domain-containing protein,,15672,Micromonospora echinospora (Micromonospora purpurea)
GA0070618_1033,A0A1C4V7X7,Transcription elongation factor GreA (Transcript cleavage factor GreA),,17894,Micromonospora echinospora (Micromonospora purpurea)
GA0070618_1034,A0A1C4V898,threonine ammonia-lyase (EC 4.3.1.19),4.3.1.19,42110,Micromonospora echinospora (Micromonospora purpurea)
GA0070618_1035,A0A1C4V837,DUF4328 domain-containing protein,,30680,Micromonospora echinospora (Micromonospora purpurea)
GA0070618_1036,A0A1C4V805,Amidase,,48881,Micromonospora echinospora (Micromonospora purpurea)
GA0070618_1037,A0A1C4V8P1,Cystathionine gamma-lyase,,40055,Micromonospora echinospora (Micromonospora purpurea)
GA0070618_1038,A0A1C4V869,Histidine triad (HIT) family protein,,14827,Micromonospora echinospora (Micromonospora purpurea)
GA0070618_1039,A0A1C4V8F4,Acetyltransferase (GNAT) family protein,,18777,Micromonospora echinospora (Micromonospora purpurea)
GA0070618_1040,A0A1C4V8X2,Peptide methionine sulfoxide reductase MsrA (Protein-methionine-S-oxide reductase) (EC 1.8.4.11) (Peptide-methionine (S)-S-oxide reductase) (Peptide Met(O) reductase),1.8.4.11,23930,Micromonospora echinospora (Micromonospora purpurea)
GA0070618_1041,A0A1C4V894,asparagine synthase (glutamine-hydrolyzing) (EC 6.3.5.4),6.3.5.4,64843,Micromonospora echinospora (Micromonospora purpurea)
GA0070618_1042,A0A1C4V8V7,GNAT-family acetyltransferase TIGR03103,,66923,Micromonospora echinospora (Micromonospora purpurea)
GA0070618_1043,A0A1C4V918,"Hydrolase, peptidase M42 family",,42833,Micromonospora echinospora (Micromonospora purpurea)
GA0070618_1044,A0A1C4V896,Ribonuclease Z (RNase Z) (EC 3.1.26.11) (tRNA 3 endonuclease) (tRNase Z),3.1.26.11,33943,Micromonospora echinospora (Micromonospora purpurea)
GA0070618_1045,A0A1C4V8Z6,Acetyltransferase (GNAT) family protein,,19599,Micromonospora echinospora (Micromonospora purpurea)
GA0070618_1046,A0A1C4V952,Antitoxin,,10785,Micromonospora echinospora (Micromonospora purpurea)
GA0070618_1047,A0A1C4V8D3,"mRNA-degrading endonuclease RelE, toxin component of the RelBE toxin-antitoxin system",,11813,Micromonospora echinospora (Micromonospora purpurea)
GA0070618_1048,A0A1C4V8J6,cystathionine beta-synthase (EC 4.2.1.22),4.2.1.22,48363,Micromonospora echinospora (Micromonospora purpurea)
GA0070618_1049,A0A1C4V8V3,DUF1232 domain-containing protein,,12330,Micromonospora echinospora (Micromonospora purpurea)
GA0070618_1050,A0A1C4V9A8,Lysophospholipase L1,,41614,Micromonospora echinospora (Micromonospora purpurea)
GA0070618_1051,A0A1C4V8J7,Lysophospholipase L1,,27152,Micromonospora echinospora (Micromonospora purpurea)
GA0070618_1052,A0A1C4V9D7,Acetyl-CoA C-acetyltransferase,,43851,Micromonospora echinospora (Micromonospora purpurea)
GA0070618_1053,A0A1C4V8S0,Uncharacterized protein,,13366,Micromonospora echinospora (Micromonospora purpurea)
GA0070618_1054,A0A1C4V8N4,"Uncharacterized membrane protein, YccA/Bax inhibitor family",,29228,Micromonospora echinospora (Micromonospora purpurea)
GA0070618_1056,A0A1C4V8R2,Glycosyl transferase,,64736,Micromonospora echinospora (Micromonospora purpurea)
GA0070618_1057,A0A1C4V9K3,NADH dehydrogenase,,48971,Micromonospora echinospora (Micromonospora purpurea)
GA0070618_1058,A0A1C4V8X7,Uncharacterized protein,,20020,Micromonospora echinospora (Micromonospora purpurea)
GA0070618_1059,A0A1C4V9I3,"Uncharacterized conserved protein, DUF58 family, contains vWF domain",,48942,Micromonospora echinospora (Micromonospora purpurea)
GA0070618_1060,A0A1C4V922,MoxR-like ATPase,,36619,Micromonospora echinospora (Micromonospora purpurea)
GA0070618_1061,A0A1C4V9A4,DUF4129 domain-containing protein,,21216,Micromonospora echinospora (Micromonospora purpurea)
GA0070618_1062,A0A1C4V915,Protein-glutamine gamma-glutamyltransferase-like C-terminal domain-containing protein,,26307,Micromonospora echinospora (Micromonospora purpurea)
GA0070618_1063,A0A1C4V969,Type-5 uracil-DNA glycosylase,,26654,Micromonospora echinospora (Micromonospora purpurea)
GA0070618_1064,A0A1C4V9G2,Carboxymethylenebutenolidase,,23784,Micromonospora echinospora (Micromonospora purpurea)
GA0070618_1065,A0A1C4V9B0,Uncharacterized protein,,22413,Micromonospora echinospora (Micromonospora purpurea)
GA0070618_1066,A0A1C4V972,Uncharacterized membrane protein,,37188,Micromonospora echinospora (Micromonospora purpurea)
GA0070618_1067,A0A1C4V9E4,"Transcriptional regulator, PadR family",,12060,Micromonospora echinospora (Micromonospora purpurea)
GA0070618_1068,A0A1C4V9M8,WXG100 family type VII secretion target,,40432,Micromonospora echinospora (Micromonospora purpurea)
GA0070618_1069,A0A1C4V9I6,Uncharacterized protein,,13620,Micromonospora echinospora (Micromonospora purpurea)
GA0070618_1070,A0A1C4VA68,Type VII secretion protein EccB,,54544,Micromonospora echinospora (Micromonospora purpurea)
GA0070618_1071,A0A1C4V9E5,Type VII secretion protein EccE,,40339,Micromonospora echinospora (Micromonospora purpurea)
GA0070618_1072,A0A1C4V9S8,Type VII secretion integral membrane protein EccD,,47347,Micromonospora echinospora (Micromonospora purpurea)
GA0070618_1073,A0A1C4V9N2,"DNA segregation ATPase FtsK/SpoIIIE, S-DNA-T family",,145521,Micromonospora echinospora (Micromonospora purpurea)
GA0070618_1074,A0A1C4V9I7,Conserved DNA-binding protein YbaB,,15773,Micromonospora echinospora (Micromonospora purpurea)
GA0070618_1075,A0A1C4V9Q2,Uncharacterized protein,,22966,Micromonospora echinospora (Micromonospora purpurea)
GA0070618_1076,A0A1C4V9U6,"Excreted virulence factor EspC, type VII ESX diderm",,10921,Micromonospora echinospora (Micromonospora purpurea)
GA0070618_1077,A0A1C4VAJ1,ESAT-6-like protein,,11317,Micromonospora echinospora (Micromonospora purpurea)
GA0070618_1078,A0A1C4V9Y1,ESAT-6-like protein,,10559,Micromonospora echinospora (Micromonospora purpurea)
GA0070618_1079,A0A1C4VA63,Type VII secretion-associated serine protease mycosin,,50301,Micromonospora echinospora (Micromonospora purpurea)
GA0070618_1080,A0A1C4VAP8,PE family protein,,19841,Micromonospora echinospora (Micromonospora purpurea)
GA0070618_1081,A0A1C4VAN9,WXG100 family type VII secretion target,,41561,Micromonospora echinospora (Micromonospora purpurea)
GA0070618_1082,A0A1C4V9X8,Type VII secretion-associated serine protease mycosin,,42009,Micromonospora echinospora (Micromonospora purpurea)
GA0070618_1083,A0A1C4VAT7,Type VII secretion-associated serine protease mycosin,,39244,Micromonospora echinospora (Micromonospora purpurea)
GA0070618_1084,A0A1C4VA07,Glycosyl hydrolases family 39,,55152,Micromonospora echinospora (Micromonospora purpurea)
GA0070618_1085,A0A1C4VAC5,Glycosyl hydrolase family 26,,38083,Micromonospora echinospora (Micromonospora purpurea)
GA0070618_1086,A0A1C4VAS3,Hyaluronan synthase,,50061,Micromonospora echinospora (Micromonospora purpurea)
GA0070618_1087,A0A1C4VA54,Mannosyltransferase,,55649,Micromonospora echinospora (Micromonospora purpurea)
GA0070618_1088,A0A1C4VAL5,Ppx/GppA phosphatase,,33051,Micromonospora echinospora (Micromonospora purpurea)
GA0070618_1089,A0A1C4VA90,Uncharacterized protein,,46582,Micromonospora echinospora (Micromonospora purpurea)
GA0070618_1090,A0A1C4VA98,N-acetylglutamate synthase,,19088,Micromonospora echinospora (Micromonospora purpurea)
GA0070618_1091,A0A1C4VAB1,Septum formation initiator family protein,,19780,Micromonospora echinospora (Micromonospora purpurea)
GA0070618_1092,A0A1C4VAM2,Cell division protein FtsB,,23229,Micromonospora echinospora (Micromonospora purpurea)
GA0070618_1093,A0A1C4VAS9,Enolase (EC 4.2.1.11) (2-phospho-D-glycerate hydro-lyase) (2-phosphoglycerate dehydratase),4.2.1.11,44985,Micromonospora echinospora (Micromonospora purpurea)
GA0070618_1094,A0A1C4VB60,Lipoprotein,,23716,Micromonospora echinospora (Micromonospora purpurea)
GA0070618_1095,A0A1C4VAR0,DUF885 domain-containing protein,,33491,Micromonospora echinospora (Micromonospora purpurea)
GA0070618_1096,A0A1C4VAG4,DUF885 domain-containing protein,,25058,Micromonospora echinospora (Micromonospora purpurea)
GA0070618_1097,A0A1C4VAX9,XTP/dITP diphosphohydrolase,,34680,Micromonospora echinospora (Micromonospora purpurea)
GA0070618_1098,A0A1C4VB57,Lipoprotein,,25189,Micromonospora echinospora (Micromonospora purpurea)
GA0070618_1099,A0A1C4VBG2,Transcription-repair-coupling factor (TRCF) (EC 3.6.4.-),3.6.4.-,132681,Micromonospora echinospora (Micromonospora purpurea)
GA0070618_1100,A0A1C4VB18,PH domain-containing protein,,26648,Micromonospora echinospora (Micromonospora purpurea)
GA0070618_1101,A0A1C4VBF6,"Regulatory protein, gntR family",,8217,Micromonospora echinospora (Micromonospora purpurea)
GA0070618_1102,A0A1C4VAZ4,Muramoyltetrapeptide carboxypeptidase LdcA (Peptidoglycan recycling),,38025,Micromonospora echinospora (Micromonospora purpurea)
GA0070618_1103,A0A1C4VAX5,Phosphoenolpyruvate carboxylase (PEPC) (PEPCase) (EC 4.1.1.31),4.1.1.31,101465,Micromonospora echinospora (Micromonospora purpurea)
GA0070618_1104,A0A1C4VBJ6,Uncharacterized protein,,14102,Micromonospora echinospora (Micromonospora purpurea)
GA0070618_1105,A0A1C4VBP7,DNA recombination protein RmuC,,41724,Micromonospora echinospora (Micromonospora purpurea)
GA0070618_1106,A0A1C4VBM2,Peptidase inhibitor family I36,,19309,Micromonospora echinospora (Micromonospora purpurea)
GA0070618_1107,A0A1C4VB61,Uncharacterized protein,,31062,Micromonospora echinospora (Micromonospora purpurea)
GA0070618_1108,A0A1C4VB45,Subtilase family protein,,113056,Micromonospora echinospora (Micromonospora purpurea)
GA0070618_1109,A0A1C4VBK2,Lipoprotein,,14355,Micromonospora echinospora (Micromonospora purpurea)
GA0070618_1110,A0A1C4VB74,4-hydroxy-3-methylbut-2-enyl diphosphate reductase (HMBPP reductase) (EC 1.17.7.4),1.17.7.4,35633,Micromonospora echinospora (Micromonospora purpurea)
GA0070618_1111,A0A1C4VB36,Exodeoxyribonuclease 7 large subunit (EC 3.1.11.6) (Exodeoxyribonuclease VII large subunit) (Exonuclease VII large subunit),3.1.11.6,43814,Micromonospora echinospora (Micromonospora purpurea)
GA0070618_1112,A0A1C4VB54,Exodeoxyribonuclease 7 small subunit (EC 3.1.11.6) (Exodeoxyribonuclease VII small subunit) (Exonuclease VII small subunit),3.1.11.6,7770,Micromonospora echinospora (Micromonospora purpurea)
GA0070618_1113,A0A1C4VBB5,Lipoprotein,,28350,Micromonospora echinospora (Micromonospora purpurea)
GA0070618_1114,A0A1C4VC26,DUF4245 domain-containing protein,,17391,Micromonospora echinospora (Micromonospora purpurea)
GA0070618_1115,A0A1C4VBT4,"Fructose-1,6-bisphosphatase",,36187,Micromonospora echinospora (Micromonospora purpurea)
GA0070618_1116,A0A1C4VC47,Transporter family-2 protein,,31701,Micromonospora echinospora (Micromonospora purpurea)
GA0070618_1117,A0A1C4VBW5,Nucleoside-diphosphate-sugar epimerase,,33112,Micromonospora echinospora (Micromonospora purpurea)
GA0070618_1118,A0A1C4VC74,"Transcriptional regulator, TetR family",,24569,Micromonospora echinospora (Micromonospora purpurea)
GA0070618_1119,A0A1C4VBG3,Ferredoxin--NADP reductase (FNR) (Fd-NADP(+) reductase) (EC 1.18.1.2),1.18.1.2,33389,Micromonospora echinospora (Micromonospora purpurea)
GA0070618_1120,A0A1C4VBP3,Rhomboid family protein,,22845,Micromonospora echinospora (Micromonospora purpurea)
GA0070618_1121,A0A1C4VBV5,Lytic transglycosylase domain-containing protein,,25191,Micromonospora echinospora (Micromonospora purpurea)
GA0070618_1122,A0A1C4VC41,PhoH-like ATPase,,50731,Micromonospora echinospora (Micromonospora purpurea)
GA0070618_1123,A0A1C4VBZ3,Uncharacterized protein,,15099,Micromonospora echinospora (Micromonospora purpurea)
GA0070618_1124,A0A1C4VBV3,Uncharacterized protein,,12454,Micromonospora echinospora (Micromonospora purpurea)
GA0070618_1125,A0A1C4VCG6,Helix-turn-helix domain-containing protein,,18962,Micromonospora echinospora (Micromonospora purpurea)
GA0070618_1126,A0A1C4VBX8,Uncharacterized protein,,12446,Micromonospora echinospora (Micromonospora purpurea)
GA0070618_1127,A0A1C4VBY0,Trehalose 6-phosphate phosphatase (EC 3.1.3.12),3.1.3.12,30287,Micromonospora echinospora (Micromonospora purpurea)
GA0070618_1128,A0A1C4VBT6,Ricin-type beta-trefoil lectin domain-containing protein,,128256,Micromonospora echinospora (Micromonospora purpurea)
GA0070618_1129,A0A1C4VC15,Isoprenyl transferase (EC 2.5.1.-),2.5.1.-,29075,Micromonospora echinospora (Micromonospora purpurea)
GA0070618_1130,A0A1C4VBX7,Geranylgeranyl reductase family,,39467,Micromonospora echinospora (Micromonospora purpurea)
GA0070618_1131,A0A1C4VC46,MYXO-CTERM domain-containing protein,,30605,Micromonospora echinospora (Micromonospora purpurea)
GA0070618_1132,A0A1C4VC66,Phosphoenolpyruvate carboxykinase [GTP] (PEP carboxykinase) (PEPCK) (EC 4.1.1.32) (GTP-dependent phosphoenolpyruvate carboxykinase) (GTP-PEPCK),4.1.1.32,68021,Micromonospora echinospora (Micromonospora purpurea)
GA0070618_1133,A0A1C4VC52,Putative flippase GtrA (Transmembrane translocase of bactoprenol-linked glucose),,19745,Micromonospora echinospora (Micromonospora purpurea)
GA0070618_1134,A0A1C4VCN3,Putative flippase GtrA (Transmembrane translocase of bactoprenol-linked glucose),,29881,Micromonospora echinospora (Micromonospora purpurea)
GA0070618_1135,A0A1C4VC28,Acyl dehydratase,,39156,Micromonospora echinospora (Micromonospora purpurea)
GA0070618_1136,A0A1C4VC71,Lipoprotein signal peptidase (EC 3.4.23.36) (Prolipoprotein signal peptidase) (Signal peptidase II) (SPase II),3.4.23.36,21020,Micromonospora echinospora (Micromonospora purpurea)
GA0070618_1137,A0A1C4VD26,PH domain-containing protein,,21186,Micromonospora echinospora (Micromonospora purpurea)
GA0070618_1138,A0A1C4VCT6,biotin--[biotin carboxyl-carrier protein] ligase (EC 6.3.4.15),6.3.4.15,30526,Micromonospora echinospora (Micromonospora purpurea)
GA0070618_1139,A0A1C4VC94,Propionyl-CoA carboxylase carboxyltransferase subunit,,57090,Micromonospora echinospora (Micromonospora purpurea)
GA0070618_1140,A0A1C4VCB6,PknH-like protein,,31360,Micromonospora echinospora (Micromonospora purpurea)
GA0070618_1141,A0A1C4VCE0,"RNA polymerase sigma-70 factor, ECF subfamily",,18414,Micromonospora echinospora (Micromonospora purpurea)
GA0070618_1143,A0A1C4VDA8,Peptidase M50B-like,,25796,Micromonospora echinospora (Micromonospora purpurea)
GA0070618_1144,A0A1C4VCQ1,"Endonuclease, Uma2 family (Restriction endonuclease fold)",,19790,Micromonospora echinospora (Micromonospora purpurea)
GA0070618_1145,A0A1C4VCK1,Uncharacterized protein,,8667,Micromonospora echinospora (Micromonospora purpurea)
GA0070618_1146,A0A1C4VDD1,non-specific serine/threonine protein kinase (EC 2.7.11.1),2.7.11.1,68759,Micromonospora echinospora (Micromonospora purpurea)
GA0070618_1147,A0A1C4VCQ5,Uncharacterized protein,,16897,Micromonospora echinospora (Micromonospora purpurea)
GA0070618_1148,A0A1C4VCN6,PPE family protein,,35120,Micromonospora echinospora (Micromonospora purpurea)
GA0070618_1149,A0A1C4VCW1,Type VII secretion-associated serine protease mycosin,,36637,Micromonospora echinospora (Micromonospora purpurea)
GA0070618_1150,A0A1C4VDL0,Nucleoside triphosphate pyrophosphatase (EC 3.6.1.9) (Nucleotide pyrophosphatase) (Nucleotide PPase),3.6.1.9,24839,Micromonospora echinospora (Micromonospora purpurea)
GA0070618_1151,A0A1C4VDK7,Caffeoyl-CoA O-methyltransferase,,23717,Micromonospora echinospora (Micromonospora purpurea)
GA0070618_1152,A0A1C4VDC7,Transport permease protein,,27388,Micromonospora echinospora (Micromonospora purpurea)
GA0070618_1153,A0A1C4VDN8,ABC-2 type transport system ATP-binding protein,,35047,Micromonospora echinospora (Micromonospora purpurea)
GA0070618_1154,A0A1C4VCZ1,Biotin carboxyl carrier protein /biotin carboxylase,,61097,Micromonospora echinospora (Micromonospora purpurea)
GA0070618_1155,A0A1C4VCZ7,"Transcriptional regulator, LysR family",,31767,Micromonospora echinospora (Micromonospora purpurea)
GA0070618_1156,A0A1C4VD15,L-lysine exporter family protein LysE/ArgO,,20716,Micromonospora echinospora (Micromonospora purpurea)
GA0070618_1157,A0A1C4VDI6,GMP reductase (EC 1.7.1.7) (Guanosine 5'-monophosphate reductase) (GMPR),1.7.1.7,50535,Micromonospora echinospora (Micromonospora purpurea)
GA0070618_1158,A0A1C4VDV6,"DNA-binding transcriptional regulator, MarR family",,18449,Micromonospora echinospora (Micromonospora purpurea)
GA0070618_1159,A0A1C4VDZ2,"ATP-binding cassette, subfamily B",,61630,Micromonospora echinospora (Micromonospora purpurea)
GA0070618_1160,A0A1C4VDY8,"ATP-binding cassette, subfamily B",,74588,Micromonospora echinospora (Micromonospora purpurea)
GA0070618_1161,A0A1C4VE23,threonine--tRNA ligase (EC 6.1.1.3),6.1.1.3,43684,Micromonospora echinospora (Micromonospora purpurea)
GA0070618_1162,A0A1C4VD75,"Membrane protein DedA, SNARE-associated domain",,22247,Micromonospora echinospora (Micromonospora purpurea)
GA0070618_1163,A0A1C4VDK2,Dihydrolipoamide dehydrogenase,,48828,Micromonospora echinospora (Micromonospora purpurea)
GA0070618_1164,A0A1C4VDI4,"Uncharacterized conserved protein YtfP, gamma-glutamylcyclotransferase (GGCT)/AIG2-like family",,16272,Micromonospora echinospora (Micromonospora purpurea)
GA0070618_1165,A0A1C4VDF7,Uncharacterized protein,,26546,Micromonospora echinospora (Micromonospora purpurea)
GA0070618_1166,A0A1C4VDX1,TolA protein,,37901,Micromonospora echinospora (Micromonospora purpurea)
GA0070618_1167,A0A1C4VDY3,"L-ascorbate metabolism protein UlaG, beta-lactamase superfamily",,22729,Micromonospora echinospora (Micromonospora purpurea)
GA0070618_1168,A0A1C4VDK1,DUF4349 domain-containing protein,,37787,Micromonospora echinospora (Micromonospora purpurea)
GA0070618_1169,A0A1C4VE12,Amidohydrolase,,44222,Micromonospora echinospora (Micromonospora purpurea)
GA0070618_1170,A0A1C4VDU5,methylmalonyl-CoA mutase (EC 5.4.99.2),5.4.99.2,57704,Micromonospora echinospora (Micromonospora purpurea)
GA0070618_1171,A0A1C4VDU2,Serine/threonine protein kinase,,76709,Micromonospora echinospora (Micromonospora purpurea)
GA0070618_1172,A0A1C4VDN1,Phosphomannomutase,,58210,Micromonospora echinospora (Micromonospora purpurea)
GA0070618_1173,A0A1C4VE71,Golgi phosphoprotein 3 (GPP34),,24694,Micromonospora echinospora (Micromonospora purpurea)
GA0070618_1174,A0A1C4VEM4,uracil phosphoribosyltransferase (EC 2.4.2.9),2.4.2.9,22574,Micromonospora echinospora (Micromonospora purpurea)
GA0070618_1175,A0A1C4VDS4,deoxyribose-phosphate aldolase (EC 4.1.2.4),4.1.2.4,33885,Micromonospora echinospora (Micromonospora purpurea)
GA0070618_1176,A0A1C4VDW2,Aldehyde dehydrogenase (Acceptor),,51120,Micromonospora echinospora (Micromonospora purpurea)
GA0070618_1177,A0A1C4VE33,Aldehyde dehydrogenase family protein,,30332,Micromonospora echinospora (Micromonospora purpurea)
GA0070618_1178,A0A1C4VDZ5,Predicted transcriptional regulator,,14311,Micromonospora echinospora (Micromonospora purpurea)
GA0070618_1179,A0A1C4VEG0,Peptidase family M48,,31742,Micromonospora echinospora (Micromonospora purpurea)
GA0070618_1180,A0A1C4VE11,Cytochrome d ubiquinol oxidase subunit I,,46380,Micromonospora echinospora (Micromonospora purpurea)
GA0070618_1181,A0A1C4VE04,"Cytochrome d oxidase, subunit II (CydB)",,34834,Micromonospora echinospora (Micromonospora purpurea)
GA0070618_1182,A0A1C4VE83,"ATP-binding cassette, subfamily C, CydD",,63234,Micromonospora echinospora (Micromonospora purpurea)
GA0070618_1183,A0A1C4VED1,"ATP-binding cassette, subfamily C, CydC",,60873,Micromonospora echinospora (Micromonospora purpurea)
GA0070618_1184,A0A1C4VEA9,"DNA-binding transcriptional regulator, PadR family",,12310,Micromonospora echinospora (Micromonospora purpurea)
GA0070618_1185,A0A1C4VF39,DNA primase,,36222,Micromonospora echinospora (Micromonospora purpurea)
GA0070618_1186,A0A1C4VE67,Transposase,,83545,Micromonospora echinospora (Micromonospora purpurea)
GA0070618_1187,A0A1C4VER4,ATP-binding protein,,21656,Micromonospora echinospora (Micromonospora purpurea)
GA0070618_1188,A0A1C4VEE2,DUF742 domain-containing protein,,14542,Micromonospora echinospora (Micromonospora purpurea)
GA0070618_1189,A0A1C4VEH5,Roadblock/LAMTOR2 domain-containing protein,,13783,Micromonospora echinospora (Micromonospora purpurea)
GA0070618_1190,A0A1C4VEI0,histidine kinase (EC 2.7.13.3),2.7.13.3,119552,Micromonospora echinospora (Micromonospora purpurea)
GA0070618_1191,A0A1C4VEY6,Uridine kinase,,22213,Micromonospora echinospora (Micromonospora purpurea)
GA0070618_1192,A0A1C4VEQ7,Adenosine deaminase (EC 3.5.4.4) (Adenosine aminohydrolase),3.5.4.4,39415,Micromonospora echinospora (Micromonospora purpurea)
GA0070618_1193,A0A1C4VF90,4Fe-4S single cluster domain-containing protein,,47498,Micromonospora echinospora (Micromonospora purpurea)
GA0070618_1194,A0A1C4VEP0,Uracil phosphoribosyltransferase,,22147,Micromonospora echinospora (Micromonospora purpurea)
GA0070618_1195,A0A1C4VEN2,Cytosine deaminase,,46555,Micromonospora echinospora (Micromonospora purpurea)
GA0070618_1196,A0A1C4VEN1,"Predicted arabinose efflux permease, MFS family",,41616,Micromonospora echinospora (Micromonospora purpurea)
GA0070618_1197,A0A1C4VEQ0,"Fructose-1,6-bisphosphatase",,28670,Micromonospora echinospora (Micromonospora purpurea)
GA0070618_1198,A0A1C4VER5,23S rRNA m(1)G-748 methyltransferase,,31359,Micromonospora echinospora (Micromonospora purpurea)
GA0070618_1199,A0A1C4VES8,DUF4272 domain-containing protein,,25061,Micromonospora echinospora (Micromonospora purpurea)
GA0070618_1200,A0A1C4VEX1,Thymidine phosphorylase,,43800,Micromonospora echinospora (Micromonospora purpurea)
GA0070618_1201,A0A1C4VEU7,Cytidine deaminase,,25760,Micromonospora echinospora (Micromonospora purpurea)
GA0070618_1202,A0A1C4VEZ8,Nucleoside ABC transporter membrane protein,,44596,Micromonospora echinospora (Micromonospora purpurea)
GA0070618_1203,A0A1C4VFR5,Nucleoside ABC transporter membrane protein,,45771,Micromonospora echinospora (Micromonospora purpurea)
GA0070618_1204,A0A1C4VFS3,Nucleoside ABC transporter ATP-binding protein,,53109,Micromonospora echinospora (Micromonospora purpurea)
GA0070618_1205,A0A1C4VF34,Nucleoside-binding protein,,37196,Micromonospora echinospora (Micromonospora purpurea)
GA0070618_1206,A0A1C4VFU3,Integral membrane protein,,12216,Micromonospora echinospora (Micromonospora purpurea)
GA0070618_1207,A0A1C4VF71,ABC transporter permease,,32265,Micromonospora echinospora (Micromonospora purpurea)
GA0070618_1208,A0A1C4VFE0,"Transcriptional regulator, TetR family",,21635,Micromonospora echinospora (Micromonospora purpurea)
GA0070618_1209,A0A1C4VF89,Alpha-glucosidase,,66890,Micromonospora echinospora (Micromonospora purpurea)
GA0070618_1210,A0A1C4VFI0,"Carbohydrate ABC transporter membrane protein 2, CUT1 family",,32151,Micromonospora echinospora (Micromonospora purpurea)
GA0070618_1211,A0A1C4VFD3,Maltose/maltodextrin transport system permease protein,,58059,Micromonospora echinospora (Micromonospora purpurea)
GA0070618_1212,A0A1C4VFD8,"Carbohydrate ABC transporter substrate-binding protein, CUT1 family",,43175,Micromonospora echinospora (Micromonospora purpurea)
GA0070618_1213,A0A1C4VFX2,"Transcriptional regulator, LacI family",,38383,Micromonospora echinospora (Micromonospora purpurea)
GA0070618_1214,A0A1C4VFM7,Alpha-glucosidase,,60236,Micromonospora echinospora (Micromonospora purpurea)
GA0070618_1215,A0A1C4VG05,Uncharacterized protein,,15651,Micromonospora echinospora (Micromonospora purpurea)
GA0070618_1216,A0A1C4VFK3,Membrane protein,,33170,Micromonospora echinospora (Micromonospora purpurea)
GA0070618_1217,A0A1C4VFK2,Protein phosphatase 2C,,29714,Micromonospora echinospora (Micromonospora purpurea)
GA0070618_1218,A0A1C4VFN2,Sigma-70-like protein,,30287,Micromonospora echinospora (Micromonospora purpurea)
GA0070618_1219,A0A1C4VGB7,DivIVA domain-containing protein,,13207,Micromonospora echinospora (Micromonospora purpurea)
GA0070618_1220,A0A1C4VFR0,Uncharacterized protein,,9696,Micromonospora echinospora (Micromonospora purpurea)
GA0070618_1221,A0A1C4VFS8,2'-5' RNA ligase,,20789,Micromonospora echinospora (Micromonospora purpurea)
GA0070618_1222,A0A1C4VFR9,Tryptophan--tRNA ligase (EC 6.1.1.2) (Tryptophanyl-tRNA synthetase) (TrpRS),6.1.1.2,37146,Micromonospora echinospora (Micromonospora purpurea)
GA0070618_1223,A0A1C4VFW8,Putative hemolysin,,35037,Micromonospora echinospora (Micromonospora purpurea)
GA0070618_1224,A0A1C4VFU9,UDP-glucose 4-epimerase (EC 5.1.3.2),5.1.3.2,34951,Micromonospora echinospora (Micromonospora purpurea)
GA0070618_1225,A0A1C4VFX1,Galactokinase (EC 2.7.1.6) (Galactose kinase),2.7.1.6,42322,Micromonospora echinospora (Micromonospora purpurea)
GA0070618_1226,A0A1C4VFV3,Pectate lyase superfamily protein,,103620,Micromonospora echinospora (Micromonospora purpurea)
GA0070618_1227,A0A1C4VFZ7,"Transcriptional regulator, LacI family",,37765,Micromonospora echinospora (Micromonospora purpurea)
GA0070618_1228,A0A1C4VG12,FAD dependent oxidoreductase,,58940,Micromonospora echinospora (Micromonospora purpurea)
GA0070618_1229,A0A1C4VG54,"Carbohydrate ABC transporter substrate-binding protein, CUT1 family",,45149,Micromonospora echinospora (Micromonospora purpurea)
GA0070618_1230,A0A1C4VGP2,"Carbohydrate ABC transporter membrane protein 1, CUT1 family",,34795,Micromonospora echinospora (Micromonospora purpurea)
GA0070618_1231,A0A1C4VG50,"Carbohydrate ABC transporter membrane protein 2, CUT1 family",,31087,Micromonospora echinospora (Micromonospora purpurea)
GA0070618_1232,A0A1C4VG81,"Transcriptional regulator, LacI family",,38381,Micromonospora echinospora (Micromonospora purpurea)
GA0070618_1233,A0A1C4VGQ0,sulfate adenylyltransferase (EC 2.7.7.4),2.7.7.4,47742,Micromonospora echinospora (Micromonospora purpurea)
GA0070618_1234,A0A1C4VGC8,Sulfate adenylyltransferase subunit 2 (EC 2.7.7.4) (ATP-sulfurylase small subunit) (Sulfate adenylate transferase),2.7.7.4,34651,Micromonospora echinospora (Micromonospora purpurea)
GA0070618_1235,A0A1C4VGZ3,"3'(2'),5-bisphosphonucleoside 3'(2')-phosphohydrolase (DPNPase)",,29426,Micromonospora echinospora (Micromonospora purpurea)
GA0070618_1236,A0A1C4VH02,Peptidyl-tRNA hydrolase (PTH) (EC 3.1.1.29),3.1.1.29,22297,Micromonospora echinospora (Micromonospora purpurea)
GA0070618_1237,A0A1C4VGE7,Large ribosomal subunit protein bL25 (General stress protein CTC),,24030,Micromonospora echinospora (Micromonospora purpurea)
GA0070618_1238,A0A1C4VGJ4,Ribose-phosphate pyrophosphokinase (RPPK) (EC 2.7.6.1) (5-phospho-D-ribosyl alpha-1-diphosphate synthase) (Phosphoribosyl diphosphate synthase) (Phosphoribosyl pyrophosphate synthase) (P-Rib-PP synthase) (PRPP synthase) (PRPPase),2.7.6.1,35446,Micromonospora echinospora (Micromonospora purpurea)
GA0070618_1239,A0A1C4VGH6,Bifunctional protein GlmU [Includes: UDP-N-acetylglucosamine pyrophosphorylase (EC 2.7.7.23) (N-acetylglucosamine-1-phosphate uridyltransferase); Glucosamine-1-phosphate N-acetyltransferase (EC 2.3.1.157)],2.3.1.157; 2.7.7.23,52744,Micromonospora echinospora (Micromonospora purpurea)
GA0070618_1241,A0A1C4VH38,Uncharacterized protein,,7263,Micromonospora echinospora (Micromonospora purpurea)
GA0070618_1242,A0A1C4VGL3,"Transcriptional regulator, TetR family",,24899,Micromonospora echinospora (Micromonospora purpurea)
GA0070618_1243,A0A1C4VGM5,DUF4383 domain-containing protein,,17204,Micromonospora echinospora (Micromonospora purpurea)
GA0070618_1244,A0A1C4VGL9,DUF4383 domain-containing protein,,16163,Micromonospora echinospora (Micromonospora purpurea)
GA0070618_1245,A0A1C4VH84,ATPase components of ABC transporters with duplicated ATPase domains,,65206,Micromonospora echinospora (Micromonospora purpurea)
GA0070618_1246,A0A1C4VGP9,4-diphosphocytidyl-2-C-methyl-D-erythritol kinase (CMK) (EC 2.7.1.148) (4-(cytidine-5'-diphospho)-2-C-methyl-D-erythritol kinase),2.7.1.148,32218,Micromonospora echinospora (Micromonospora purpurea)
GA0070618_1247,A0A1C4VGS7,"Ribosomal RNA small subunit methyltransferase A (EC 2.1.1.182) (16S rRNA (adenine(1518)-N(6)/adenine(1519)-N(6))-dimethyltransferase) (16S rRNA dimethyladenosine transferase) (16S rRNA dimethylase) (S-adenosylmethionine-6-N', N'-adenosyl(rRNA) dimethyltransferase)",2.1.1.182,29904,Micromonospora echinospora (Micromonospora purpurea)
GA0070618_1248,A0A1C4VGW0,TatD DNase family protein,,31502,Micromonospora echinospora (Micromonospora purpurea)
GA0070618_1249,A0A1C4VGV0,LigA protein,,48130,Micromonospora echinospora (Micromonospora purpurea)
GA0070618_1250,A0A1C4VGV8,Non-heme chloroperoxidase,,31175,Micromonospora echinospora (Micromonospora purpurea)
GA0070618_1251,A0A1C4VHE5,Methionine--tRNA ligase (EC 6.1.1.10) (Methionyl-tRNA synthetase) (MetRS),6.1.1.10,66535,Micromonospora echinospora (Micromonospora purpurea)
GA0070618_1252,A0A1C4VH01,Uncharacterized protein,,24836,Micromonospora echinospora (Micromonospora purpurea)
GA0070618_1253,A0A1C4VHD9,Dolichyl-phosphate-mannose--protein mannosyltransferase (EC 2.4.1.109),2.4.1.109,64191,Micromonospora echinospora (Micromonospora purpurea)
GA0070618_1254,A0A1C4VH40,DUF1524 domain-containing protein,,23818,Micromonospora echinospora (Micromonospora purpurea)
GA0070618_1255,A0A1C4VH03,4'-phosphopantetheinyl transferase EntD (Siderophore biosynthesis),,23750,Micromonospora echinospora (Micromonospora purpurea)
GA0070618_1256,A0A1C4VH39,DUF4352 domain-containing protein,,38050,Micromonospora echinospora (Micromonospora purpurea)
GA0070618_1257,A0A1C4VH60,LPXTG-motif cell wall anchor domain-containing protein,,22714,Micromonospora echinospora (Micromonospora purpurea)
GA0070618_1258,A0A1C4VHK5,Integral membrane protein,,13745,Micromonospora echinospora (Micromonospora purpurea)
GA0070618_1259,A0A1C4VH46,Peptidase inhibitor I9,,42947,Micromonospora echinospora (Micromonospora purpurea)
GA0070618_1260,A0A1C4VHS6,"Serine protease, subtilisin family",,42319,Micromonospora echinospora (Micromonospora purpurea)
GA0070618_1262,A0A1C4VHS1,"DNA-binding transcriptional regulator, LysR family",,34715,Micromonospora echinospora (Micromonospora purpurea)
GA0070618_1263,A0A1C4VHG6,Predicted dioxygenase of extradiol dioxygenase family,,15409,Micromonospora echinospora (Micromonospora purpurea)
GA0070618_1264,A0A1C4VHB6,Mycolic acid cyclopropane synthetase,,26564,Micromonospora echinospora (Micromonospora purpurea)
GA0070618_1265,A0A1C4VHF8,Lamin Tail Domain,,15384,Micromonospora echinospora (Micromonospora purpurea)
GA0070618_1266,A0A1C4VHH7,Uncharacterized protein,,13747,Micromonospora echinospora (Micromonospora purpurea)
GA0070618_1268,A0A1C4VHZ2,SMODS and SLOG-associating 2TM effector domain-containing protein,,23058,Micromonospora echinospora (Micromonospora purpurea)
GA0070618_1269,A0A1C4VHJ4,Myo-inositol-1(Or 4)-monophosphatase,,21588,Micromonospora echinospora (Micromonospora purpurea)
GA0070618_1272,A0A1C4VI29,Uncharacterized protein,,30847,Micromonospora echinospora (Micromonospora purpurea)
GA0070618_1273,A0A1C4VHL9,[ribosomal protein uS5]-alanine N-acetyltransferase (EC 2.3.1.267),2.3.1.267,24038,Micromonospora echinospora (Micromonospora purpurea)
GA0070618_1274,A0A1C4VI75,Molybdopterin molybdenumtransferase (EC 2.10.1.1),2.10.1.1,45037,Micromonospora echinospora (Micromonospora purpurea)
GA0070618_1275,A0A1C4VHR2,UTP--glucose-1-phosphate uridylyltransferase (EC 2.7.7.9),2.7.7.9,34401,Micromonospora echinospora (Micromonospora purpurea)
GA0070618_1276,A0A1C4VHT5,Diguanylate cyclase (GGDEF) domain-containing protein,,75140,Micromonospora echinospora (Micromonospora purpurea)
GA0070618_1277,A0A1C4VIC8,5-formyltetrahydrofolate cyclo-ligase (EC 6.3.3.2),6.3.3.2,21401,Micromonospora echinospora (Micromonospora purpurea)
GA0070618_1278,A0A1C4VHV7,"Putative regulatory protein, FmdB family",,12199,Micromonospora echinospora (Micromonospora purpurea)
GA0070618_1279,A0A1C4VHX7,Flagellar biosynthesis protein FlgA,,18005,Micromonospora echinospora (Micromonospora purpurea)
GA0070618_1280,A0A1C4VIG6,Uncharacterized protein,,6702,Micromonospora echinospora (Micromonospora purpurea)
GA0070618_1281,A0A1C4VI06,Uncharacterized protein,,11204,Micromonospora echinospora (Micromonospora purpurea)
GA0070618_1282,A0A1C4VI14,DUF2231 domain-containing protein,,16902,Micromonospora echinospora (Micromonospora purpurea)
GA0070618_1283,A0A1C4VI22,"Fur family transcriptional regulator, ferric uptake regulator",,15371,Micromonospora echinospora (Micromonospora purpurea)
GA0070618_1284,A0A1C4VIL0,"Uncharacterized conserved protein, DUF2236 family",,31045,Micromonospora echinospora (Micromonospora purpurea)
GA0070618_1285,A0A1C4VI42,RecB family exonuclease,,34107,Micromonospora echinospora (Micromonospora purpurea)
GA0070618_1286,A0A1C4VI36,UPF0056 membrane protein,,20961,Micromonospora echinospora (Micromonospora purpurea)
GA0070618_1287,A0A1C4VIS9,Polymerase/histidinol phosphatase N-terminal domain-containing protein,,31135,Micromonospora echinospora (Micromonospora purpurea)
GA0070618_1288,A0A1C4VI83,Uncharacterized protein,,42307,Micromonospora echinospora (Micromonospora purpurea)
GA0070618_1289,A0A1C4VIA5,"RNA polymerase sigma-70 factor, sigma-E family",,26985,Micromonospora echinospora (Micromonospora purpurea)
GA0070618_1290,A0A1C4VID0,PH domain-containing protein,,32744,Micromonospora echinospora (Micromonospora purpurea)
GA0070618_1291,A0A1C4VIY7,Uncharacterized protein,,5621,Micromonospora echinospora (Micromonospora purpurea)
GA0070618_1292,A0A1C4VIE2,Uncharacterized protein,,21734,Micromonospora echinospora (Micromonospora purpurea)
GA0070618_1293,A0A1C4VIB8,tRNA G18 (Ribose-2'-O)-methylase SpoU,,23119,Micromonospora echinospora (Micromonospora purpurea)
GA0070618_1294,A0A1C4VIL2,Uncharacterized protein,,18191,Micromonospora echinospora (Micromonospora purpurea)
GA0070618_1295,A0A1C4VJ26,Thioredoxin,,13267,Micromonospora echinospora (Micromonospora purpurea)
GA0070618_1296,A0A1C4VJ22,Uncharacterized protein,,17897,Micromonospora echinospora (Micromonospora purpurea)
GA0070618_1297,A0A1C4VIM0,Vitamin K-dependent gamma-carboxylase,,34124,Micromonospora echinospora (Micromonospora purpurea)
GA0070618_1298,A0A1C4VJ43,"Predicted thiol-disulfide oxidoreductase YuxK, DCC family",,15415,Micromonospora echinospora (Micromonospora purpurea)
GA0070618_1299,A0A1C4VIM1,PH domain-containing protein,,27376,Micromonospora echinospora (Micromonospora purpurea)
GA0070618_1300,A0A1C4VIR3,CoA-binding domain-containing protein,,14590,Micromonospora echinospora (Micromonospora purpurea)
GA0070618_1301,A0A1C4VIR6,Uncharacterized protein,,13441,Micromonospora echinospora (Micromonospora purpurea)
GA0070618_1302,A0A1C4VIP7,3-oxoacyl-[acyl-carrier protein] reductase,,31018,Micromonospora echinospora (Micromonospora purpurea)
GA0070618_1303,A0A1C4VJB9,DUF4190 domain-containing protein,,18589,Micromonospora echinospora (Micromonospora purpurea)
GA0070618_1305,A0A1C4VIV7,Short-chain dehydrogenase,,29757,Micromonospora echinospora (Micromonospora purpurea)
GA0070618_1306,A0A1C4VIZ4,sulfate adenylyltransferase (EC 2.7.7.4),2.7.7.4,48170,Micromonospora echinospora (Micromonospora purpurea)
GA0070618_1307,A0A1C4VJ00,Sulfate adenylyltransferase subunit 2 (EC 2.7.7.4) (ATP-sulfurylase small subunit) (Sulfate adenylate transferase),2.7.7.4,34601,Micromonospora echinospora (Micromonospora purpurea)
GA0070618_1308,A0A1C4VJ21,"3'(2'),5-bisphosphonucleoside 3'(2')-phosphohydrolase (DPNPase)",,30583,Micromonospora echinospora (Micromonospora purpurea)
GA0070618_1309,A0A1C4VJ06,Transport permease protein,,29670,Micromonospora echinospora (Micromonospora purpurea)
GA0070618_1310,A0A1C4VJ70,ABC-2 type transport system ATP-binding protein,,40205,Micromonospora echinospora (Micromonospora purpurea)
GA0070618_1311,A0A1C4VJ34,Polyhydroxybutyrate depolymerase,,37863,Micromonospora echinospora (Micromonospora purpurea)
GA0070618_1312,A0A1C4VJ96,Uncharacterized protein,,64034,Micromonospora echinospora (Micromonospora purpurea)
GA0070618_1313,A0A1C4VJ84,Putative sulfotransferase,,35827,Micromonospora echinospora (Micromonospora purpurea)
GA0070618_1314,A0A1C4VJC4,"Lysophospholipase, alpha-beta hydrolase superfamily",,31390,Micromonospora echinospora (Micromonospora purpurea)
GA0070618_1315,A0A1C4VJU5,Acyl carrier protein,,11130,Micromonospora echinospora (Micromonospora purpurea)
GA0070618_1316,A0A1C4VJI8,Acyl transferase domain-containing protein,,169404,Micromonospora echinospora (Micromonospora purpurea)
GA0070618_1317,A0A1C4VJH0,Acyl transferase domain-containing protein,,267052,Micromonospora echinospora (Micromonospora purpurea)
GA0070618_1318,A0A1C4VJY7,Probable membrane transporter protein,,31119,Micromonospora echinospora (Micromonospora purpurea)
GA0070618_1319,A0A1C4VK06,Permease of the drug/metabolite transporter (DMT) superfamily,,33241,Micromonospora echinospora (Micromonospora purpurea)
GA0070618_1320,A0A1C4VJP7,Pyridoxamine 5'-phosphate oxidase,,18096,Micromonospora echinospora (Micromonospora purpurea)
GA0070618_1321,A0A1C4VK27,"Trans-2,3-dihydro-3-hydroxyanthranilate isomerase",,30753,Micromonospora echinospora (Micromonospora purpurea)
GA0070618_1322,A0A1C4VK47,Mg/Co/Ni transporter MgtE (Contains CBS domain),,49216,Micromonospora echinospora (Micromonospora purpurea)
GA0070618_1323,A0A1C4VJT8,Uncharacterized membrane protein,,21882,Micromonospora echinospora (Micromonospora purpurea)
GA0070618_1324,A0A1C4VJL7,Iron-sulfur cluster carrier protein,,39424,Micromonospora echinospora (Micromonospora purpurea)
GA0070618_1325,A0A1C4VJT0,Sec-independent protein translocase protein TatB,,14775,Micromonospora echinospora (Micromonospora purpurea)
GA0070618_1326,A0A1C4VJY0,Putative serine protease PepD,,45450,Micromonospora echinospora (Micromonospora purpurea)
GA0070618_1327,A0A1C4VJR4,Predicted O-methyltransferase YrrM,,18457,Micromonospora echinospora (Micromonospora purpurea)
GA0070618_1328,A0A1C4VJY4,Leucyl aminopeptidase,,50316,Micromonospora echinospora (Micromonospora purpurea)
GA0070618_1329,A0A1C4VJY3,DUF3117 domain-containing protein,,5606,Micromonospora echinospora (Micromonospora purpurea)
GA0070618_1330,A0A1C4VKG4,"Transcriptional regulator, PaaX family",,30153,Micromonospora echinospora (Micromonospora purpurea)
GA0070618_1331,A0A1C4VK32,Enoyl-CoA hydratase,,27341,Micromonospora echinospora (Micromonospora purpurea)
GA0070618_1332,A0A1C4VJZ2,"NAD(P)-dependent dehydrogenase, short-chain alcohol dehydrogenase family",,26376,Micromonospora echinospora (Micromonospora purpurea)
GA0070618_1333,A0A1C4VKP1,DUF4265 domain-containing protein,,21073,Micromonospora echinospora (Micromonospora purpurea)
GA0070618_1334,A0A1C4VKC5,DNA-3-methyladenine glycosylase I,,20919,Micromonospora echinospora (Micromonospora purpurea)
GA0070618_1335,A0A1C4VKB8,Myo-inositol-1(Or 4)-monophosphatase,,29847,Micromonospora echinospora (Micromonospora purpurea)
GA0070618_1337,A0A1C4VK63,Phosphotransferase enzyme family protein,,34084,Micromonospora echinospora (Micromonospora purpurea)
GA0070618_1338,A0A1C4VKT9,PPOX class probable F420-dependent enzyme,,15506,Micromonospora echinospora (Micromonospora purpurea)
GA0070618_1339,A0A1C4VKJ1,Putative hydrolase of the HAD superfamily,,27080,Micromonospora echinospora (Micromonospora purpurea)
GA0070618_1340,A0A1C4VKW0,Pyrrole-2-carboxylic acid decarboxylase (P2C decarboxylase) (EC 4.1.1.93),4.1.1.93,54041,Micromonospora echinospora (Micromonospora purpurea)
GA0070618_1341,A0A1C4VKE8,Polyketide cyclase / dehydrase and lipid transport,,17704,Micromonospora echinospora (Micromonospora purpurea)
GA0070618_1342,A0A1C4VKL9,DivIVA domain-containing protein,,18620,Micromonospora echinospora (Micromonospora purpurea)
GA0070618_1343,A0A1C4VKL3,Dihydropteroate synthase (DHPS) (EC 2.5.1.15) (Dihydropteroate pyrophosphorylase),2.5.1.15,30578,Micromonospora echinospora (Micromonospora purpurea)
GA0070618_1344,A0A1C4VKR2,NADH-quinone oxidoreductase subunit (EC 7.1.1.-),7.1.1.-,13893,Micromonospora echinospora (Micromonospora purpurea)
GA0070618_1345,A0A1C4VL35,DUF11 domain-containing protein,,46954,Micromonospora echinospora (Micromonospora purpurea)
GA0070618_1346,A0A1C4VKS6,2-oxoglutarate ferredoxin oxidoreductase subunit alpha,,66092,Micromonospora echinospora (Micromonospora purpurea)
GA0070618_1347,A0A1C4VKL8,2-oxoglutarate ferredoxin oxidoreductase subunit beta,,37119,Micromonospora echinospora (Micromonospora purpurea)
GA0070618_1348,A0A1C4VLC2,Voltage-gated potassium channel,,35633,Micromonospora echinospora (Micromonospora purpurea)
GA0070618_1349,A0A1C4VL96,Helix-turn-helix domain-containing protein,,18328,Micromonospora echinospora (Micromonospora purpurea)
GA0070618_1350,A0A1C4VLD6,ATP-dependent Clp protease proteolytic subunit (EC 3.4.21.92) (Endopeptidase Clp),3.4.21.92,21939,Micromonospora echinospora (Micromonospora purpurea)
GA0070618_1351,A0A1C4VL09,Uncharacterized protein,,6060,Micromonospora echinospora (Micromonospora purpurea)
GA0070618_1352,A0A1C4VLG7,N-acetylmuramoyl-L-alanine amidase (EC 3.5.1.28),3.5.1.28,70494,Micromonospora echinospora (Micromonospora purpurea)
GA0070618_1353,A0A1C4VL54,Tetratricopeptide repeat protein,,10340,Micromonospora echinospora (Micromonospora purpurea)
GA0070618_1354,A0A1C4VL60,Uncharacterized protein,,11212,Micromonospora echinospora (Micromonospora purpurea)
GA0070618_1355,A0A1C4VLL2,Uncharacterized protein,,6788,Micromonospora echinospora (Micromonospora purpurea)
GA0070618_1357,A0A1C4VLA0,Uncharacterized protein,,14758,Micromonospora echinospora (Micromonospora purpurea)
GA0070618_1358,A0A1C4VL90,Transposase,,30756,Micromonospora echinospora (Micromonospora purpurea)
GA0070618_1359,A0A1C4VLC3,Ricin-type beta-trefoil lectin domain-like,,65188,Micromonospora echinospora (Micromonospora purpurea)
GA0070618_1360,A0A1C4VLR6,Deoxyribonuclease NucA/NucB,,43180,Micromonospora echinospora (Micromonospora purpurea)
GA0070618_1361,A0A1C4VLF0,Uncharacterized protein,,18605,Micromonospora echinospora (Micromonospora purpurea)
GA0070618_1362,A0A1C4VLU8,Transposase and inactivated derivatives,,11576,Micromonospora echinospora (Micromonospora purpurea)
GA0070618_1363,A0A1C4VLC4,Integrase core domain-containing protein,,27409,Micromonospora echinospora (Micromonospora purpurea)
GA0070618_1364,A0A1C4VLJ2,"Catechol 2,3-dioxygenase",,17323,Micromonospora echinospora (Micromonospora purpurea)
GA0070618_1366,A0A1C4VLK6,Cobalamin-independent methionine synthase MetE C-terminal/archaeal domain-containing protein,,38400,Micromonospora echinospora (Micromonospora purpurea)
GA0070618_1368,A0A1C4VLM1,WD40 repeat protein,,50512,Micromonospora echinospora (Micromonospora purpurea)
GA0070618_1369,A0A1C4VLP4,WD40 repeat protein,,49673,Micromonospora echinospora (Micromonospora purpurea)
GA0070618_1370,A0A1C4VLQ2,Uncharacterized protein,,32719,Micromonospora echinospora (Micromonospora purpurea)
GA0070618_1371,A0A1C4VMA7,"RNA polymerase sigma-70 factor, ECF subfamily",,20005,Micromonospora echinospora (Micromonospora purpurea)
GA0070618_1372,A0A1C4VLN9,Uncharacterized protein,,25108,Micromonospora echinospora (Micromonospora purpurea)
GA0070618_1373,A0A1C4VM82,Toxin-antitoxin system HicB family antitoxin,,8015,Micromonospora echinospora (Micromonospora purpurea)
GA0070618_1374,A0A1C4VLR0,SPFH domain / Band 7 family protein,,32713,Micromonospora echinospora (Micromonospora purpurea)
GA0070618_1375,A0A1C4VLW8,Uncharacterized protein,,109313,Micromonospora echinospora (Micromonospora purpurea)
GA0070618_1376,A0A1C4VLZ1,Predicted ATPase,,100054,Micromonospora echinospora (Micromonospora purpurea)
GA0070618_1377,A0A1C4VMH4,Peptidase family M23,,28428,Micromonospora echinospora (Micromonospora purpurea)
GA0070618_1378,A0A1C4VLT0,Methyltransferase domain-containing protein,,22024,Micromonospora echinospora (Micromonospora purpurea)
GA0070618_1379,A0A1C4VM29,Beta-xylosidase,,56107,Micromonospora echinospora (Micromonospora purpurea)
GA0070618_1381,A0A1C4VLY4,"DNA-binding transcriptional regulator, LysR family",,36494,Micromonospora echinospora (Micromonospora purpurea)
GA0070618_1382,A0A1C4VMI1,Acetyltransferase (Isoleucine patch superfamily),,19656,Micromonospora echinospora (Micromonospora purpurea)
GA0070618_1383,A0A1C4VM75,DNA-(apurinic or apyrimidinic site) lyase (EC 4.2.99.18),4.2.99.18,27283,Micromonospora echinospora (Micromonospora purpurea)
GA0070618_1384,A0A1C4VM86,Spore photoproduct lyase family protein,,40424,Micromonospora echinospora (Micromonospora purpurea)
GA0070618_1385,A0A1C4VM32,Uncharacterized protein,,13047,Micromonospora echinospora (Micromonospora purpurea)
GA0070618_1386,A0A1C4VMM8,Alkaline phosphatase D,,56276,Micromonospora echinospora (Micromonospora purpurea)
GA0070618_1387,A0A1C4VMC7,Uncharacterized protein,,8640,Micromonospora echinospora (Micromonospora purpurea)
GA0070618_1388,A0A1C4VMW3,"Transcriptional regulator, contains XRE-family HTH domain",,43657,Micromonospora echinospora (Micromonospora purpurea)
GA0070618_1389,A0A1C4VM83,HTH cro/C1-type domain-containing protein,,41264,Micromonospora echinospora (Micromonospora purpurea)
GA0070618_1390,A0A1C4VMG4,5'-deoxynucleotidase (EC 3.1.3.89),3.1.3.89,20895,Micromonospora echinospora (Micromonospora purpurea)
GA0070618_1391,A0A1C4VMW1,site-specific DNA-methyltransferase (adenine-specific) (EC 2.1.1.72),2.1.1.72,62294,Micromonospora echinospora (Micromonospora purpurea)
GA0070618_1392,A0A1C4VMI7,Restriction endonuclease XhoI,,26700,Micromonospora echinospora (Micromonospora purpurea)
GA0070618_1393,A0A1C4VMJ8,Uncharacterized protein,,16963,Micromonospora echinospora (Micromonospora purpurea)
GA0070618_1394,A0A1C4VMG3,Uncharacterized protein,,47844,Micromonospora echinospora (Micromonospora purpurea)
GA0070618_1395,A0A1C4VMH6,PE family protein,,8213,Micromonospora echinospora (Micromonospora purpurea)
GA0070618_1396,A0A1C4VMJ7,"Transglutaminase-like enzyme, putative cysteine protease",,73494,Micromonospora echinospora (Micromonospora purpurea)
GA0070618_1397,A0A1C4VMQ8,DUF58 domain-containing protein,,45544,Micromonospora echinospora (Micromonospora purpurea)
GA0070618_1398,A0A1C4VN65,MoxR-like ATPase,,34965,Micromonospora echinospora (Micromonospora purpurea)
GA0070618_1399,A0A1C4VMU1,Serine/threonine protein kinase,,64809,Micromonospora echinospora (Micromonospora purpurea)
GA0070618_1400,A0A1C4VNA6,"DNA segregation ATPase FtsK/SpoIIIE, S-DNA-T family",,156016,Micromonospora echinospora (Micromonospora purpurea)
GA0070618_1401,A0A1C4VMY2,WXG100 family type VII secretion target,,9626,Micromonospora echinospora (Micromonospora purpurea)
GA0070618_1402,A0A1C4VMR5,FHA domain-containing protein,,24222,Micromonospora echinospora (Micromonospora purpurea)
GA0070618_1403,A0A1C4VMV7,non-specific serine/threonine protein kinase (EC 2.7.11.1),2.7.11.1,85292,Micromonospora echinospora (Micromonospora purpurea)
GA0070618_1404,A0A1C4VNE9,Uncharacterized protein,,37030,Micromonospora echinospora (Micromonospora purpurea)
GA0070618_1405,A0A1C4VN07,"Transcriptional regulator, PadR family",,12225,Micromonospora echinospora (Micromonospora purpurea)
GA0070618_1406,A0A1C4VMZ6,DUF5872 domain-containing protein,,21116,Micromonospora echinospora (Micromonospora purpurea)
GA0070618_1407,A0A1C4VN77,Uncharacterized protein,,23312,Micromonospora echinospora (Micromonospora purpurea)
GA0070618_1408,A0A1C4VN20,Uncharacterized protein,,29722,Micromonospora echinospora (Micromonospora purpurea)
GA0070618_1409,A0A1C4VN99,Tetratricopeptide repeat protein,,103362,Micromonospora echinospora (Micromonospora purpurea)
GA0070618_1410,A0A1C4VNN6,Molecular chaperone HtpG,,65172,Micromonospora echinospora (Micromonospora purpurea)
GA0070618_1411,A0A1C4VN61,Neocarzinostatin family protein,,12575,Micromonospora echinospora (Micromonospora purpurea)
GA0070618_1412,A0A1C4VN98,Amidohydrolase 3 domain-containing protein,,57688,Micromonospora echinospora (Micromonospora purpurea)
GA0070618_1413,A0A1C4VND2,8-amino-7-oxononanoate synthase (EC 2.3.1.47),2.3.1.47,56911,Micromonospora echinospora (Micromonospora purpurea)
GA0070618_1414,A0A1C4VN92,Dehydrogenase (Flavoprotein),,48887,Micromonospora echinospora (Micromonospora purpurea)
GA0070618_1415,A0A1C4VND0,"ATP-binding cassette, subfamily B",,70731,Micromonospora echinospora (Micromonospora purpurea)
GA0070618_1416,A0A1C4VNK4,Membrane protein insertion efficiency factor,,13923,Micromonospora echinospora (Micromonospora purpurea)
GA0070618_1417,A0A1C4VNY9,Uncharacterized protein,,7603,Micromonospora echinospora (Micromonospora purpurea)
GA0070618_1418,A0A1C4VNH6,"Uncharacterized membrane protein YccF, DUF307 family",,14089,Micromonospora echinospora (Micromonospora purpurea)
GA0070618_1419,A0A1C4VP20,"Multisubunit sodium/proton antiporter, MrpG subunit",,12458,Micromonospora echinospora (Micromonospora purpurea)
GA0070618_1420,A0A1C4VP92,"Multisubunit sodium/proton antiporter, MrpF subunit",,8830,Micromonospora echinospora (Micromonospora purpurea)
GA0070618_1421,A0A1C4VNK3,"Multisubunit sodium/proton antiporter, MrpE subunit",,22592,Micromonospora echinospora (Micromonospora purpurea)
GA0070618_1422,A0A1C4VNP3,"Multisubunit sodium/proton antiporter, MrpD subunit",,54371,Micromonospora echinospora (Micromonospora purpurea)
GA0070618_1423,A0A1C4VNV2,"Multisubunit sodium/proton antiporter, MrpC subunit",,15989,Micromonospora echinospora (Micromonospora purpurea)
GA0070618_1424,A0A1C4VNQ1,"Multisubunit sodium/proton antiporter, MrpA subunit /multisubunit sodium/proton antiporter, MrpB subunit",,98346,Micromonospora echinospora (Micromonospora purpurea)
GA0070618_1425,A0A1C4VPA8,Voltage-gated sodium channel,,34530,Micromonospora echinospora (Micromonospora purpurea)
GA0070618_1426,A0A1C4VPA9,Polyketide cyclase / dehydrase and lipid transport,,16191,Micromonospora echinospora (Micromonospora purpurea)
GA0070618_1427,A0A1C4VP01,Methyltransferase domain-containing protein,,27270,Micromonospora echinospora (Micromonospora purpurea)
GA0070618_1428,A0A1C4VP22,"Geranylgeranyl diphosphate synthase, type I",,39949,Micromonospora echinospora (Micromonospora purpurea)
GA0070618_1429,A0A1C4VPG9,Iron complex transport system ATP-binding protein,,29281,Micromonospora echinospora (Micromonospora purpurea)
GA0070618_1430,A0A1C4VP53,Iron complex transport system substrate-binding protein,,34215,Micromonospora echinospora (Micromonospora purpurea)
GA0070618_1431,A0A1C4VPJ6,Iron complex transport system permease protein,,70700,Micromonospora echinospora (Micromonospora purpurea)
GA0070618_1432,A0A1C4VPK1,"NADPH-dependent ferric siderophore reductase, contains FAD-binding and SIP domains",,32857,Micromonospora echinospora (Micromonospora purpurea)
GA0070618_1433,A0A1C4VPM6,Lysine N-acyltransferase MbtK (Mycobactin synthase protein K),,20790,Micromonospora echinospora (Micromonospora purpurea)
GA0070618_1434,A0A1C4VPA5,Penicillin amidase,,74390,Micromonospora echinospora (Micromonospora purpurea)
GA0070618_1435,A0A1C4VP78,"L-2,4-diaminobutyrate decarboxylase",,56387,Micromonospora echinospora (Micromonospora purpurea)
GA0070618_1436,A0A1C4VPB2,L-lysine N6-monooxygenase MbtG (EC 1.14.13.59) (Lysine 6-N-hydroxylase) (Lysine N6-hydroxylase) (Lysine-N-oxygenase) (Mycobactin synthase protein G),1.14.13.59,48820,Micromonospora echinospora (Micromonospora purpurea)
GA0070618_1437,A0A1C4VQ11,Lysine N-acyltransferase MbtK (Mycobactin synthase protein K),,22022,Micromonospora echinospora (Micromonospora purpurea)
GA0070618_1438,A0A1C4VQ32,Siderophore synthetase component,,68472,Micromonospora echinospora (Micromonospora purpurea)
GA0070618_1439,A0A1C4VPW7,Uncharacterized conserved protein,,14410,Micromonospora echinospora (Micromonospora purpurea)
GA0070618_1440,A0A1C4VPE4,"RNA polymerase, sigma subunit, ECF family",,45756,Micromonospora echinospora (Micromonospora purpurea)
GA0070618_1441,A0A1C4VQ91,DUF4383 domain-containing protein,,15996,Micromonospora echinospora (Micromonospora purpurea)
GA0070618_1442,A0A1C4VPL9,F5/8 type C domain-containing protein,,39849,Micromonospora echinospora (Micromonospora purpurea)
GA0070618_1443,A0A1C4VQ42,Secreted protein,,20790,Micromonospora echinospora (Micromonospora purpurea)
GA0070618_1444,A0A1C4VPP2,DinB superfamily protein,,20555,Micromonospora echinospora (Micromonospora purpurea)
GA0070618_1445,A0A1C4VPN3,EVE domain-containing protein,,15562,Micromonospora echinospora (Micromonospora purpurea)
GA0070618_1446,A0A1C4VQF2,"Uncharacterized conserved protein YjbJ, UPF0337 family",,6217,Micromonospora echinospora (Micromonospora purpurea)
GA0070618_1447,A0A1C4VPN9,Cu+-exporting ATPase,,77333,Micromonospora echinospora (Micromonospora purpurea)
GA0070618_1448,A0A1C4VQ95,Heavy-metal-associated domain-containing protein,,30840,Micromonospora echinospora (Micromonospora purpurea)
GA0070618_1449,A0A1C4VPX8,Copper ion binding protein,,6957,Micromonospora echinospora (Micromonospora purpurea)
GA0070618_1450,A0A1C4VPY9,"DNA-binding transcriptional regulator, FrmR family",,10768,Micromonospora echinospora (Micromonospora purpurea)
GA0070618_1451,A0A1C4VQM1,DUF397 domain-containing protein,,6699,Micromonospora echinospora (Micromonospora purpurea)
GA0070618_1452,A0A1C4VQ15,Helix-turn-helix domain-containing protein,,29839,Micromonospora echinospora (Micromonospora purpurea)
GA0070618_1453,A0A1C4VQ48,Uncharacterized protein,,24143,Micromonospora echinospora (Micromonospora purpurea)
GA0070618_1454,A0A1C4VQ18,DivIVA domain-containing protein,,10039,Micromonospora echinospora (Micromonospora purpurea)
GA0070618_1455,A0A1C4VQJ3,Secreted protein,,8952,Micromonospora echinospora (Micromonospora purpurea)
GA0070618_1456,A0A1C4VQ65,Uncharacterized membrane protein,,44382,Micromonospora echinospora (Micromonospora purpurea)
GA0070618_1457,A0A1C4VQM8,N-terminal domain of peptidoglycan hydrolase CwlO-containing protein,,36813,Micromonospora echinospora (Micromonospora purpurea)
GA0070618_1458,A0A1C4VQA8,Carbonic anhydrase (EC 4.2.1.1) (Carbonate dehydratase),4.2.1.1,23175,Micromonospora echinospora (Micromonospora purpurea)
GA0070618_1459,A0A1C4VQP8,MarR family protein,,12647,Micromonospora echinospora (Micromonospora purpurea)
GA0070618_1460,A0A1C4VQC8,Uncharacterized protein,,12663,Micromonospora echinospora (Micromonospora purpurea)
GA0070618_1461,A0A1C4VQR3,AP2/ERF domain-containing protein,,29261,Micromonospora echinospora (Micromonospora purpurea)
GA0070618_1462,A0A1C4VQC3,PPOX class probable F420-dependent enzyme,,15094,Micromonospora echinospora (Micromonospora purpurea)
GA0070618_1463,A0A1C4VQD1,Peptidase_C39 like family protein,,26717,Micromonospora echinospora (Micromonospora purpurea)
GA0070618_1464,A0A1C4VQH5,Hemerythrin HHE cation binding domain-containing protein,,22438,Micromonospora echinospora (Micromonospora purpurea)
GA0070618_1465,A0A1C4VQC0,Ferredoxin,,7984,Micromonospora echinospora (Micromonospora purpurea)
GA0070618_1466,A0A1C4VQH0,Cytochrome P450,,43810,Micromonospora echinospora (Micromonospora purpurea)
GA0070618_1467,A0A1C4VQI2,MT0933-like antitoxin protein,,6733,Micromonospora echinospora (Micromonospora purpurea)
GA0070618_1468,A0A1C4VR07,Predicted PurR-regulated permease PerM,,40802,Micromonospora echinospora (Micromonospora purpurea)
GA0070618_1469,A0A1C4VR23,Dienelactone hydrolase,,23455,Micromonospora echinospora (Micromonospora purpurea)
GA0070618_1470,A0A1C4VRC2,Uncharacterized protein,,6514,Micromonospora echinospora (Micromonospora purpurea)
GA0070618_1471,A0A1C4VQR7,"Alpha,alpha-trehalose phosphorylase",,89016,Micromonospora echinospora (Micromonospora purpurea)
GA0070618_1472,A0A1C4VQS2,"Haloacid dehalogenase superfamily, subfamily IA, variant 3 with third motif having DD or ED/beta-phosphoglucomutase family hydrolase",,26291,Micromonospora echinospora (Micromonospora purpurea)
GA0070618_1473,A0A1C4VQT9,"Acyl-coenzyme A thioesterase PaaI, contains HGG motif",,16117,Micromonospora echinospora (Micromonospora purpurea)
GA0070618_1474,A0A1C4VQV7,Multiple sugar transport system ATP-binding protein,,47641,Micromonospora echinospora (Micromonospora purpurea)
GA0070618_1475,A0A1C4VRI3,CDP-glycerol:poly(Glycerophosphate) glycerophosphotransferase,,82499,Micromonospora echinospora (Micromonospora purpurea)
GA0070618_1476,A0A1C4VQV1,CDP-alcohol phosphatidyltransferase,,68812,Micromonospora echinospora (Micromonospora purpurea)
GA0070618_1477,A0A1C4VQZ3,ABC-2 type transport system ATP-binding protein,,27020,Micromonospora echinospora (Micromonospora purpurea)
GA0070618_1478,A0A1C4VR05,Transport permease protein,,30030,Micromonospora echinospora (Micromonospora purpurea)
GA0070618_1479,A0A1C4VR17,L-serine dehydratase (EC 4.3.1.17),4.3.1.17,47881,Micromonospora echinospora (Micromonospora purpurea)
GA0070618_1480,A0A1C4VQZ6,Phage shock protein C (PspC) family protein,,7649,Micromonospora echinospora (Micromonospora purpurea)
GA0070618_1481,A0A1C4VRS3,DUF4230 domain-containing protein,,28198,Micromonospora echinospora (Micromonospora purpurea)
GA0070618_1482,A0A1C4VRT1,Arginine--tRNA ligase (EC 6.1.1.19) (Arginyl-tRNA synthetase) (ArgRS),6.1.1.19,62027,Micromonospora echinospora (Micromonospora purpurea)
GA0070618_1483,A0A1C4VR66,"Transcriptional regulator, ArsR family",,12653,Micromonospora echinospora (Micromonospora purpurea)
GA0070618_1484,A0A1C4VR46,"Uncharacterized conserved protein YndB, AHSA1/START domain",,18579,Micromonospora echinospora (Micromonospora purpurea)
GA0070618_1485,A0A1C4VR43,Glutaryl-CoA dehydrogenase,,41933,Micromonospora echinospora (Micromonospora purpurea)
GA0070618_1486,A0A1C4VR33,Transcription regulator of the Arc/MetJ class,,11729,Micromonospora echinospora (Micromonospora purpurea)
GA0070618_1487,A0A1C4VRP6,Nitroreductase,,23997,Micromonospora echinospora (Micromonospora purpurea)
GA0070618_1488,A0A1C4VR52,Aldose 1-epimerase,,33211,Micromonospora echinospora (Micromonospora purpurea)
GA0070618_1489,A0A1C4VRB2,"Predicted arabinose efflux permease, MFS family",,46254,Micromonospora echinospora (Micromonospora purpurea)
GA0070618_1490,A0A1C4VS36,Pyridoxine/pyridoxamine 5'-phosphate oxidase (EC 1.4.3.5) (PNP/PMP oxidase) (PNPOx) (Pyridoxal 5'-phosphate synthase),1.4.3.5,24234,Micromonospora echinospora (Micromonospora purpurea)
GA0070618_1491,A0A1C4VR87,citrate synthase (unknown stereospecificity) (EC 2.3.3.16),2.3.3.16,39927,Micromonospora echinospora (Micromonospora purpurea)
GA0070618_1492,A0A1C4VRG7,Phosphoserine aminotransferase (EC 2.6.1.52) (Phosphohydroxythreonine aminotransferase),2.6.1.52,42178,Micromonospora echinospora (Micromonospora purpurea)
GA0070618_1493,A0A1C4VRJ1,DUF3071 domain-containing protein,,37708,Micromonospora echinospora (Micromonospora purpurea)
GA0070618_1494,A0A1C4VRD4,Predicted oxidoreductase,,35540,Micromonospora echinospora (Micromonospora purpurea)
GA0070618_1495,A0A1C4VRZ4,"RNA 2',3'-cyclic phosphodiesterase (RNA 2',3'-CPDase) (EC 3.1.4.58)",3.1.4.58,20859,Micromonospora echinospora (Micromonospora purpurea)
GA0070618_1496,A0A1C4VRM0,Uncharacterized protein,,18448,Micromonospora echinospora (Micromonospora purpurea)
GA0070618_1497,A0A1C4VS25,"Predicted arabinose efflux permease, MFS family",,47651,Micromonospora echinospora (Micromonospora purpurea)
GA0070618_1498,A0A1C4VRN8,"DNA-binding transcriptional regulator, MarR family",,16189,Micromonospora echinospora (Micromonospora purpurea)
GA0070618_1499,A0A1C4VRQ3,"Putative MFS transporter, AGZA family, xanthine/uracil permease",,51057,Micromonospora echinospora (Micromonospora purpurea)
GA0070618_1500,A0A1C4VRR4,DUF2530 domain-containing protein,,9562,Micromonospora echinospora (Micromonospora purpurea)
GA0070618_1501,A0A1C4VRP4,DUF3027 family protein,,29627,Micromonospora echinospora (Micromonospora purpurea)
GA0070618_1502,A0A1C4VRS7,Major Facilitator Superfamily protein,,60656,Micromonospora echinospora (Micromonospora purpurea)
GA0070618_1503,A0A1C4VRN1,Futalosine hydrolase (FL hydrolase) (EC 3.2.2.26) (Futalosine nucleosidase) (Menaquinone biosynthetic enzyme MqnB),3.2.2.26,21818,Micromonospora echinospora (Micromonospora purpurea)
GA0070618_1504,A0A1C4VRV8,Acetyltransferase (GNAT) family protein,,30762,Micromonospora echinospora (Micromonospora purpurea)
GA0070618_1505,A0A1C4VRY1,"1,4-dihydroxy-6-naphtoate synthase (EC 4.1.-.-) (Menaquinone biosynthetic enzyme MqnD)",4.1.-.-,30731,Micromonospora echinospora (Micromonospora purpurea)
GA0070618_1506,A0A1C4VRZ5,Cold-shock DNA-binding protein family,,14007,Micromonospora echinospora (Micromonospora purpurea)
GA0070618_1507,A0A1C4VS06,Phosphoglycolate phosphatase,,21574,Micromonospora echinospora (Micromonospora purpurea)
GA0070618_1508,A0A1C4VRV0,Helicase conserved C-terminal domain-containing protein,,86374,Micromonospora echinospora (Micromonospora purpurea)
GA0070618_1509,A0A1C4VS03,MYXO-CTERM domain-containing protein,,11099,Micromonospora echinospora (Micromonospora purpurea)
GA0070618_1510,A0A1C4VS27,"L,D-transpeptidase catalytic domain",,30766,Micromonospora echinospora (Micromonospora purpurea)
GA0070618_1511,A0A1C4VSJ9,DNA 3'-5' helicase (EC 5.6.2.4),5.6.2.4,61601,Micromonospora echinospora (Micromonospora purpurea)
GA0070618_1512,A0A1C4VS77,Uncharacterized protein,,21154,Micromonospora echinospora (Micromonospora purpurea)
GA0070618_1513,A0A1C4VS56,"Regulatory protein, gntR family",,7906,Micromonospora echinospora (Micromonospora purpurea)
GA0070618_1514,A0A1C4VS26,DivIVA domain-containing protein,,12520,Micromonospora echinospora (Micromonospora purpurea)
GA0070618_1515,A0A1C4VS81,Uncharacterized protein,,10193,Micromonospora echinospora (Micromonospora purpurea)
GA0070618_1516,A0A1C4VSR2,3-oxoacyl-[acyl-carrier-protein] synthase-3,,36631,Micromonospora echinospora (Micromonospora purpurea)
GA0070618_1517,A0A1C4VSA9,"Beta-xylosidase, GH43 family",,72153,Micromonospora echinospora (Micromonospora purpurea)
GA0070618_1518,A0A1C4VSE3,Bifunctional non-homologous end joining protein LigD,,33348,Micromonospora echinospora (Micromonospora purpurea)
GA0070618_1519,A0A1C4VSE7,DNA ligase (ATP) (EC 6.5.1.1),6.5.1.1,33705,Micromonospora echinospora (Micromonospora purpurea)
GA0070618_1520,A0A1C4VS95,Non-homologous end joining protein Ku,,36802,Micromonospora echinospora (Micromonospora purpurea)
GA0070618_1521,A0A1C4VSG5,PPOX class probable F420-dependent enzyme,,14638,Micromonospora echinospora (Micromonospora purpurea)
GA0070618_1522,A0A1C4VSI7,Peptidyl-prolyl cis-trans isomerase (EC 5.2.1.8),5.2.1.8,22031,Micromonospora echinospora (Micromonospora purpurea)
GA0070618_1523,A0A1C4VSL1,SalK,,31156,Micromonospora echinospora (Micromonospora purpurea)
GA0070618_1524,A0A1C4VSL6,"Haloacid dehalogenase superfamily, subfamily IA, variant 3 with third motif having DD or ED",,22879,Micromonospora echinospora (Micromonospora purpurea)
GA0070618_1525,A0A1C4VSK4,NADPH2:quinone reductase,,35452,Micromonospora echinospora (Micromonospora purpurea)
GA0070618_1526,A0A1C4VSN2,Fatty-acyl-CoA synthase,,59258,Micromonospora echinospora (Micromonospora purpurea)
GA0070618_1527,A0A1C4VSP0,"ADP-ribose pyrophosphatase YjhB, NUDIX family",,18079,Micromonospora echinospora (Micromonospora purpurea)
GA0070618_1528,A0A1C4VSS0,"Predicted arabinose efflux permease, MFS family",,45632,Micromonospora echinospora (Micromonospora purpurea)
GA0070618_1529,A0A1C4VSS6,Protease I,,19631,Micromonospora echinospora (Micromonospora purpurea)
GA0070618_1530,A0A1C4VST3,D-glycero-beta-D-manno-heptose 1-phosphate adenylyltransferase (EC 2.7.7.70),2.7.7.70,70538,Micromonospora echinospora (Micromonospora purpurea)
GA0070618_1531,A0A1C4VST7,Glycosyl transferase family 2,,36043,Micromonospora echinospora (Micromonospora purpurea)
GA0070618_1532,A0A1C4VTC3,ADP-heptose:LPS heptosyltransferase,,39233,Micromonospora echinospora (Micromonospora purpurea)
GA0070618_1533,A0A1C4VSW8,HSP20 family protein,,23074,Micromonospora echinospora (Micromonospora purpurea)
GA0070618_1534,A0A1C4VTF0,Uncharacterized membrane protein,,17594,Micromonospora echinospora (Micromonospora purpurea)
GA0070618_1535,A0A1C4VTF3,Pyridoxamine 5'-phosphate oxidase putative domain-containing protein,,23034,Micromonospora echinospora (Micromonospora purpurea)
GA0070618_1536,A0A1C4VT08,Uncharacterized protein,,10766,Micromonospora echinospora (Micromonospora purpurea)
GA0070618_1537,A0A1C4VT39,DivIVA domain-containing protein,,11911,Micromonospora echinospora (Micromonospora purpurea)
GA0070618_1538,A0A1C4VSZ1,"Regulatory protein, gntR family",,7697,Micromonospora echinospora (Micromonospora purpurea)
GA0070618_1539,A0A1C4VTY0,Methyltransferase domain-containing protein,,30728,Micromonospora echinospora (Micromonospora purpurea)
GA0070618_1540,A0A1C4VT21,"Protein N-acetyltransferase, RimJ/RimL family",,23828,Micromonospora echinospora (Micromonospora purpurea)
GA0070618_1541,A0A1C4VTN1,"NTP pyrophosphatase, house-cleaning of non-canonical NTPs",,12744,Micromonospora echinospora (Micromonospora purpurea)
GA0070618_1542,A0A1C4VTA3,Uncharacterized protein,,13063,Micromonospora echinospora (Micromonospora purpurea)
GA0070618_1543,A0A1C4VTS5,DUF1877 family protein,,17212,Micromonospora echinospora (Micromonospora purpurea)
GA0070618_1544,A0A1C4VTS7,Secreted protein,,12583,Micromonospora echinospora (Micromonospora purpurea)
GA0070618_1545,A0A1C4VTC2,Uncharacterized protein,,20202,Micromonospora echinospora (Micromonospora purpurea)
GA0070618_1546,A0A1C4VTG3,"Predicted kinase, aminoglycoside phosphotransferase (APT) family",,32359,Micromonospora echinospora (Micromonospora purpurea)
GA0070618_1548,A0A1C4VTE8,ABC-2 type transport system permease protein,,24991,Micromonospora echinospora (Micromonospora purpurea)
GA0070618_1549,A0A1C4VTJ3,ABC transporter,,29504,Micromonospora echinospora (Micromonospora purpurea)
GA0070618_1550,A0A1C4VTZ5,"PadR family transcriptional regulator, regulatory protein PadR",,16518,Micromonospora echinospora (Micromonospora purpurea)
GA0070618_1552,A0A1C4VTK2,Calcineurin-like phosphoesterase,,63602,Micromonospora echinospora (Micromonospora purpurea)
GA0070618_1553,A0A1C4VTM5,"Cell fate regulator YaaT, PSP1 superfamily (Controls sporulation, competence, biofilm development)",,31300,Micromonospora echinospora (Micromonospora purpurea)
GA0070618_1554,A0A1C4VTN2,Uncharacterized protein,,27139,Micromonospora echinospora (Micromonospora purpurea)
GA0070618_1555,A0A1C4VUF7,PPE family protein,,21686,Micromonospora echinospora (Micromonospora purpurea)
GA0070618_1556,A0A1C4VTQ4,YbaB/EbfC DNA-binding family protein,,11863,Micromonospora echinospora (Micromonospora purpurea)
GA0070618_1557,A0A1C4VTQ8,DNA-directed DNA polymerase (EC 2.7.7.7),2.7.7.7,42361,Micromonospora echinospora (Micromonospora purpurea)
GA0070618_1558,A0A1C4VTV4,Thymidylate kinase (EC 2.7.4.9) (dTMP kinase),2.7.4.9,75597,Micromonospora echinospora (Micromonospora purpurea)
GA0070618_1559,A0A1C4VTT9,"D-serine deaminase, pyridoxal phosphate-dependent",,42477,Micromonospora echinospora (Micromonospora purpurea)
GA0070618_1560,A0A1C4VTU8,"Transcriptional regulator, TetR family",,25160,Micromonospora echinospora (Micromonospora purpurea)
GA0070618_1561,A0A1C4VUF1,L-gulonolactone oxidase,,47811,Micromonospora echinospora (Micromonospora purpurea)
GA0070618_1562,A0A1C4VU09,DNA topoisomerase 1 (EC 5.6.2.1) (DNA topoisomerase I),5.6.2.1,103487,Micromonospora echinospora (Micromonospora purpurea)
GA0070618_1563,A0A1C4VUG1,Uncharacterized protein,,29319,Micromonospora echinospora (Micromonospora purpurea)
GA0070618_1564,A0A1C4VU40,Lipoprotein,,19014,Micromonospora echinospora (Micromonospora purpurea)
GA0070618_1565,A0A1C4VUL0,K(+)-insensitive pyrophosphate-energized proton pump (EC 7.1.3.1) (Membrane-bound proton-translocating pyrophosphatase) (Pyrophosphate-energized inorganic pyrophosphatase) (H(+)-PPase),7.1.3.1,79713,Micromonospora echinospora (Micromonospora purpurea)
GA0070618_1566,A0A1C4VU52,Anti-sigma regulatory factor (Ser/Thr protein kinase),,15287,Micromonospora echinospora (Micromonospora purpurea)
GA0070618_1567,A0A1C4VU17,Anti-sigma factor antagonist,,12427,Micromonospora echinospora (Micromonospora purpurea)
GA0070618_1568,A0A1C4VU61,DEAD/DEAH box helicase domain-containing protein,,83089,Micromonospora echinospora (Micromonospora purpurea)
GA0070618_1569,A0A1C4VU38,Uncharacterized protein,,7544,Micromonospora echinospora (Micromonospora purpurea)
GA0070618_1570,A0A1C4VU94,Uncharacterized protein YxjI,,21956,Micromonospora echinospora (Micromonospora purpurea)
GA0070618_1571,A0A1C4VUC5,Helicase/secretion neighborhood TadE-like protein,,18263,Micromonospora echinospora (Micromonospora purpurea)
GA0070618_1572,A0A1C4VUD2,TadE-like protein,,9513,Micromonospora echinospora (Micromonospora purpurea)
GA0070618_1573,A0A1C4VUD1,DUF4244 domain-containing protein,,5720,Micromonospora echinospora (Micromonospora purpurea)
GA0070618_1574,A0A1C4VUE5,Flp pilus assembly protein TadB,,29439,Micromonospora echinospora (Micromonospora purpurea)
GA0070618_1575,A0A1C4VV71,Tight adherence protein B,,38747,Micromonospora echinospora (Micromonospora purpurea)
GA0070618_1576,A0A1C4VUI9,Pilus assembly protein CpaF,,42989,Micromonospora echinospora (Micromonospora purpurea)
GA0070618_1577,A0A1C4VUD7,Helicase/secretion neighborhood CpaE-like protein,,37611,Micromonospora echinospora (Micromonospora purpurea)
GA0070618_1578,A0A1C4VUJ8,von Hippel-Lindau disease tumour suppressor protein,,23029,Micromonospora echinospora (Micromonospora purpurea)
GA0070618_1579,A0A1C4VUM9,Pimeloyl-ACP methyl ester carboxylesterase,,29544,Micromonospora echinospora (Micromonospora purpurea)
GA0070618_1580,A0A1C4VV56,"RNA polymerase, sigma subunit, ECF family",,39077,Micromonospora echinospora (Micromonospora purpurea)
GA0070618_1581,A0A1C4VUL5,Uncharacterized protein,,10369,Micromonospora echinospora (Micromonospora purpurea)
GA0070618_1582,A0A1C4VUR6,"RNA polymerase sigma-70 factor, ECF subfamily",,20591,Micromonospora echinospora (Micromonospora purpurea)
GA0070618_1583,A0A1C4VUL6,Exo-alpha-sialidase,,43908,Micromonospora echinospora (Micromonospora purpurea)
GA0070618_1584,A0A1C4VUM5,Uncharacterized protein,,16725,Micromonospora echinospora (Micromonospora purpurea)
GA0070618_1588,A0A1C4VV90,"HAD-superfamily subfamily IB hydrolase, TIGR01490",,29348,Micromonospora echinospora (Micromonospora purpurea)
GA0070618_1589,A0A1C4VUV5,Polyketide cyclase / dehydrase and lipid transport,,31207,Micromonospora echinospora (Micromonospora purpurea)
GA0070618_1590,A0A1C4VVN2,Protein-S-isoprenylcysteine O-methyltransferase Ste14,,46614,Micromonospora echinospora (Micromonospora purpurea)
GA0070618_1591,A0A1C4VUY0,"Transcriptional regulator, TetR family",,22170,Micromonospora echinospora (Micromonospora purpurea)
GA0070618_1592,A0A1C4VVE3,Fido domain-containing protein,,25805,Micromonospora echinospora (Micromonospora purpurea)
GA0070618_1593,A0A1C4VV05,Acetyl-coenzyme A synthetase (AcCoA synthetase) (Acs) (EC 6.2.1.1) (Acetate--CoA ligase) (Acyl-activating enzyme),6.2.1.1,71397,Micromonospora echinospora (Micromonospora purpurea)
GA0070618_1594,A0A1C4VV29,Immune inhibitor A,,100694,Micromonospora echinospora (Micromonospora purpurea)
GA0070618_1595,A0A1C4VV15,Immune inhibitor A,,88331,Micromonospora echinospora (Micromonospora purpurea)
GA0070618_1596,A0A1C4VV23,Pimeloyl-ACP methyl ester carboxylesterase,,34414,Micromonospora echinospora (Micromonospora purpurea)
GA0070618_1597,A0A1C4VV62,Uncharacterized protein,,13767,Micromonospora echinospora (Micromonospora purpurea)
GA0070618_1598,A0A1C4VVY6,SseB protein N-terminal domain-containing protein,,99088,Micromonospora echinospora (Micromonospora purpurea)
GA0070618_1599,A0A1C4VVS0,Type VII secretion-associated serine protease mycosin,,40479,Micromonospora echinospora (Micromonospora purpurea)
GA0070618_1600,A0A1C4VV57,ESAT-6-like protein,,10750,Micromonospora echinospora (Micromonospora purpurea)
GA0070618_1601,A0A1C4VV76,ESAT-6-like protein,,11569,Micromonospora echinospora (Micromonospora purpurea)
GA0070618_1602,A0A1C4VVC6,Type VII secretion protein EccE,,64477,Micromonospora echinospora (Micromonospora purpurea)
GA0070618_1603,A0A1C4VW42,Putative membrane protein,,13929,Micromonospora echinospora (Micromonospora purpurea)
GA0070618_1604,A0A1C4VVD1,Acetyltransferase (GNAT) family protein,,16537,Micromonospora echinospora (Micromonospora purpurea)
GA0070618_1605,A0A1C4VVD8,Chloramphenicol-sensitive protein RarD,,41683,Micromonospora echinospora (Micromonospora purpurea)
GA0070618_1606,A0A1C4VVH6,Putative zinc-finger,,24406,Micromonospora echinospora (Micromonospora purpurea)
GA0070618_1607,A0A1C4VVJ9,"RNA polymerase sigma-70 factor, ECF subfamily",,21328,Micromonospora echinospora (Micromonospora purpurea)
GA0070618_1608,A0A1C4VVL1,Phosphatase,,75582,Micromonospora echinospora (Micromonospora purpurea)
GA0070618_1609,A0A1C4VWA8,"Transcriptional regulator, IclR family",,28395,Micromonospora echinospora (Micromonospora purpurea)
GA0070618_1610,A0A1C4VVK1,"Predicted arabinose efflux permease, MFS family",,38393,Micromonospora echinospora (Micromonospora purpurea)
GA0070618_1611,A0A1C4VVM6,Heptaprenyl diphosphate synthase,,37824,Micromonospora echinospora (Micromonospora purpurea)
GA0070618_1612,A0A1C4VVN3,NADH-quinone oxidoreductase subunit N (EC 7.1.1.-) (NADH dehydrogenase I subunit N) (NDH-1 subunit N),7.1.1.-,53921,Micromonospora echinospora (Micromonospora purpurea)
GA0070618_1613,A0A1C4VVR3,NADH dehydrogenase subunit M,,54857,Micromonospora echinospora (Micromonospora purpurea)
GA0070618_1614,A0A1C4VVS3,NADH dehydrogenase subunit L,,68586,Micromonospora echinospora (Micromonospora purpurea)
GA0070618_1615,A0A1C4VVS7,NADH-quinone oxidoreductase subunit K (EC 7.1.1.-) (NADH dehydrogenase I subunit K) (NDH-1 subunit K),7.1.1.-,10814,Micromonospora echinospora (Micromonospora purpurea)
GA0070618_1616,A0A1C4VWC4,NADH-quinone oxidoreductase subunit J (EC 7.1.1.-),7.1.1.-,27060,Micromonospora echinospora (Micromonospora purpurea)
GA0070618_1617,A0A1C4VWD5,NADH-quinone oxidoreductase subunit I (EC 7.1.1.-) (NADH dehydrogenase I subunit I) (NDH-1 subunit I),7.1.1.-,23674,Micromonospora echinospora (Micromonospora purpurea)
GA0070618_1618,A0A1C4VVV6,NADH-quinone oxidoreductase subunit H (EC 7.1.1.-) (NADH dehydrogenase I subunit H) (NDH-1 subunit H),7.1.1.-,49474,Micromonospora echinospora (Micromonospora purpurea)
GA0070618_1619,A0A1C4VVW6,NADH-quinone oxidoreductase (EC 7.1.1.-),7.1.1.-,88762,Micromonospora echinospora (Micromonospora purpurea)
GA0070618_1620,A0A1C4VVS2,NADH-quinone oxidoreductase subunit F (EC 7.1.1.-),7.1.1.-,47957,Micromonospora echinospora (Micromonospora purpurea)
GA0070618_1621,A0A1C4VVX9,NADH dehydrogenase subunit E,,36343,Micromonospora echinospora (Micromonospora purpurea)
GA0070618_1622,A0A1C4VW15,NADH-quinone oxidoreductase subunit D (EC 7.1.1.-) (NADH dehydrogenase I subunit D) (NDH-1 subunit D),7.1.1.-,48996,Micromonospora echinospora (Micromonospora purpurea)
GA0070618_1623,A0A1C4VWR4,NADH-quinone oxidoreductase subunit C (EC 7.1.1.-) (NADH dehydrogenase I subunit C) (NDH-1 subunit C),7.1.1.-,27019,Micromonospora echinospora (Micromonospora purpurea)
GA0070618_1624,A0A1C4VW19,NADH-quinone oxidoreductase subunit B (EC 7.1.1.-) (NADH dehydrogenase I subunit B) (NDH-1 subunit B),7.1.1.-,25107,Micromonospora echinospora (Micromonospora purpurea)
GA0070618_1625,A0A1C4VW30,NADH-quinone oxidoreductase subunit A (EC 7.1.1.-) (NADH dehydrogenase I subunit A) (NDH-1 subunit A) (NUO1),7.1.1.-,13527,Micromonospora echinospora (Micromonospora purpurea)
GA0070618_1626,A0A1C4VW49,Geranylgeranyl reductase family,,45482,Micromonospora echinospora (Micromonospora purpurea)
GA0070618_1627,A0A1C4VW60,Uncharacterized protein,,8119,Micromonospora echinospora (Micromonospora purpurea)
GA0070618_1628,A0A1C4VW70,Demethylmenaquinone methyltransferase (EC 2.1.1.163),2.1.1.163,25279,Micromonospora echinospora (Micromonospora purpurea)
GA0070618_1629,A0A1C4VW89,LPXTG-motif cell wall anchor domain-containing protein,,41769,Micromonospora echinospora (Micromonospora purpurea)
GA0070618_1630,A0A1C4VWZ0,LPXTG-motif cell wall anchor domain-containing protein,,40699,Micromonospora echinospora (Micromonospora purpurea)
GA0070618_1631,A0A1C4VWA5,Cyclic dehypoxanthine futalosine synthase (Cyclic DHFL synthase) (EC 1.21.98.1) (Dehypoxanthine futalosine cyclase) (DHFL cyclase) (Menaquinone biosynthetic enzyme MqnC),1.21.98.1,44003,Micromonospora echinospora (Micromonospora purpurea)
GA0070618_1632,A0A1C4VWB5,ATP-grasp domain-containing protein,,32281,Micromonospora echinospora (Micromonospora purpurea)
GA0070618_1633,A0A1C4VWB9,"Ring-1,2-phenylacetyl-CoA epoxidase subunit PaaE",,39697,Micromonospora echinospora (Micromonospora purpurea)
GA0070618_1634,A0A1C4VWD0,"Ring-1,2-phenylacetyl-CoA epoxidase subunit PaaD",,16798,Micromonospora echinospora (Micromonospora purpurea)
GA0070618_1635,A0A1C4VW98,"Ring-1,2-phenylacetyl-CoA epoxidase subunit PaaC",,27662,Micromonospora echinospora (Micromonospora purpurea)
GA0070618_1636,A0A1C4VWU2,"Ring-1,2-phenylacetyl-CoA epoxidase subunit PaaB",,10583,Micromonospora echinospora (Micromonospora purpurea)
GA0070618_1637,A0A1C4VWC6,"Ring-1,2-phenylacetyl-CoA epoxidase subunit PaaA",,39948,Micromonospora echinospora (Micromonospora purpurea)
GA0070618_1638,A0A1C4VWI9,Beta-lactamase family protein,,33564,Micromonospora echinospora (Micromonospora purpurea)
GA0070618_1639,A0A1C4VWJ9,Beta-lactamase enzyme family,,34266,Micromonospora echinospora (Micromonospora purpurea)
GA0070618_1640,A0A1C4VWF8,Chorismate dehydratase (EC 4.2.1.151) (Menaquinone biosynthetic enzyme MqnA),4.2.1.151,30777,Micromonospora echinospora (Micromonospora purpurea)
GA0070618_1641,A0A1C4VWL8,"Predicted arabinose efflux permease, MFS family",,43149,Micromonospora echinospora (Micromonospora purpurea)
GA0070618_1642,A0A1C4VXA5,DNA helicase IV,,75764,Micromonospora echinospora (Micromonospora purpurea)
GA0070618_1643,A0A1C4VWN9,VOC domain-containing protein,,27049,Micromonospora echinospora (Micromonospora purpurea)
GA0070618_1644,A0A1C4VWN8,Iron complex transport system ATP-binding protein,,31236,Micromonospora echinospora (Micromonospora purpurea)
GA0070618_1645,A0A1C4VWR1,Iron complex transport system permease protein,,37815,Micromonospora echinospora (Micromonospora purpurea)
GA0070618_1646,A0A1C4VWS1,Iron complex transport system substrate-binding protein,,32895,Micromonospora echinospora (Micromonospora purpurea)
GA0070618_1647,A0A1C4VXF5,Zinc carboxypeptidase,,48548,Micromonospora echinospora (Micromonospora purpurea)
GA0070618_1648,A0A1C4VWS9,Peptidase_C39 like family protein,,48593,Micromonospora echinospora (Micromonospora purpurea)
GA0070618_1649,A0A1C4VWV3,DUF4229 domain-containing protein,,10978,Micromonospora echinospora (Micromonospora purpurea)
GA0070618_1650,A0A1C4VWW9,Uncharacterized protein,,14895,Micromonospora echinospora (Micromonospora purpurea)
GA0070618_1651,A0A1C4VXK2,Aminodeoxyfutalosine synthase (AFL synthase) (Aminofutalosine synthase) (EC 2.5.1.120) (Menaquinone biosynthetic enzyme MqnE),2.5.1.120,44740,Micromonospora echinospora (Micromonospora purpurea)
GA0070618_1652,A0A1C4VWW8,"Cell wall-associated hydrolase, NlpC family",,52955,Micromonospora echinospora (Micromonospora purpurea)
GA0070618_1653,A0A1C4VXA7,Uncharacterized protein,,23322,Micromonospora echinospora (Micromonospora purpurea)
GA0070618_1654,A0A1C4VWV0,Uncharacterized protein,,12677,Micromonospora echinospora (Micromonospora purpurea)
GA0070618_1655,A0A1C4VWY5,Superfamily II DNA and RNA helicase,,64307,Micromonospora echinospora (Micromonospora purpurea)
GA0070618_1656,A0A1C4VWZ4,Glycolipid-binding domain-containing protein,,25496,Micromonospora echinospora (Micromonospora purpurea)
GA0070618_1657,A0A1C4VXJ2,L-cysteine desulfhydrase Cds1 (EC 4.4.1.1),4.4.1.1,39300,Micromonospora echinospora (Micromonospora purpurea)
GA0070618_1658,A0A1C4VXQ9,NADP-dependent 3-hydroxy acid dehydrogenase YdfG,,27400,Micromonospora echinospora (Micromonospora purpurea)
GA0070618_1659,A0A1C4VX01,"Lrp/AsnC family transcriptional regulator, leucine-responsive regulatory protein",,16367,Micromonospora echinospora (Micromonospora purpurea)
GA0070618_1660,A0A1C4VXG4,"DNA binding domain-containing protein, excisionase family",,9462,Micromonospora echinospora (Micromonospora purpurea)
GA0070618_1661,A0A1C4VX34,4-hydroxy-3-polyprenylbenzoate decarboxylase,,21816,Micromonospora echinospora (Micromonospora purpurea)
GA0070618_1662,A0A1C4VX57,Terpene synthase (EC 4.2.3.-),4.2.3.-,35355,Micromonospora echinospora (Micromonospora purpurea)
GA0070618_1663,A0A1C4VX66,4-hydroxybenzoate polyprenyltransferase,,32428,Micromonospora echinospora (Micromonospora purpurea)
GA0070618_1664,A0A1C4VX73,"Menaquinone biosynthesis decarboxylase, SCO4490 family",,77496,Micromonospora echinospora (Micromonospora purpurea)
GA0070618_1665,A0A1C4VX84,"Transcriptional regulator, AlpA family",,8117,Micromonospora echinospora (Micromonospora purpurea)
GA0070618_1666,A0A1C4VXA6,Uncharacterized protein,,10487,Micromonospora echinospora (Micromonospora purpurea)
GA0070618_1667,A0A1C4VXA4,Uncharacterized protein,,7955,Micromonospora echinospora (Micromonospora purpurea)
GA0070618_1668,A0A1C4VX88,Peptidase family M23,,26087,Micromonospora echinospora (Micromonospora purpurea)
GA0070618_1669,A0A1C4VX83,Cytochrome c-type biogenesis protein CcsB,,36001,Micromonospora echinospora (Micromonospora purpurea)
GA0070618_1670,A0A1C4VXB9,Cytochrome c biogenesis protein,,59469,Micromonospora echinospora (Micromonospora purpurea)
GA0070618_1671,A0A1C4VXA1,Cytochrome c-type biogenesis protein,,31197,Micromonospora echinospora (Micromonospora purpurea)
GA0070618_1672,A0A1C4VXA8,Thiol-disulfide isomerase or thioredoxin,,19733,Micromonospora echinospora (Micromonospora purpurea)
GA0070618_1673,A0A1C4VXF6,Broad specificity phosphatase PhoE,,23418,Micromonospora echinospora (Micromonospora purpurea)
GA0070618_1674,A0A1C4VXZ7,"Glutamate-1-semialdehyde 2,1-aminomutase (GSA) (EC 5.4.3.8) (Glutamate-1-semialdehyde aminotransferase) (GSA-AT)",5.4.3.8,45552,Micromonospora echinospora (Micromonospora purpurea)
GA0070618_1675,A0A1C4VXG9,Anti-sigma factor antagonist,,11915,Micromonospora echinospora (Micromonospora purpurea)
GA0070618_1676,A0A1C4VXH6,Response regulator receiver domain-containing protein,,20670,Micromonospora echinospora (Micromonospora purpurea)
GA0070618_1677,A0A1C4VXX7,histidine kinase (EC 2.7.13.3),2.7.13.3,156121,Micromonospora echinospora (Micromonospora purpurea)
GA0070618_1678,A0A1C4VXL7,"Serine phosphatase RsbU, regulator of sigma subunit",,74457,Micromonospora echinospora (Micromonospora purpurea)
GA0070618_1679,A0A1C4VXI9,Glycolate oxidase FAD binding subunit,,52676,Micromonospora echinospora (Micromonospora purpurea)
GA0070618_1680,A0A1C4VXN6,Oligopeptidase B,,77443,Micromonospora echinospora (Micromonospora purpurea)
GA0070618_1681,A0A1C4VXN5,Threonine dehydratase,,32850,Micromonospora echinospora (Micromonospora purpurea)
GA0070618_1682,A0A1C4VY36,TIGR03086 family protein,,20391,Micromonospora echinospora (Micromonospora purpurea)
GA0070618_1683,A0A1C4VXT4,AraC-type DNA-binding protein,,30235,Micromonospora echinospora (Micromonospora purpurea)
GA0070618_1684,A0A1C4VXU5,"Serine phosphatase RsbU, regulator of sigma subunit",,55455,Micromonospora echinospora (Micromonospora purpurea)
GA0070618_1685,A0A1C4VXS5,histidine kinase (EC 2.7.13.3),2.7.13.3,48648,Micromonospora echinospora (Micromonospora purpurea)
GA0070618_1686,A0A1C4VY89,Anti-sigma regulatory factor (Ser/Thr protein kinase),,35036,Micromonospora echinospora (Micromonospora purpurea)
GA0070618_1687,A0A1C4VY02,Serine/threonine-protein kinase RsbT,,14599,Micromonospora echinospora (Micromonospora purpurea)
GA0070618_1688,A0A1C4VXY5,RsbT antagonist protein RsbS,,14465,Micromonospora echinospora (Micromonospora purpurea)
GA0070618_1689,A0A1C4VXZ5,RsbT co-antagonist protein RsbR,,31170,Micromonospora echinospora (Micromonospora purpurea)
GA0070618_1690,A0A1C4VXY0,Anti-sigma factor antagonist,,12411,Micromonospora echinospora (Micromonospora purpurea)
GA0070618_1691,A0A1C4VY42,"MFS transporter, CP family, cyanate transporter",,44624,Micromonospora echinospora (Micromonospora purpurea)
GA0070618_1692,A0A1C4VY57,"Transcriptional regulator, GntR family",,23489,Micromonospora echinospora (Micromonospora purpurea)
GA0070618_1693,A0A1C4VYU5,Large-conductance mechanosensitive channel,,17165,Micromonospora echinospora (Micromonospora purpurea)
GA0070618_1694,A0A1C4VY48,Uncharacterized protein,,9185,Micromonospora echinospora (Micromonospora purpurea)
GA0070618_1695,A0A1C4VYA4,PRC-barrel domain-containing protein,,12806,Micromonospora echinospora (Micromonospora purpurea)
GA0070618_1696,A0A1C4VYA6,Benzoate membrane transport protein,,44724,Micromonospora echinospora (Micromonospora purpurea)
GA0070618_1697,A0A1C4VY92,Helix-turn-helix,,20514,Micromonospora echinospora (Micromonospora purpurea)
GA0070618_1698,A0A1C4VY86,protein-serine/threonine phosphatase (EC 3.1.3.16),3.1.3.16,25187,Micromonospora echinospora (Micromonospora purpurea)
GA0070618_1699,A0A1C4VYF5,Predicted acetyltransferase,,43619,Micromonospora echinospora (Micromonospora purpurea)
GA0070618_1700,A0A1C4VZ34,PT repeat-containing protein,,31826,Micromonospora echinospora (Micromonospora purpurea)
GA0070618_1701,A0A1C4VYZ8,Nucleoside-diphosphate-sugar epimerase,,38932,Micromonospora echinospora (Micromonospora purpurea)
GA0070618_1702,A0A1C4VYF0,Uncharacterized protein,,8732,Micromonospora echinospora (Micromonospora purpurea)
GA0070618_1705,A0A1C4VYJ5,Transposase,,11178,Micromonospora echinospora (Micromonospora purpurea)
GA0070618_1706,A0A1C4VYK7,Transposase InsO and inactivated derivatives,,33383,Micromonospora echinospora (Micromonospora purpurea)
GA0070618_1707,A0A1C4VYI5,Methyltransferase domain-containing protein,,28155,Micromonospora echinospora (Micromonospora purpurea)
GA0070618_1708,A0A1C4VYN5,Helix-turn-helix domain-containing protein,,39716,Micromonospora echinospora (Micromonospora purpurea)
GA0070618_1709,A0A1C4VYQ7,Uncharacterized protein,,8707,Micromonospora echinospora (Micromonospora purpurea)
GA0070618_1710,A0A1C4VZ82,"Transcriptional regulator, contains XRE-family HTH domain",,43082,Micromonospora echinospora (Micromonospora purpurea)
GA0070618_1711,A0A1C4VZ29,Uncharacterized protein,,8538,Micromonospora echinospora (Micromonospora purpurea)
GA0070618_1713,A0A1C4VZA9,DUF5753 domain-containing protein,,12493,Micromonospora echinospora (Micromonospora purpurea)
GA0070618_1714,A0A1C4VYP1,Acetyltransferase (GNAT) family protein,,16266,Micromonospora echinospora (Micromonospora purpurea)
GA0070618_1715,A0A1C4VYX9,Antitoxin,,10141,Micromonospora echinospora (Micromonospora purpurea)
GA0070618_1716,A0A1C4VZ13,Putative mRNA interferase YoeB,,10188,Micromonospora echinospora (Micromonospora purpurea)
GA0070618_1717,A0A1C4VZ15,RDD family protein,,18847,Micromonospora echinospora (Micromonospora purpurea)
GA0070618_1718,A0A1C4VZC8,Uncharacterized protein,,16065,Micromonospora echinospora (Micromonospora purpurea)
GA0070618_1719,A0A1C4VZ63,Uncharacterized protein,,13292,Micromonospora echinospora (Micromonospora purpurea)
GA0070618_1720,A0A1C4VZ26,Prolyl oligopeptidase,,77940,Micromonospora echinospora (Micromonospora purpurea)
GA0070618_1721,A0A1C4VZG7,Lipoprotein,,29821,Micromonospora echinospora (Micromonospora purpurea)
GA0070618_1722,A0A1C4VZ59,Uncharacterized protein,,41830,Micromonospora echinospora (Micromonospora purpurea)
GA0070618_1723,A0A1C4VZX8,NADP-dependent 3-hydroxy acid dehydrogenase YdfG,,29319,Micromonospora echinospora (Micromonospora purpurea)
GA0070618_1724,A0A1C4VZ95,"Transcriptional regulator, TetR family",,21702,Micromonospora echinospora (Micromonospora purpurea)
GA0070618_1725,A0A1C4VZM7,"Acetyltransferase, GNAT family",,17989,Micromonospora echinospora (Micromonospora purpurea)
GA0070618_1726,A0A1C4VZE1,Threonylcarbamoyl-AMP synthase (TC-AMP synthase) (EC 2.7.7.87) (L-threonylcarbamoyladenylate synthase),2.7.7.87,33808,Micromonospora echinospora (Micromonospora purpurea)
GA0070618_1727,A0A1C4VZB7,Uncharacterized protein,,9101,Micromonospora echinospora (Micromonospora purpurea)
GA0070618_1728,A0A1C4VZH0,Uncharacterized protein,,37884,Micromonospora echinospora (Micromonospora purpurea)
GA0070618_1729,A0A1C4VZD6,"Alpha,alpha-trehalose phosphorylase",,89327,Micromonospora echinospora (Micromonospora purpurea)
GA0070618_1730,A0A1C4VZJ5,Undecaprenyl-diphosphatase,,22741,Micromonospora echinospora (Micromonospora purpurea)
GA0070618_1731,A0A1C4VZH8,Leader peptidase (Prepilin peptidase) / N-methyltransferase,,25866,Micromonospora echinospora (Micromonospora purpurea)
GA0070618_1732,A0A1C4W093,Mce-associated membrane protein,,23273,Micromonospora echinospora (Micromonospora purpurea)
GA0070618_1733,A0A1C4VZN3,ATP/GTP-binding protein,,33686,Micromonospora echinospora (Micromonospora purpurea)
GA0070618_1734,A0A1C4VZM6,SAF domain-containing protein,,22399,Micromonospora echinospora (Micromonospora purpurea)
GA0070618_1735,A0A1C4VZU5,Cellulose biosynthesis protein BcsQ,,27742,Micromonospora echinospora (Micromonospora purpurea)
GA0070618_1736,A0A1C4W0B3,"Pilus assembly protein, ATPase of CpaF family",,58987,Micromonospora echinospora (Micromonospora purpurea)
GA0070618_1737,A0A1C4VZT0,Flp pilus assembly protein TadB,,31325,Micromonospora echinospora (Micromonospora purpurea)
GA0070618_1738,A0A1C4W048,"Type II secretion system (T2SS), protein F",,31236,Micromonospora echinospora (Micromonospora purpurea)
GA0070618_1739,A0A1C4VZW5,Uncharacterized protein,,6797,Micromonospora echinospora (Micromonospora purpurea)
GA0070618_1740,A0A1C4VZX2,TadE-like protein,,15176,Micromonospora echinospora (Micromonospora purpurea)
GA0070618_1741,A0A1C4W084,TadE-like domain-containing protein,,17342,Micromonospora echinospora (Micromonospora purpurea)
GA0070618_1742,A0A1C4VZW9,Putative Flp pilus-assembly TadE/G-like,,17136,Micromonospora echinospora (Micromonospora purpurea)
GA0070618_1743,A0A1C4W0K3,LysM domain-containing protein,,37354,Micromonospora echinospora (Micromonospora purpurea)
GA0070618_1744,A0A1C4W0C2,Ferredoxin subunit of nitrite reductase or a ring-hydroxylating dioxygenase,,30051,Micromonospora echinospora (Micromonospora purpurea)
GA0070618_1745,A0A1C4W080,"Cob(II)yrinic acid a,c-diamide reductase",,23232,Micromonospora echinospora (Micromonospora purpurea)
GA0070618_1746,A0A1C4W032,Inner membrane transporter RhtA,,30240,Micromonospora echinospora (Micromonospora purpurea)
GA0070618_1747,A0A1C4W076,Enoyl-CoA hydratase,,26511,Micromonospora echinospora (Micromonospora purpurea)
GA0070618_1748,A0A1C4W078,Uncharacterized protein,,28942,Micromonospora echinospora (Micromonospora purpurea)
GA0070618_1749,A0A1C4W065,NlpC/P60 family protein,,38262,Micromonospora echinospora (Micromonospora purpurea)
GA0070618_1750,A0A1C4W0A9,Poly-gamma-glutamate biosynthesis protein PgsC/CapC,,16918,Micromonospora echinospora (Micromonospora purpurea)
GA0070618_1751,A0A1C4W0W9,Poly-gamma-glutamate synthase PgsB/CapB,,46486,Micromonospora echinospora (Micromonospora purpurea)
GA0070618_1752,A0A1C4W0J5,HAMP domain-containing protein,,77758,Micromonospora echinospora (Micromonospora purpurea)
GA0070618_1753,A0A1C4W0F8,Poly-gamma-glutamate synthesis protein (Capsule biosynthesis protein),,43329,Micromonospora echinospora (Micromonospora purpurea)
GA0070618_1754,A0A1C4W153,"Pyruvate/2-oxoglutarate dehydrogenase complex, dihydrolipoamide dehydrogenase (E3) component",,51243,Micromonospora echinospora (Micromonospora purpurea)
GA0070618_1755,A0A1C4W0M2,Diamine N-acetyltransferase,,18466,Micromonospora echinospora (Micromonospora purpurea)
GA0070618_1756,A0A1C4W0T4,Immunity protein 8,,13963,Micromonospora echinospora (Micromonospora purpurea)
GA0070618_1757,A0A1C4W0Q0,"CubicO group peptidase, beta-lactamase class C family",,39223,Micromonospora echinospora (Micromonospora purpurea)
GA0070618_1758,A0A1C4W0L7,Phytoene synthase,,34023,Micromonospora echinospora (Micromonospora purpurea)
GA0070618_1759,A0A1C4W1B9,"Geranylgeranyl diphosphate synthase, type I",,40717,Micromonospora echinospora (Micromonospora purpurea)
GA0070618_1760,A0A1C4W0S8,Phytoene desaturase,,53550,Micromonospora echinospora (Micromonospora purpurea)
GA0070618_1761,A0A1C4W0W6,Isopentenyl-diphosphate Delta-isomerase (IPP isomerase) (EC 5.3.3.2) (IPP:DMAPP isomerase) (Isopentenyl pyrophosphate isomerase),5.3.3.2,21826,Micromonospora echinospora (Micromonospora purpurea)
GA0070618_1762,A0A1C4W166,B12 binding domain-containing protein,,32512,Micromonospora echinospora (Micromonospora purpurea)
GA0070618_1763,A0A1C4W0X3,Polysaccharide deacetylase,,28663,Micromonospora echinospora (Micromonospora purpurea)
GA0070618_1767,A0A1C4W0Y5,"Catechol 2,3-dioxygenase",,16299,Micromonospora echinospora (Micromonospora purpurea)
GA0070618_1768,A0A1C4W0W8,Arsenical resistance operon repressor,,13113,Micromonospora echinospora (Micromonospora purpurea)
GA0070618_1769,A0A1C4W1M7,Glycerol uptake facilitator (Major Intrinsic Protein Family),,24672,Micromonospora echinospora (Micromonospora purpurea)
GA0070618_1770,A0A1C4W1E2,Arsenate reductase,,14741,Micromonospora echinospora (Micromonospora purpurea)
GA0070618_1771,A0A1C4W151,Small multidrug resistance family-3 protein,,12021,Micromonospora echinospora (Micromonospora purpurea)
GA0070618_1772,A0A1C4W1D6,Phosphinothricin acetyltransferase,,18871,Micromonospora echinospora (Micromonospora purpurea)
GA0070618_1773,A0A1C4W179,"Transcriptional regulator, TetR family",,17888,Micromonospora echinospora (Micromonospora purpurea)
GA0070618_1774,A0A1C4W1A1,Small multidrug resistance pump,,10733,Micromonospora echinospora (Micromonospora purpurea)
GA0070618_1775,A0A1C4W1W9,"Uncharacterized conserved protein YndB, AHSA1/START domain",,19528,Micromonospora echinospora (Micromonospora purpurea)
GA0070618_1776,A0A1C4W226,DUF2786 domain-containing protein,,25028,Micromonospora echinospora (Micromonospora purpurea)
GA0070618_1777,A0A1C4W1D8,Peptidase inhibitor family I36,,15505,Micromonospora echinospora (Micromonospora purpurea)
GA0070618_1778,A0A1C4W1M9,DUF4214 domain-containing protein,,13604,Micromonospora echinospora (Micromonospora purpurea)
GA0070618_1779,A0A1C4W1G8,"Amino acid/amide ABC transporter substrate-binding protein, HAAT family",,46594,Micromonospora echinospora (Micromonospora purpurea)
GA0070618_1780,A0A1C4W1R0,Enoyl-CoA hydratase/carnithine racemase,,26495,Micromonospora echinospora (Micromonospora purpurea)
GA0070618_1781,A0A1C4W1K9,3-hydroxyacyl-CoA dehydrogenase,,29830,Micromonospora echinospora (Micromonospora purpurea)
GA0070618_1782,A0A1C4W1L1,Uncharacterized protein,,10140,Micromonospora echinospora (Micromonospora purpurea)
GA0070618_1783,A0A1C4W1J4,Methyltransferase domain-containing protein,,26747,Micromonospora echinospora (Micromonospora purpurea)
GA0070618_1784,A0A1C4W293,Pyridoxamine 5'-phosphate oxidase putative domain-containing protein,,13833,Micromonospora echinospora (Micromonospora purpurea)
GA0070618_1785,A0A1C4W1S6,"DNA binding domain-containing protein, excisionase family",,7782,Micromonospora echinospora (Micromonospora purpurea)
GA0070618_1786,A0A1C4W1N5,Uncharacterized protein,,31048,Micromonospora echinospora (Micromonospora purpurea)
GA0070618_1787,A0A1C4W2C9,Valine dehydrogenase (NAD+),,38182,Micromonospora echinospora (Micromonospora purpurea)
GA0070618_1788,A0A1C4W1T9,DUF3073 family protein,,8203,Micromonospora echinospora (Micromonospora purpurea)
GA0070618_1789,A0A1C4W2K3,Uncharacterized protein,,8583,Micromonospora echinospora (Micromonospora purpurea)
GA0070618_1790,A0A1C4W1X2,Radical SAM core domain-containing protein,,41368,Micromonospora echinospora (Micromonospora purpurea)
GA0070618_1791,A0A1C4W200,Phosphoribosylformylglycinamidine cyclo-ligase (EC 6.3.3.1) (AIR synthase) (AIRS) (Phosphoribosyl-aminoimidazole synthetase),6.3.3.1,40630,Micromonospora echinospora (Micromonospora purpurea)
GA0070618_1792,A0A1C4W202,Amidophosphoribosyltransferase (ATase) (EC 2.4.2.14) (Glutamine phosphoribosylpyrophosphate amidotransferase) (GPATase),2.4.2.14,55504,Micromonospora echinospora (Micromonospora purpurea)
GA0070618_1793,A0A1C4W275,Bacterial SCP orthologue domain-containing protein,,15368,Micromonospora echinospora (Micromonospora purpurea)
GA0070618_1794,A0A1C4W240,Carboxypeptidase regulatory-like domain-containing protein,,65495,Micromonospora echinospora (Micromonospora purpurea)
GA0070618_1795,A0A1C4W280,Probable 2-phosphosulfolactate phosphatase,,25347,Micromonospora echinospora (Micromonospora purpurea)
GA0070618_1796,A0A1C4W2E9,Phosphoribosylformylglycinamidine synthase subunit PurL (FGAM synthase) (EC 6.3.5.3) (Formylglycinamide ribonucleotide amidotransferase subunit II) (FGAR amidotransferase II) (FGAR-AT II) (Glutamine amidotransferase PurL) (Phosphoribosylformylglycinamidine synthase subunit II),6.3.5.3,95678,Micromonospora echinospora (Micromonospora purpurea)
GA0070618_1797,A0A1C4W2D8,Phosphoribosylformylglycinamidine synthase subunit PurQ (FGAM synthase) (EC 6.3.5.3) (Formylglycinamide ribonucleotide amidotransferase subunit I) (FGAR amidotransferase I) (FGAR-AT I) (Glutaminase PurQ) (EC 3.5.1.2) (Phosphoribosylformylglycinamidine synthase subunit I),3.5.1.2; 6.3.5.3,23810,Micromonospora echinospora (Micromonospora purpurea)
GA0070618_1798,A0A1C4W2C1,Phosphoribosylformylglycinamidine synthase subunit PurS (FGAM synthase) (EC 6.3.5.3) (Formylglycinamide ribonucleotide amidotransferase subunit III) (FGAR amidotransferase III) (FGAR-AT III) (Phosphoribosylformylglycinamidine synthase subunit III),6.3.5.3,9545,Micromonospora echinospora (Micromonospora purpurea)
GA0070618_1799,A0A1C4W282,Trypsin,,23356,Micromonospora echinospora (Micromonospora purpurea)
GA0070618_1800,A0A1C4W2D0,"Uncharacterized conserved protein YbjQ, UPF0145 family",,16287,Micromonospora echinospora (Micromonospora purpurea)
GA0070618_1801,A0A1C4W2X7,Adenylosuccinate lyase (ASL) (EC 4.3.2.2) (Adenylosuccinase),4.3.2.2,51584,Micromonospora echinospora (Micromonospora purpurea)
GA0070618_1802,A0A1C4W2F0,HTH cro/C1-type domain-containing protein,,16875,Micromonospora echinospora (Micromonospora purpurea)
GA0070618_1803,A0A1C4W2N2,IrrE N-terminal-like domain-containing protein,,18604,Micromonospora echinospora (Micromonospora purpurea)
GA0070618_1804,A0A1C4W2I1,DUF6545 domain-containing protein,,43200,Micromonospora echinospora (Micromonospora purpurea)
GA0070618_1805,A0A1C4W2L6,"DNA-binding transcriptional regulator, MerR family",,29554,Micromonospora echinospora (Micromonospora purpurea)
GA0070618_1806,A0A1C4W2J5,Glyoxalase-like domain,,19598,Micromonospora echinospora (Micromonospora purpurea)
GA0070618_1807,A0A1C4W2T0,Acetyltransferase (GNAT) family protein,,17387,Micromonospora echinospora (Micromonospora purpurea)
GA0070618_1808,A0A1C4W2L4,"Transcriptional regulator, AraC family",,31725,Micromonospora echinospora (Micromonospora purpurea)
GA0070618_1809,A0A1C4W2V1,Uncharacterized protein,,45885,Micromonospora echinospora (Micromonospora purpurea)
GA0070618_1810,A0A1C4W2T2,"RNA polymerase sigma-70 factor, sigma-E family",,19966,Micromonospora echinospora (Micromonospora purpurea)
GA0070618_1811,A0A1C4W2U2,Uncharacterized protein,,9509,Micromonospora echinospora (Micromonospora purpurea)
GA0070618_1812,A0A1C4W2T1,TNT domain-containing protein,,29757,Micromonospora echinospora (Micromonospora purpurea)
GA0070618_1813,A0A1C4W2R7,Acetyl-CoA C-acetyltransferase,,45775,Micromonospora echinospora (Micromonospora purpurea)
GA0070618_1814,A0A1C4W2Y2,3-oxoacyl-[acyl-carrier protein] reductase,,47597,Micromonospora echinospora (Micromonospora purpurea)
GA0070618_1815,A0A1C4W3G0,Acyl dehydratase,,30744,Micromonospora echinospora (Micromonospora purpurea)
GA0070618_1816,A0A1C4W2V7,8-oxo-dGTP diphosphatase,,27463,Micromonospora echinospora (Micromonospora purpurea)
GA0070618_1817,A0A1C4W3I3,Protein kinase domain-containing protein,,36231,Micromonospora echinospora (Micromonospora purpurea)
GA0070618_1818,A0A1C4W309,VWA domain-containing protein,,36356,Micromonospora echinospora (Micromonospora purpurea)
GA0070618_1819,A0A1C4W388,Adenylosuccinate synthetase (AMPSase) (AdSS) (EC 6.3.4.4) (IMP--aspartate ligase),6.3.4.4,46036,Micromonospora echinospora (Micromonospora purpurea)
GA0070618_1820,A0A1C4W339,HEAT repeat protein,,47892,Micromonospora echinospora (Micromonospora purpurea)
GA0070618_1821,A0A1C4W366,"Transcriptional regulator, TetR family",,23506,Micromonospora echinospora (Micromonospora purpurea)
GA0070618_1822,A0A1C4W3D8,SCP-2 sterol transfer family protein,,16095,Micromonospora echinospora (Micromonospora purpurea)
GA0070618_1823,A0A1C4W395,Acyl-CoA dehydrogenase,,43860,Micromonospora echinospora (Micromonospora purpurea)
GA0070618_1824,A0A1C4W3E1,Acyl-CoA synthetase (AMP-forming)/AMP-acid ligase II,,55466,Micromonospora echinospora (Micromonospora purpurea)
GA0070618_1825,A0A1C4W390,"N,N-dimethylformamidase beta subunit-like C-terminal domain-containing protein",,56108,Micromonospora echinospora (Micromonospora purpurea)
GA0070618_1826,A0A1C4W3I5,Phosphoribosylamine--glycine ligase (EC 6.3.4.13) (GARS) (Glycinamide ribonucleotide synthetase) (Phosphoribosylglycinamide synthetase),6.3.4.13,41735,Micromonospora echinospora (Micromonospora purpurea)
GA0070618_1827,A0A1C4W3I2,Adenylosuccinate synthetase (AMPSase) (AdSS) (EC 6.3.4.4) (IMP--aspartate ligase),6.3.4.4,47088,Micromonospora echinospora (Micromonospora purpurea)
GA0070618_1828,A0A1C4W3Z5,DAGKc domain-containing protein,,35802,Micromonospora echinospora (Micromonospora purpurea)
GA0070618_1829,A0A1C4W3F0,Uncharacterized protein,,34603,Micromonospora echinospora (Micromonospora purpurea)
GA0070618_1830,A0A1C4W3P6,MinD-like ATPase involved in chromosome partitioning or flagellar assembly,,46110,Micromonospora echinospora (Micromonospora purpurea)
GA0070618_1831,A0A1C4W429,DUF3151 domain-containing protein,,15373,Micromonospora echinospora (Micromonospora purpurea)
GA0070618_1832,A0A1C4W3I7,Rossmann-fold nucleotide-binding protein,,42921,Micromonospora echinospora (Micromonospora purpurea)
GA0070618_1833,A0A1C4W446,Fructose-bisphosphate aldolase (FBP aldolase) (EC 4.1.2.13),4.1.2.13,36738,Micromonospora echinospora (Micromonospora purpurea)
GA0070618_1834,A0A1C4W3P1,Putative membrane protein,,13128,Micromonospora echinospora (Micromonospora purpurea)
GA0070618_1835,A0A1C4W3M4,DUF5709 domain-containing protein,,7686,Micromonospora echinospora (Micromonospora purpurea)
GA0070618_1836,A0A1C4W486,LPXTG-motif cell wall anchor domain-containing protein,,53881,Micromonospora echinospora (Micromonospora purpurea)
GA0070618_1837,A0A1C4W3T0,Membrane-associated protein,,49053,Micromonospora echinospora (Micromonospora purpurea)
GA0070618_1838,A0A1C4W3U6,Arsenical resistance operon repressor,,13504,Micromonospora echinospora (Micromonospora purpurea)
GA0070618_1839,A0A1C4W3R7,Orotate phosphoribosyltransferase (OPRT) (OPRTase) (EC 2.4.2.10),2.4.2.10,18871,Micromonospora echinospora (Micromonospora purpurea)
GA0070618_1840,A0A1C4W406,Short-chain dehydrogenase,,29583,Micromonospora echinospora (Micromonospora purpurea)
GA0070618_1841,A0A1C4W419,Uncharacterized protein,,20687,Micromonospora echinospora (Micromonospora purpurea)
GA0070618_1842,A0A1C4W3X3,Uncharacterized protein,,29071,Micromonospora echinospora (Micromonospora purpurea)
GA0070618_1843,A0A1C4W415,Polyamine aminopropyltransferase (Putrescine aminopropyltransferase) (PAPT) (Spermidine synthase) (SPDS) (SPDSY) (EC 2.5.1.16),2.5.1.16,56181,Micromonospora echinospora (Micromonospora purpurea)
GA0070618_1844,A0A1C4W404,MYXO-CTERM domain-containing protein,,27027,Micromonospora echinospora (Micromonospora purpurea)
GA0070618_1845,A0A1C4W465,DUF350 domain-containing protein,,14268,Micromonospora echinospora (Micromonospora purpurea)
GA0070618_1846,A0A1C4W4A7,DUF4247 domain-containing protein,,15268,Micromonospora echinospora (Micromonospora purpurea)
GA0070618_1847,A0A1C4W493,DUF2617 family protein,,18145,Micromonospora echinospora (Micromonospora purpurea)
GA0070618_1848,A0A1C4W4D6,DUF4178 domain-containing protein,,22793,Micromonospora echinospora (Micromonospora purpurea)
GA0070618_1849,A0A1C4W4Q0,Uncharacterized protein,,29699,Micromonospora echinospora (Micromonospora purpurea)
GA0070618_1850,A0A1C4W4A8,Chaperone protein ClpB,,94056,Micromonospora echinospora (Micromonospora purpurea)
GA0070618_1851,A0A1C4W4H7,Exo-alpha-sialidase,,39782,Micromonospora echinospora (Micromonospora purpurea)
GA0070618_1852,A0A1C4W4G5,"Potassium/proton antiporter regulatory subunit, CPA2 family",,17600,Micromonospora echinospora (Micromonospora purpurea)
GA0070618_1853,A0A1C4W4F8,"Potassium/proton antiporter membrane subunit, CPA2 family",,41433,Micromonospora echinospora (Micromonospora purpurea)
GA0070618_1854,A0A1C4W4J4,Uncharacterized protein,,16204,Micromonospora echinospora (Micromonospora purpurea)
GA0070618_1855,A0A1C4W4I6,Uncharacterized protein,,8114,Micromonospora echinospora (Micromonospora purpurea)
GA0070618_1856,A0A1C4W4K8,"MerR family transcriptional regulator, heat shock protein HspR",,16136,Micromonospora echinospora (Micromonospora purpurea)
GA0070618_1857,A0A1C4W511,Chaperone protein DnaJ,,41440,Micromonospora echinospora (Micromonospora purpurea)
GA0070618_1858,A0A1C4W4M6,Protein GrpE (HSP-70 cofactor),,23559,Micromonospora echinospora (Micromonospora purpurea)
GA0070618_1859,A0A1C4W4S2,Chaperone protein DnaK (HSP70) (Heat shock 70 kDa protein) (Heat shock protein 70),,66165,Micromonospora echinospora (Micromonospora purpurea)
GA0070618_1860,A0A1C4W4U2,Dynamin family protein,,63925,Micromonospora echinospora (Micromonospora purpurea)
GA0070618_1861,A0A1C4W4R1,GTP-binding protein EngB required for normal cell division,,59941,Micromonospora echinospora (Micromonospora purpurea)
GA0070618_1862,A0A1C4W4U3,Uncharacterized protein,,43809,Micromonospora echinospora (Micromonospora purpurea)
GA0070618_1863,A0A1C4W4Y7,ATP-NAD kinase,,32477,Micromonospora echinospora (Micromonospora purpurea)
GA0070618_1864,A0A1C4W4X4,SPFH domain / Band 7 family protein,,38340,Micromonospora echinospora (Micromonospora purpurea)
GA0070618_1865,A0A1C4W518,8-oxo-dGTP diphosphatase,,24915,Micromonospora echinospora (Micromonospora purpurea)
GA0070618_1866,A0A1C4W531,PAP2 superfamily protein,,17811,Micromonospora echinospora (Micromonospora purpurea)
GA0070618_1867,A0A1C4W5K8,Uncharacterized protein,,6882,Micromonospora echinospora (Micromonospora purpurea)
GA0070618_1868,A0A1C4W515,Pyruvate dehydrogenase E1 component alpha subunit,,43368,Micromonospora echinospora (Micromonospora purpurea)
GA0070618_1869,A0A1C4W554,Pyruvate dehydrogenase E1 component beta subunit,,35839,Micromonospora echinospora (Micromonospora purpurea)
GA0070618_1870,A0A1C4W591,Dihydrolipoamide acetyltransferase component of pyruvate dehydrogenase complex (EC 2.3.1.-),2.3.1.-,50522,Micromonospora echinospora (Micromonospora purpurea)
GA0070618_1871,A0A1C4W5C9,Uncharacterized protein,,5542,Micromonospora echinospora (Micromonospora purpurea)
GA0070618_1872,A0A1C4W5C5,Uncharacterized protein,,90109,Micromonospora echinospora (Micromonospora purpurea)
GA0070618_1873,A0A1C4W5U1,Ricin-type beta-trefoil lectin domain-containing protein,,56088,Micromonospora echinospora (Micromonospora purpurea)
GA0070618_1874,A0A1C4W5C4,Alpha/beta hydrolase family,,58525,Micromonospora echinospora (Micromonospora purpurea)
GA0070618_1875,A0A1C4W5C2,Thiol-disulfide isomerase or thioredoxin,,66222,Micromonospora echinospora (Micromonospora purpurea)
GA0070618_1876,A0A1C4W5Z1,Uncharacterized protein,,24097,Micromonospora echinospora (Micromonospora purpurea)
GA0070618_1877,A0A1C4W5F3,CchlT,,46489,Micromonospora echinospora (Micromonospora purpurea)
GA0070618_1878,A0A1C4W5J6,Pectate lyase,,52198,Micromonospora echinospora (Micromonospora purpurea)
GA0070618_1879,A0A1C4W5P9,Pectinesterase (EC 3.1.1.11),3.1.1.11,51158,Micromonospora echinospora (Micromonospora purpurea)
GA0070618_1880,A0A1C4W5R1,"Predicted DNA-binding transcriptional regulator YafY, contains an HTH and WYL domains",,35394,Micromonospora echinospora (Micromonospora purpurea)
GA0070618_1881,A0A1C4W5S6,DinB superfamily protein,,21574,Micromonospora echinospora (Micromonospora purpurea)
GA0070618_1882,A0A1C4W5Q3,Glyoxalase-like domain-containing protein,,15604,Micromonospora echinospora (Micromonospora purpurea)
GA0070618_1883,A0A1C4W5R6,UPF0271 protein,,26233,Micromonospora echinospora (Micromonospora purpurea)
GA0070618_1884,A0A1C4W5X2,Biotin-dependent carboxylase uncharacterized domain-containing protein,,29286,Micromonospora echinospora (Micromonospora purpurea)
GA0070618_1885,A0A1C4W6A1,"Sensor histidine kinase inhibitor, KipI family",,25599,Micromonospora echinospora (Micromonospora purpurea)
GA0070618_1886,A0A1C4W5X9,Hemolysin III,,24857,Micromonospora echinospora (Micromonospora purpurea)
GA0070618_1887,A0A1C4W5W7,DUF6458 domain-containing protein,,10420,Micromonospora echinospora (Micromonospora purpurea)
GA0070618_1888,A0A1C4W602,Phosphohistidine phosphatase,,23647,Micromonospora echinospora (Micromonospora purpurea)
GA0070618_1889,A0A1C4W619,Uncharacterized protein,,9887,Micromonospora echinospora (Micromonospora purpurea)
GA0070618_1890,A0A1C4W626,UvrC family homology region profile domain-containing protein,,67826,Micromonospora echinospora (Micromonospora purpurea)
GA0070618_1891,A0A1C4W671,Stage II sporulation protein E (SpoIIE),,39061,Micromonospora echinospora (Micromonospora purpurea)
GA0070618_1892,A0A1C4W6K1,Probable endolytic peptidoglycan transglycosylase RlpA (EC 4.2.2.-),4.2.2.-,21661,Micromonospora echinospora (Micromonospora purpurea)
GA0070618_1893,A0A1C4W6A9,Adenine phosphoribosyltransferase,,19610,Micromonospora echinospora (Micromonospora purpurea)
GA0070618_1894,A0A1C4W6M6,Uncharacterized protein YhfF,,15497,Micromonospora echinospora (Micromonospora purpurea)
GA0070618_1895,A0A1C4W6C7,Luciferase-like monooxygenase,,32283,Micromonospora echinospora (Micromonospora purpurea)
GA0070618_1897,A0A1C4W6D8,Uncharacterized protein,,26560,Micromonospora echinospora (Micromonospora purpurea)
GA0070618_1900,A0A1C4W6D2,Pregnancy-associated plasma protein-A,,34524,Micromonospora echinospora (Micromonospora purpurea)
GA0070618_1901,A0A1C4W747,Pyridoxamine 5'-phosphate oxidase,,20164,Micromonospora echinospora (Micromonospora purpurea)
GA0070618_1902,A0A1C4W6X4,"dCTP deaminase, dUMP-forming (EC 3.5.4.30) (Bifunctional dCTP deaminase:dUTPase) (DCD-DUT)",3.5.4.30,21178,Micromonospora echinospora (Micromonospora purpurea)
GA0070618_1903,A0A1C4W6M7,"Cell wall-associated hydrolase, NlpC family",,37176,Micromonospora echinospora (Micromonospora purpurea)
GA0070618_1904,A0A1C4W797,"Cell wall-associated hydrolase, NlpC family",,36604,Micromonospora echinospora (Micromonospora purpurea)
GA0070618_1906,A0A1C4W708,Fe-S oxidoreductase,,79223,Micromonospora echinospora (Micromonospora purpurea)
GA0070618_1907,A0A1C4W6N2,Cell division protein CrgA,,9695,Micromonospora echinospora (Micromonospora purpurea)
GA0070618_1908,A0A1C4W6W9,"Uncharacterized conserved protein YlxW, UPF0749 family",,28334,Micromonospora echinospora (Micromonospora purpurea)
GA0070618_1909,A0A1C4W6U9,Sortase A,,38431,Micromonospora echinospora (Micromonospora purpurea)
GA0070618_1910,A0A1C4W6T4,Uncharacterized protein,,10318,Micromonospora echinospora (Micromonospora purpurea)
GA0070618_1911,A0A1C4W6X7,"Anthranilate synthase, component II",,23008,Micromonospora echinospora (Micromonospora purpurea)
GA0070618_1912,A0A1C4W720,non-specific serine/threonine protein kinase (EC 2.7.11.1),2.7.11.1,64201,Micromonospora echinospora (Micromonospora purpurea)
GA0070618_1913,A0A1C4W6X2,non-specific serine/threonine protein kinase (EC 2.7.11.1),2.7.11.1,49950,Micromonospora echinospora (Micromonospora purpurea)
GA0070618_1914,A0A1C4W7B8,"Cell elongation-specific peptidoglycan D,D-transpeptidase",,52985,Micromonospora echinospora (Micromonospora purpurea)
GA0070618_1915,A0A1C4W7P9,Cell elongation-specific peptidoglycan biosynthesis regulator RodA,,52382,Micromonospora echinospora (Micromonospora purpurea)
GA0070618_1916,A0A1C4W756,protein-serine/threonine phosphatase (EC 3.1.3.16),3.1.3.16,49947,Micromonospora echinospora (Micromonospora purpurea)
GA0070618_1917,A0A1C4W7F5,FHA domain-containing protein,,17305,Micromonospora echinospora (Micromonospora purpurea)
GA0070618_1918,A0A1C4W7A0,FHA domain-containing protein,,27777,Micromonospora echinospora (Micromonospora purpurea)
GA0070618_1920,A0A1C4W7V8,CDP-paratose 2-epimerase,,39954,Micromonospora echinospora (Micromonospora purpurea)
GA0070618_1921,A0A1C4W7D0,"Polymer biosynthesis protein, WecB/TagA/CpsF family",,29579,Micromonospora echinospora (Micromonospora purpurea)
GA0070618_1922,A0A1C4W7C5,"Serine protease, subtilisin family",,52412,Micromonospora echinospora (Micromonospora purpurea)
GA0070618_1923,A0A1C4W796,Uncharacterized protein,,20548,Micromonospora echinospora (Micromonospora purpurea)
GA0070618_1924,A0A1C4W811,Uncharacterized protein,,14461,Micromonospora echinospora (Micromonospora purpurea)
GA0070618_1925,A0A1C4W7H9,DUF397 domain-containing protein,,7957,Micromonospora echinospora (Micromonospora purpurea)
GA0070618_1926,A0A1C4W7E9,Helix-turn-helix domain-containing protein,,36118,Micromonospora echinospora (Micromonospora purpurea)
GA0070618_1927,A0A1C4W7G0,Uncharacterized protein,,10730,Micromonospora echinospora (Micromonospora purpurea)
GA0070618_1928,A0A1C4W7J3,Uncharacterized protein,,15424,Micromonospora echinospora (Micromonospora purpurea)
GA0070618_1929,A0A1C4W7M0,non-specific serine/threonine protein kinase (EC 2.7.11.1),2.7.11.1,26898,Micromonospora echinospora (Micromonospora purpurea)
GA0070618_1930,A0A1C4W7M8,Uncharacterized protein,,47243,Micromonospora echinospora (Micromonospora purpurea)
GA0070618_1931,A0A1C4W7J9,Glutamate--cysteine ligase,,55446,Micromonospora echinospora (Micromonospora purpurea)
GA0070618_1932,A0A1C4W7N6,"DNA-binding transcriptional regulator, MarR family",,19682,Micromonospora echinospora (Micromonospora purpurea)
GA0070618_1933,A0A1C4W7S3,Predicted ATPase,,90759,Micromonospora echinospora (Micromonospora purpurea)
GA0070618_1934,A0A1C4W7S4,Acyl-CoA dehydrogenase,,41758,Micromonospora echinospora (Micromonospora purpurea)
GA0070618_1935,A0A1C4W7U7,"Acetyl-CoA carboxylase, carboxyltransferase component",,54453,Micromonospora echinospora (Micromonospora purpurea)
GA0070618_1936,A0A1C4W7X0,Hydroxymethylglutaryl-CoA lyase,,32456,Micromonospora echinospora (Micromonospora purpurea)
GA0070618_1937,A0A1C4W7T7,Uncharacterized protein,,6961,Micromonospora echinospora (Micromonospora purpurea)
GA0070618_1938,A0A1C4W7T6,Uncharacterized protein,,35183,Micromonospora echinospora (Micromonospora purpurea)
GA0070618_1939,A0A1C4W7X8,biotin carboxylase (EC 6.3.4.14),6.3.4.14,47185,Micromonospora echinospora (Micromonospora purpurea)
GA0070618_1940,A0A1C4W7Z5,"Transcriptional regulator, TetR family",,22326,Micromonospora echinospora (Micromonospora purpurea)
GA0070618_1941,A0A1C4W8M4,Sulfurtransferase,,33738,Micromonospora echinospora (Micromonospora purpurea)
GA0070618_1942,A0A1C4W8N3,Amidohydrolase family protein,,15263,Micromonospora echinospora (Micromonospora purpurea)
GA0070618_1943,A0A1C4W844,Lysophospholipase L1,,28072,Micromonospora echinospora (Micromonospora purpurea)
GA0070618_1944,A0A1C4W857,Proline--tRNA ligase (EC 6.1.1.15) (Prolyl-tRNA synthetase) (ProRS),6.1.1.15,63455,Micromonospora echinospora (Micromonospora purpurea)
GA0070618_1945,A0A1C4W856,CBS domain-containing protein,,15163,Micromonospora echinospora (Micromonospora purpurea)
GA0070618_1946,A0A1C4W864,Cysteine desulfuration protein SufE,,15088,Micromonospora echinospora (Micromonospora purpurea)
GA0070618_1947,A0A1C4W850,"Predicted dithiol-disulfide isomerase, DsbA family",,22631,Micromonospora echinospora (Micromonospora purpurea)
GA0070618_1948,A0A1C4W851,"Cys-tRNA(Pro) deacylase, prolyl-tRNA editing enzyme YbaK/EbsC",,18933,Micromonospora echinospora (Micromonospora purpurea)
GA0070618_1949,A0A1C4W870,CcmD family protein,,6775,Micromonospora echinospora (Micromonospora purpurea)
GA0070618_1951,A0A1C4W8I6,Uncharacterized protein,,8999,Micromonospora echinospora (Micromonospora purpurea)
GA0070618_1952,A0A1C4W8A5,"ATPase, P-type (Transporting), HAD superfamily, subfamily IC",,151764,Micromonospora echinospora (Micromonospora purpurea)
GA0070618_1953,A0A1C4W8B6,"Sap, sulfolipid-1-addressing protein",,23015,Micromonospora echinospora (Micromonospora purpurea)
GA0070618_1954,A0A1C4W900,Uncharacterized protein,,16356,Micromonospora echinospora (Micromonospora purpurea)
GA0070618_1955,A0A1C4W8H2,Acetyltransferase (GNAT) family protein,,31564,Micromonospora echinospora (Micromonospora purpurea)
GA0070618_1956,A0A1C4W921,Transmembrane protein,,16411,Micromonospora echinospora (Micromonospora purpurea)
GA0070618_1958,A0A1C4W8E4,Uncharacterized protein,,4568,Micromonospora echinospora (Micromonospora purpurea)
GA0070618_1960,A0A1C4W8I1,DUF3566 domain-containing protein,,29132,Micromonospora echinospora (Micromonospora purpurea)
GA0070618_1961,A0A1C4W8H7,DNA gyrase subunit A (EC 5.6.2.2),5.6.2.2,93157,Micromonospora echinospora (Micromonospora purpurea)
GA0070618_1962,A0A1C4W8I9,DNA gyrase subunit B (EC 5.6.2.2),5.6.2.2,75287,Micromonospora echinospora (Micromonospora purpurea)
GA0070618_1963,A0A1C4W9A4,Uncharacterized protein,,20213,Micromonospora echinospora (Micromonospora purpurea)
GA0070618_1964,A0A1C4W8P6,"Predicted nucleic acid-binding protein, contains Zn-ribbon domain (Includes truncated derivatives)",,24923,Micromonospora echinospora (Micromonospora purpurea)
GA0070618_1965,A0A1C4W8Q4,DNA replication and repair protein RecF,,40671,Micromonospora echinospora (Micromonospora purpurea)
GA0070618_1966,A0A1C4W8T5,6-phosphogluconate dehydrogenase,,31184,Micromonospora echinospora (Micromonospora purpurea)
GA0070618_1967,A0A1C4W8T4,Beta sliding clamp,,39395,Micromonospora echinospora (Micromonospora purpurea)
GA0070618_1968,A0A1C4W8V9,Chromosomal replication initiator protein DnaA,,65877,Micromonospora echinospora (Micromonospora purpurea)
GA0070618_1969,A0A1C4W8W8,Large ribosomal subunit protein bL34,,5312,Micromonospora echinospora (Micromonospora purpurea)
GA0070618_1970,A0A1C4W8T7,Ribonuclease P protein component (RNase P protein) (RNaseP protein) (EC 3.1.26.5) (Protein C5),3.1.26.5,14430,Micromonospora echinospora (Micromonospora purpurea)
GA0070618_1971,A0A1C4W964,Putative membrane protein insertion efficiency factor,,8636,Micromonospora echinospora (Micromonospora purpurea)
GA0070618_1972,A0A1C4W9M6,Membrane protein insertase YidC (Foldase YidC) (Membrane integrase YidC) (Membrane protein YidC),,35799,Micromonospora echinospora (Micromonospora purpurea)
GA0070618_1973,A0A1C4W8Y1,SpoIIIJ-associated protein,,20890,Micromonospora echinospora (Micromonospora purpurea)
GA0070618_1974,A0A1C4W9A1,Ribosomal RNA small subunit methyltransferase G (EC 2.1.1.-) (16S rRNA 7-methylguanosine methyltransferase) (16S rRNA m7G methyltransferase),2.1.1.-,24860,Micromonospora echinospora (Micromonospora purpurea)
GA0070618_1975,A0A1C4W966,Chromosome segregation ATPase,,38577,Micromonospora echinospora (Micromonospora purpurea)
GA0070618_1976,A0A1C4W942,"Chromosome partitioning protein, ParB family",,37702,Micromonospora echinospora (Micromonospora purpurea)
GA0070618_1977,A0A1C4W9E2,Diadenosine tetraphosphate (Ap4A) HIT family hydrolase,,33251,Micromonospora echinospora (Micromonospora purpurea)
GA0070618_1978,A0A1C4W9A2,D-alanine--D-alanine ligase (EC 6.3.2.4) (D-Ala-D-Ala ligase) (D-alanylalanine synthetase),6.3.2.4,34702,Micromonospora echinospora (Micromonospora purpurea)
GA0070618_1979,A0A1C4W989,"DNA-binding transcriptional regulator, MocR family, contains an aminotransferase domain",,46973,Micromonospora echinospora (Micromonospora purpurea)
GA0070618_1980,A0A1C4W9Y6,Acetyltransferase (GNAT) family protein,,23660,Micromonospora echinospora (Micromonospora purpurea)
GA0070618_1981,A0A1C4W9E3,N-acetylmuramoyl-L-alanine amidase,,42201,Micromonospora echinospora (Micromonospora purpurea)
GA0070618_1982,A0A1C4W9A3,Thioredoxin,,11658,Micromonospora echinospora (Micromonospora purpurea)
GA0070618_1983,A0A1C4WA27,Thioredoxin reductase (EC 1.8.1.9),1.8.1.9,33788,Micromonospora echinospora (Micromonospora purpurea)
GA0070618_1984,A0A1C4W9C5,Zinc finger protein,,31385,Micromonospora echinospora (Micromonospora purpurea)
GA0070618_1985,A0A1C4WA55,"RNA polymerase, sigma subunit, ECF family",,26940,Micromonospora echinospora (Micromonospora purpurea)
GA0070618_1986,A0A1C4W9I2,Serine/threonine protein kinase,,54806,Micromonospora echinospora (Micromonospora purpurea)
GA0070618_1987,A0A1C4W9M7,Putative peptidoglycan lipid II flippase,,60682,Micromonospora echinospora (Micromonospora purpurea)
GA0070618_1988,A0A1C4W9I6,Poly(A) polymerase,,53959,Micromonospora echinospora (Micromonospora purpurea)
GA0070618_1989,A0A1C4WAC2,Pimeloyl-ACP methyl ester carboxylesterase,,29938,Micromonospora echinospora (Micromonospora purpurea)
GA0070618_1990,A0A1C4W9R9,VOC domain-containing protein,,14962,Micromonospora echinospora (Micromonospora purpurea)
GA0070618_1991,A0A1C4WAF3,Flotillin,,52889,Micromonospora echinospora (Micromonospora purpurea)
GA0070618_1992,A0A1C4W9U9,NfeD-like C-terminal domain-containing protein,,17463,Micromonospora echinospora (Micromonospora purpurea)
GA0070618_1993,A0A1C4W9R2,WD40 repeat protein,,40273,Micromonospora echinospora (Micromonospora purpurea)
GA0070618_1994,A0A1C4W9Y0,"RNA polymerase sigma-70 factor, sigma-E family",,19796,Micromonospora echinospora (Micromonospora purpurea)
GA0070618_1995,A0A1C4W9U3,Methylated-DNA--protein-cysteine methyltransferase (EC 2.1.1.63) (6-O-methylguanine-DNA methyltransferase) (MGMT) (O-6-methylguanine-DNA-alkyltransferase),2.1.1.63,16998,Micromonospora echinospora (Micromonospora purpurea)
GA0070618_1996,A0A1C4WAP0,"Pyruvate, water dikinase",,85075,Micromonospora echinospora (Micromonospora purpurea)
GA0070618_1997,A0A1C4WA22,"Transcriptional regulator, TetR family",,21536,Micromonospora echinospora (Micromonospora purpurea)
GA0070618_1998,A0A1C4W9X8,Myo-inositol-1-phosphate synthase,,39028,Micromonospora echinospora (Micromonospora purpurea)
GA0070618_1999,A0A1C4WA51,"DNA-binding transcriptional regulator, PadR family",,23869,Micromonospora echinospora (Micromonospora purpurea)
GA0070618_2000,A0A1C4WA05,DUF5318 domain-containing protein,,16726,Micromonospora echinospora (Micromonospora purpurea)
GA0070618_2001,A0A1C4WA15,Membrane carboxypeptidase (Penicillin-binding protein),,94454,Micromonospora echinospora (Micromonospora purpurea)
GA0070618_2002,A0A1C4WA90,Uncharacterized membrane protein,,54726,Micromonospora echinospora (Micromonospora purpurea)
GA0070618_2003,A0A1C4WA72,4-amino-4-deoxy-L-arabinose transferase-like glycosyltransferase,,79502,Micromonospora echinospora (Micromonospora purpurea)
GA0070618_2004,A0A1C4WA86,Deoxyribonuclease-4,,27320,Micromonospora echinospora (Micromonospora purpurea)
GA0070618_2005,A0A1C4WAC6,Small ribosomal subunit protein bS6,,10985,Micromonospora echinospora (Micromonospora purpurea)
GA0070618_2006,A0A1C4WAA7,Single-stranded DNA-binding protein (SSB),,17876,Micromonospora echinospora (Micromonospora purpurea)
GA0070618_2007,A0A1C4WAA1,Small ribosomal subunit protein bS18,,8974,Micromonospora echinospora (Micromonospora purpurea)
GA0070618_2008,A0A1C4WAG1,Large ribosomal subunit protein bL9,,16087,Micromonospora echinospora (Micromonospora purpurea)
GA0070618_2009,A0A1C4WAB5,Uncharacterized protein,,13629,Micromonospora echinospora (Micromonospora purpurea)
GA0070618_2010,A0A1C4WAH0,Uncharacterized protein,,28297,Micromonospora echinospora (Micromonospora purpurea)
GA0070618_2011,A0A1C4WAK7,Replicative DNA helicase (EC 3.6.4.12),3.6.4.12,50929,Micromonospora echinospora (Micromonospora purpurea)
GA0070618_2012,A0A1C4WAG7,Bifunctional protein FolD [Includes: Methylenetetrahydrofolate dehydrogenase (EC 1.5.1.5); Methenyltetrahydrofolate cyclohydrolase (EC 3.5.4.9)],1.5.1.5; 3.5.4.9,29878,Micromonospora echinospora (Micromonospora purpurea)
GA0070618_2014,A0A1C4WAM8,TIGR03083 family protein,,24115,Micromonospora echinospora (Micromonospora purpurea)
GA0070618_2015,A0A1C4WAR1,Transcription factor zinc-finger domain-containing protein,,14340,Micromonospora echinospora (Micromonospora purpurea)
GA0070618_2016,A0A1C4WAM5,Predicted phosphoribosyltransferase,,22331,Micromonospora echinospora (Micromonospora purpurea)
GA0070618_2017,A0A1C4WAR8,DUF2029 domain-containing protein,,47106,Micromonospora echinospora (Micromonospora purpurea)
GA0070618_2018,A0A1C4WAR4,Diguanylate cyclase/phosphodiesterase,,89315,Micromonospora echinospora (Micromonospora purpurea)
GA0070618_2019,A0A1C4WAV8,Cyclic pyranopterin monophosphate synthase (EC 4.6.1.17) (Molybdenum cofactor biosynthesis protein C),4.6.1.17,17019,Micromonospora echinospora (Micromonospora purpurea)
GA0070618_2020,A0A1C4WAW1,Molybdenum cofactor synthesis domain-containing protein,,15661,Micromonospora echinospora (Micromonospora purpurea)
GA0070618_2021,A0A1C4WAV4,Molybdopterin molybdenumtransferase (EC 2.10.1.1),2.10.1.1,43224,Micromonospora echinospora (Micromonospora purpurea)
GA0070618_2022,A0A1C4WAU9,Molybdopterin synthase subunit MoaE,,15479,Micromonospora echinospora (Micromonospora purpurea)
GA0070618_2023,A0A1C4WAU3,"Alpha-1,2-mannosyltransferase",,52064,Micromonospora echinospora (Micromonospora purpurea)
GA0070618_2024,A0A1C4WB24,"Uncharacterized membrane protein YphA, DoxX/SURF4 family",,19162,Micromonospora echinospora (Micromonospora purpurea)
GA0070618_2025,A0A1C4WAX6,Putative acetyltransferase,,19094,Micromonospora echinospora (Micromonospora purpurea)
GA0070618_2026,A0A1C4WBU5,AAA ATPase domain-containing protein,,44859,Micromonospora echinospora (Micromonospora purpurea)
GA0070618_2027,A0A1C4WB05,Flagellar basal body-associated protein FliL,,20418,Micromonospora echinospora (Micromonospora purpurea)
GA0070618_2028,A0A1C4WB16,DNA 3'-5' helicase (EC 5.6.2.4),5.6.2.4,116094,Micromonospora echinospora (Micromonospora purpurea)
GA0070618_2029,A0A1C4WB87,Calcineurin-like phosphoesterase domain-containing protein,,44119,Micromonospora echinospora (Micromonospora purpurea)
GA0070618_2030,A0A1C4WB49,"Molybdopterin converting factor, small subunit",,9794,Micromonospora echinospora (Micromonospora purpurea)
GA0070618_2031,A0A1C4WBB0,"GTP 3',8-cyclase (EC 4.1.99.22) (Molybdenum cofactor biosynthesis protein A)",4.1.99.22,36105,Micromonospora echinospora (Micromonospora purpurea)
GA0070618_2032,A0A1C4WBE2,Fructosamine-3-kinase,,35236,Micromonospora echinospora (Micromonospora purpurea)
GA0070618_2033,A0A1C4WBK1,DUF4192 domain-containing protein,,37202,Micromonospora echinospora (Micromonospora purpurea)
GA0070618_2034,A0A1C4WBF1,Uncharacterized protein,,4096,Micromonospora echinospora (Micromonospora purpurea)
GA0070618_2035,A0A1C4WBN0,Tyrosine phosphatase family C-terminal region,,21858,Micromonospora echinospora (Micromonospora purpurea)
GA0070618_2036,A0A1C4WBI0,Sulfur carrier protein FdhD,,29810,Micromonospora echinospora (Micromonospora purpurea)
GA0070618_2037,A0A1C4WBL1,Molybdopterin-guanine dinucleotide biosynthesis protein A,,20516,Micromonospora echinospora (Micromonospora purpurea)
GA0070618_2038,A0A1C4WBH0,Uncharacterized protein,,8604,Micromonospora echinospora (Micromonospora purpurea)
GA0070618_2039,A0A1C4WBL5,Sensory transduction regulator,,39628,Micromonospora echinospora (Micromonospora purpurea)
GA0070618_2040,A0A1C4WBL6,Beta propeller domain-containing protein,,67224,Micromonospora echinospora (Micromonospora purpurea)
GA0070618_2041,A0A1C4WBP5,"Transcriptional regulator, AsnC family",,16175,Micromonospora echinospora (Micromonospora purpurea)
GA0070618_2042,A0A1C4WCI8,N-Dimethylarginine dimethylaminohydrolase,,30162,Micromonospora echinospora (Micromonospora purpurea)
GA0070618_2043,A0A1C4WBP2,"Amino acid/amide ABC transporter substrate-binding protein, HAAT family",,42081,Micromonospora echinospora (Micromonospora purpurea)
GA0070618_2044,A0A1C4WCL8,Alpha/beta hydrolase family protein,,26975,Micromonospora echinospora (Micromonospora purpurea)
GA0070618_2045,A0A1C4WBU4,Ribosomal protein S18 acetylase RimI,,35357,Micromonospora echinospora (Micromonospora purpurea)
GA0070618_2046,A0A1C4WBS8,Bacterial proteasome activator,,21553,Micromonospora echinospora (Micromonospora purpurea)
GA0070618_2047,A0A1C4WBZ1,Uncharacterized protein,,29526,Micromonospora echinospora (Micromonospora purpurea)
GA0070618_2048,A0A1C4WBW9,Uncharacterized protein,,28902,Micromonospora echinospora (Micromonospora purpurea)
GA0070618_2049,A0A1C4WBW6,Uncharacterized protein,,27350,Micromonospora echinospora (Micromonospora purpurea)
GA0070618_2050,A0A1C4WC28,Osmotically inducible protein OsmC,,14959,Micromonospora echinospora (Micromonospora purpurea)
GA0070618_2051,A0A1C4WC15,"Predicted Zn-dependent protease, minimal metalloprotease (MMP)-like domain",,13514,Micromonospora echinospora (Micromonospora purpurea)
GA0070618_2052,A0A1C4WBZ5,"Uncharacterized conserved protein, AIM24 family",,25059,Micromonospora echinospora (Micromonospora purpurea)
GA0070618_2053,A0A1C4WC68,Prephenate dehydratase (PDT) (EC 4.2.1.51),4.2.1.51,33177,Micromonospora echinospora (Micromonospora purpurea)
GA0070618_2054,A0A1C4WC24,Lipoprotein,,17144,Micromonospora echinospora (Micromonospora purpurea)
GA0070618_2055,A0A1C4WC84,CASTOR ACT domain-containing protein,,13141,Micromonospora echinospora (Micromonospora purpurea)
GA0070618_2056,A0A1C4WCA2,PAS domain-containing protein,,15773,Micromonospora echinospora (Micromonospora purpurea)
GA0070618_2057,A0A1C4WC67,Nuclease-like protein,,24913,Micromonospora echinospora (Micromonospora purpurea)
GA0070618_2058,A0A1C4WCD2,Arginine deiminase (ADI) (EC 3.5.3.6) (Arginine dihydrolase) (AD),3.5.3.6,44147,Micromonospora echinospora (Micromonospora purpurea)
GA0070618_2059,A0A1C4WCG4,DUF5926 domain-containing protein,,32229,Micromonospora echinospora (Micromonospora purpurea)
GA0070618_2060,A0A1C4WCG1,non-specific serine/threonine protein kinase (EC 2.7.11.1),2.7.11.1,15463,Micromonospora echinospora (Micromonospora purpurea)
GA0070618_2061,A0A1C4WD96,histidine kinase (EC 2.7.13.3),2.7.13.3,51508,Micromonospora echinospora (Micromonospora purpurea)
GA0070618_2062,A0A1C4WCE2,Glycerophosphoryl diester phosphodiesterase,,28672,Micromonospora echinospora (Micromonospora purpurea)
GA0070618_2063,A0A1C4WCF3,Rhodanese-related sulfurtransferase,,12025,Micromonospora echinospora (Micromonospora purpurea)
GA0070618_2064,A0A1C4WDD3,"Transcriptional attenuator, LytR family",,35356,Micromonospora echinospora (Micromonospora purpurea)
GA0070618_2065,A0A1C4WCN9,"Transcriptional attenuator, LytR family",,43600,Micromonospora echinospora (Micromonospora purpurea)
GA0070618_2066,A0A1C4WCN3,"Transcriptional attenuator, LytR family",,34659,Micromonospora echinospora (Micromonospora purpurea)
GA0070618_2067,A0A1C4WCQ0,"dTDP-glucose 4,6-dehydratase",,35593,Micromonospora echinospora (Micromonospora purpurea)
GA0070618_2068,A0A1C4WCP7,Cation/acetate symporter,,58288,Micromonospora echinospora (Micromonospora purpurea)
GA0070618_2069,A0A1C4WCT5,"Uncharacterized membrane protein, DUF485 family",,13757,Micromonospora echinospora (Micromonospora purpurea)
GA0070618_2070,A0A1C4WCV9,"NADH-FMN oxidoreductase RutF, flavin reductase (DIM6/NTAB) family",,20443,Micromonospora echinospora (Micromonospora purpurea)
GA0070618_2071,A0A1C4WCW4,Polyketide cyclase / dehydrase and lipid transport,,17990,Micromonospora echinospora (Micromonospora purpurea)
GA0070618_2072,A0A1C4WCX2,Transcriptional regulator,,11316,Micromonospora echinospora (Micromonospora purpurea)
GA0070618_2073,A0A1C4WCT6,ABC-2 type transport system permease protein,,57790,Micromonospora echinospora (Micromonospora purpurea)
GA0070618_2074,A0A1C4WD67,ABC-2 type transport system ATP-binding protein,,26912,Micromonospora echinospora (Micromonospora purpurea)
GA0070618_2075,A0A1C4WD36,"CubicO group peptidase, beta-lactamase class C family",,51409,Micromonospora echinospora (Micromonospora purpurea)
GA0070618_2076,A0A1C4WD99,Signal transduction histidine kinase,,40313,Micromonospora echinospora (Micromonospora purpurea)
GA0070618_2077,A0A1C4WD27,"Two component transcriptional regulator, LuxR family",,22841,Micromonospora echinospora (Micromonospora purpurea)
GA0070618_2078,A0A1C4WD11,Na+(Or H+)/acetate symporter ActP,,56408,Micromonospora echinospora (Micromonospora purpurea)
GA0070618_2079,A0A1C4WDZ3,Solute:sodium symporter small subunit,,12362,Micromonospora echinospora (Micromonospora purpurea)
GA0070618_2080,A0A1C4WD43,Carboxypeptidase regulatory-like domain-containing protein,,72675,Micromonospora echinospora (Micromonospora purpurea)
GA0070618_2081,A0A1C4WDA4,Spore-associated protein A,,15386,Micromonospora echinospora (Micromonospora purpurea)
GA0070618_2082,A0A1C4WDA0,"Two component transcriptional regulator, LytTR family",,28141,Micromonospora echinospora (Micromonospora purpurea)
GA0070618_2083,A0A1C4WDD4,"Two-component system, LytT family, sensor kinase",,44620,Micromonospora echinospora (Micromonospora purpurea)
GA0070618_2084,A0A1C4WDC0,"Undecaprenyl-phosphate galactose phosphotransferase, WbaP/exopolysaccharide biosynthesis polyprenyl glycosylphosphotransferase",,58330,Micromonospora echinospora (Micromonospora purpurea)
GA0070618_2085,A0A1C4WDA3,DNA-(apurinic or apyrimidinic site) lyase (EC 4.2.99.18),4.2.99.18,30803,Micromonospora echinospora (Micromonospora purpurea)
GA0070618_2086,A0A1C4WDP0,Glycosyltransferase involved in cell wall bisynthesis,,41672,Micromonospora echinospora (Micromonospora purpurea)
GA0070618_2087,A0A1C4WDK9,"Nucleotidyl transferase AbiEii toxin, Type IV TA system",,25019,Micromonospora echinospora (Micromonospora purpurea)
GA0070618_2088,A0A1C4WDE3,Uncharacterized protein,,21410,Micromonospora echinospora (Micromonospora purpurea)
GA0070618_2089,A0A1C4WDH2,type I site-specific deoxyribonuclease (EC 3.1.21.3),3.1.21.3,129106,Micromonospora echinospora (Micromonospora purpurea)
GA0070618_2090,A0A1C4WDP2,"Type I restriction enzyme, S subunit",,41876,Micromonospora echinospora (Micromonospora purpurea)
GA0070618_2091,A0A1C4WDV4,site-specific DNA-methyltransferase (adenine-specific) (EC 2.1.1.72),2.1.1.72,57703,Micromonospora echinospora (Micromonospora purpurea)
GA0070618_2092,A0A1C4WDP6,Uncharacterized protein,,13523,Micromonospora echinospora (Micromonospora purpurea)
GA0070618_2093,A0A1C4WEI5,Uncharacterized protein,,8484,Micromonospora echinospora (Micromonospora purpurea)
GA0070618_2094,A0A1C4WDR2,Helix-turn-helix domain-containing protein,,33008,Micromonospora echinospora (Micromonospora purpurea)
GA0070618_2095,A0A1C4WDX0,DUF397 domain-containing protein,,6432,Micromonospora echinospora (Micromonospora purpurea)
GA0070618_2097,A0A1C4WDV5,Uncharacterized protein,,7253,Micromonospora echinospora (Micromonospora purpurea)
GA0070618_2098,A0A1C4WDV3,CDP-alcohol phosphatidyltransferase,,24791,Micromonospora echinospora (Micromonospora purpurea)
GA0070618_2099,A0A1C4WE07,Glycerol-1-phosphate dehydrogenase [NAD(P)+],,37178,Micromonospora echinospora (Micromonospora purpurea)
GA0070618_2100,A0A1C4WDX6,Choline kinase,,26556,Micromonospora echinospora (Micromonospora purpurea)
GA0070618_2101,A0A1C4WE06,MarR family transcriptional regulator,,27206,Micromonospora echinospora (Micromonospora purpurea)
GA0070618_2102,A0A1C4WDV9,NUDIX domain-containing protein,,17012,Micromonospora echinospora (Micromonospora purpurea)
GA0070618_2103,A0A1C4WEU3,Ketosteroid isomerase-related protein,,15912,Micromonospora echinospora (Micromonospora purpurea)
GA0070618_2104,A0A1C4WE64,"DNA-binding transcriptional regulator, MocR family, contains an aminotransferase domain",,39386,Micromonospora echinospora (Micromonospora purpurea)
GA0070618_2105,A0A1C4WE00,Magnesium transport protein CorA,,43494,Micromonospora echinospora (Micromonospora purpurea)
GA0070618_2106,A0A1C4WE69,Uncharacterized protein,,24287,Micromonospora echinospora (Micromonospora purpurea)
GA0070618_2107,A0A1C4WE74,Peptidyl-prolyl cis-trans isomerase (PPIase) (EC 5.2.1.8),5.2.1.8,19141,Micromonospora echinospora (Micromonospora purpurea)
GA0070618_2108,A0A1C4WE70,"Membrane associated serine protease, rhomboid family",,31670,Micromonospora echinospora (Micromonospora purpurea)
GA0070618_2109,A0A1C4WF27,PH domain-containing protein,,16007,Micromonospora echinospora (Micromonospora purpurea)
GA0070618_2110,A0A1C4WEE6,Acetyl-CoA acyltransferase,,40763,Micromonospora echinospora (Micromonospora purpurea)
GA0070618_2111,A0A1C4WEA2,Uncharacterized protein,,20553,Micromonospora echinospora (Micromonospora purpurea)
GA0070618_2112,A0A1C4WF69,"DNA-binding response regulator, OmpR family, contains REC and winged-helix (WHTH) domain",,24959,Micromonospora echinospora (Micromonospora purpurea)
GA0070618_2113,A0A1C4WEH2,histidine kinase (EC 2.7.13.3),2.7.13.3,51437,Micromonospora echinospora (Micromonospora purpurea)
GA0070618_2114,A0A1C4WEH4,Glycosyl transferase family 2,,26044,Micromonospora echinospora (Micromonospora purpurea)
GA0070618_2115,A0A1C4WFC2,Transketolase,,33691,Micromonospora echinospora (Micromonospora purpurea)
GA0070618_2116,A0A1C4WEJ9,Transketolase,,25708,Micromonospora echinospora (Micromonospora purpurea)
GA0070618_2117,A0A1C4WEL2,"MerR family transcriptional regulator, redox-sensitive transcriptional activator SoxR",,16104,Micromonospora echinospora (Micromonospora purpurea)
GA0070618_2118,A0A1C4WEM8,"Putative NAD(P)H quinone oxidoreductase, PIG3 family",,33731,Micromonospora echinospora (Micromonospora purpurea)
GA0070618_2119,A0A1C4WEM9,Predicted kinase,,19674,Micromonospora echinospora (Micromonospora purpurea)
GA0070618_2121,A0A1C4WEQ4,Uncharacterized protein,,12276,Micromonospora echinospora (Micromonospora purpurea)
GA0070618_2122,A0A1C4WER3,Catalase (EC 1.11.1.6),1.11.1.6,80914,Micromonospora echinospora (Micromonospora purpurea)
GA0070618_2123,A0A1C4WEM7,"Phospholipid-binding protein, PBP family",,18837,Micromonospora echinospora (Micromonospora purpurea)
GA0070618_2124,A0A1C4WF18,Methyltransferase domain-containing protein,,26057,Micromonospora echinospora (Micromonospora purpurea)
GA0070618_2125,A0A1C4WER0,Glycosyl transferase,,67244,Micromonospora echinospora (Micromonospora purpurea)
GA0070618_2126,A0A1C4WFQ6,Ferric iron reductase FhuF-like transporter,,27746,Micromonospora echinospora (Micromonospora purpurea)
GA0070618_2127,A0A1C4WF11,Peptide deformylase (PDF) (EC 3.5.1.88) (Polypeptide deformylase),3.5.1.88,58307,Micromonospora echinospora (Micromonospora purpurea)
GA0070618_2128,A0A1C4WF12,nitric oxide dioxygenase (EC 1.14.12.17),1.14.12.17,41117,Micromonospora echinospora (Micromonospora purpurea)
GA0070618_2129,A0A1C4WEW4,CAAX protease self-immunity,,28591,Micromonospora echinospora (Micromonospora purpurea)
GA0070618_2130,A0A1C4WFU8,EcsC protein family protein,,28987,Micromonospora echinospora (Micromonospora purpurea)
GA0070618_2133,A0A1C4WFW8,Uncharacterized protein,,35305,Micromonospora echinospora (Micromonospora purpurea)
GA0070618_2134,A0A1C4WF75,Creatinine amidohydrolase,,25386,Micromonospora echinospora (Micromonospora purpurea)
GA0070618_2135,A0A1C4WF20,LexA repressor (EC 3.4.21.88),3.4.21.88,27781,Micromonospora echinospora (Micromonospora purpurea)
GA0070618_2136,A0A1C4WFF0,OST-HTH/LOTUS domain-containing protein,,29030,Micromonospora echinospora (Micromonospora purpurea)
GA0070618_2137,A0A1C4WFB4,Histidine triad (HIT) family protein,,15877,Micromonospora echinospora (Micromonospora purpurea)
GA0070618_2138,A0A1C4WFA2,"Transcriptional regulator, contains XRE-family HTH domain",,31502,Micromonospora echinospora (Micromonospora purpurea)
GA0070618_2139,A0A1C4WF67,DUF397 domain-containing protein,,7405,Micromonospora echinospora (Micromonospora purpurea)
GA0070618_2140,A0A1C4WFB2,"Predicted arabinose efflux permease, MFS family",,37926,Micromonospora echinospora (Micromonospora purpurea)
GA0070618_2141,A0A1C4WFE4,Methionyl-tRNA synthetase,,48329,Micromonospora echinospora (Micromonospora purpurea)
GA0070618_2142,A0A1C4WFL8,Phosphoserine aminotransferase (EC 2.6.1.52) (Phosphohydroxythreonine aminotransferase) (PSAT),2.6.1.52,41014,Micromonospora echinospora (Micromonospora purpurea)
GA0070618_2143,A0A1C4WFI7,valine--tRNA ligase (EC 6.1.1.9),6.1.1.9,92781,Micromonospora echinospora (Micromonospora purpurea)
GA0070618_2144,A0A1C4WFL1,NUDIX domain-containing protein,,45609,Micromonospora echinospora (Micromonospora purpurea)
GA0070618_2145,A0A1C4WFL2,Predicted dehydrogenase,,39429,Micromonospora echinospora (Micromonospora purpurea)
GA0070618_2146,A0A1C4WFJ2,Protein-L-isoaspartate O-methyltransferase (EC 2.1.1.77) (L-isoaspartyl protein carboxyl methyltransferase) (Protein L-isoaspartyl methyltransferase) (Protein-beta-aspartate methyltransferase),2.1.1.77,44394,Micromonospora echinospora (Micromonospora purpurea)
GA0070618_2147,A0A1C4WFI9,Uncharacterized conserved protein,,37475,Micromonospora echinospora (Micromonospora purpurea)
GA0070618_2148,A0A1C4VL90,Transposase,,30756,Micromonospora echinospora (Micromonospora purpurea)
GA0070618_2149,A0A1C4VLA0,Uncharacterized protein,,14758,Micromonospora echinospora (Micromonospora purpurea)
GA0070618_2150,A0A1C4WFW6,Uncharacterized protein,,30264,Micromonospora echinospora (Micromonospora purpurea)
GA0070618_2151,A0A1C4WGI5,Methyltransferase (EC 2.1.1.-),2.1.1.-,32799,Micromonospora echinospora (Micromonospora purpurea)
GA0070618_2152,A0A1C4WFQ5,Uncharacterized protein,,9966,Micromonospora echinospora (Micromonospora purpurea)
GA0070618_2153,A0A1C4WFS3,DNA (cytosine-5-)-methyltransferase (EC 2.1.1.37),2.1.1.37,19974,Micromonospora echinospora (Micromonospora purpurea)
GA0070618_2154,A0A1C4WG14,DNA (Cytosine-5)-methyltransferase 1,,17327,Micromonospora echinospora (Micromonospora purpurea)
GA0070618_2155,A0A1C4WFX0,Helix-turn-helix domain-containing protein,,9454,Micromonospora echinospora (Micromonospora purpurea)
GA0070618_2156,A0A1C4WFS9,Site-specific recombinase XerD,,54928,Micromonospora echinospora (Micromonospora purpurea)
GA0070618_2157,A0A1C4WFT7,Dihydrofolate reductase,,21681,Micromonospora echinospora (Micromonospora purpurea)
GA0070618_2158,A0A1C4WG19,Phosphoglycolate phosphatase,,23985,Micromonospora echinospora (Micromonospora purpurea)
GA0070618_2159,A0A1C4WFZ4,Uncharacterized protein,,31627,Micromonospora echinospora (Micromonospora purpurea)
GA0070618_2160,A0A1C4WG31,Methyltransferase domain-containing protein,,28127,Micromonospora echinospora (Micromonospora purpurea)
GA0070618_2161,A0A1C4WG67,ATP-binding protein,,21358,Micromonospora echinospora (Micromonospora purpurea)
GA0070618_2162,A0A1C4WG38,"Adenylate cyclase, class 2",,20454,Micromonospora echinospora (Micromonospora purpurea)
GA0070618_2163,A0A1C4WG79,Exonuclease III,,29212,Micromonospora echinospora (Micromonospora purpurea)
GA0070618_2164,A0A1C4WG83,Thymidylate kinase (EC 2.7.4.9) (dTMP kinase),2.7.4.9,22657,Micromonospora echinospora (Micromonospora purpurea)
GA0070618_2165,A0A1C4WG84,Radical SAM additional 4Fe4S-binding SPASM domain-containing protein,,39582,Micromonospora echinospora (Micromonospora purpurea)
GA0070618_2166,A0A1C4WG42,histidine kinase (EC 2.7.13.3),2.7.13.3,47653,Micromonospora echinospora (Micromonospora purpurea)
GA0070618_2167,A0A1C4WH30,"Predicted regulator of Ras-like GTPase activity, Roadblock/LC7/MglB family",,14314,Micromonospora echinospora (Micromonospora purpurea)
GA0070618_2168,A0A1C4WGH5,DUF742 domain-containing protein,,13444,Micromonospora echinospora (Micromonospora purpurea)
GA0070618_2169,A0A1C4WGD3,"Signal recognition particle receptor subunit beta, a GTPase",,22299,Micromonospora echinospora (Micromonospora purpurea)
GA0070618_2170,A0A1C4WGC7,GAF domain-containing protein,,20651,Micromonospora echinospora (Micromonospora purpurea)
GA0070618_2171,A0A1C4WGE1,Acyl-CoA dehydrogenase,,43289,Micromonospora echinospora (Micromonospora purpurea)
GA0070618_2172,A0A1C4WGH8,Mutator family transposase,,47179,Micromonospora echinospora (Micromonospora purpurea)
GA0070618_2173,A0A1C4WGI3,Uncharacterized protein,,26166,Micromonospora echinospora (Micromonospora purpurea)
GA0070618_2175,A0A1C4WGE5,3'-phosphoadenosine 5'-phosphosulfate sulfotransferase (PAPS reductase)/FAD synthetase,,31982,Micromonospora echinospora (Micromonospora purpurea)
GA0070618_2176,A0A1C4WGM6,AAA ATPase domain-containing protein,,128778,Micromonospora echinospora (Micromonospora purpurea)
GA0070618_2177,A0A1C4WGN7,DUF4007 domain-containing protein,,41528,Micromonospora echinospora (Micromonospora purpurea)
GA0070618_2178,A0A1C4WGM0,Cysteine desulfurase,,40884,Micromonospora echinospora (Micromonospora purpurea)
GA0070618_2179,A0A1C4WGM9,Superfamily II DNA or RNA helicase,,58209,Micromonospora echinospora (Micromonospora purpurea)
GA0070618_2180,A0A1C4WGS6,"Histidine kinase-, DNA gyrase B-, and HSP90-like ATPase",,71697,Micromonospora echinospora (Micromonospora purpurea)
GA0070618_2181,A0A1C4WHI4,PLD-like domain-containing protein,,33704,Micromonospora echinospora (Micromonospora purpurea)
GA0070618_2182,A0A1C4WGS4,DNA phosphorothioation-associated putative methyltransferase,,54711,Micromonospora echinospora (Micromonospora purpurea)
GA0070618_2183,A0A1C4WGW6,Restriction endonuclease,,53773,Micromonospora echinospora (Micromonospora purpurea)
GA0070618_2184,A0A1C5A4Y1,Transposase,,38095,Micromonospora echinospora (Micromonospora purpurea)
GA0070618_2186,A0A1C4WH17,DUF262 domain-containing protein,,83501,Micromonospora echinospora (Micromonospora purpurea)
GA0070618_2187,A0A1C4WGU9,Uncharacterized protein,,32347,Micromonospora echinospora (Micromonospora purpurea)
GA0070618_2188,A0A1C4WH23,PE-PGRS family protein,,38056,Micromonospora echinospora (Micromonospora purpurea)
GA0070618_2189,A0A1C4WGY0,PE-PGRS family protein,,43188,Micromonospora echinospora (Micromonospora purpurea)
GA0070618_2190,A0A1C4WH56,Uncharacterized protein,,42954,Micromonospora echinospora (Micromonospora purpurea)
GA0070618_2191,A0A1C4WH76,Uncharacterized protein,,40671,Micromonospora echinospora (Micromonospora purpurea)
GA0070618_2192,A0A1C4WHC8,Uncharacterized protein,,12632,Micromonospora echinospora (Micromonospora purpurea)
GA0070618_2193,A0A1C4WH90,Protein NO VEIN C-terminal domain-containing protein,,193701,Micromonospora echinospora (Micromonospora purpurea)
GA0070618_2194,A0A1C4WHB6,Uncharacterized protein,,17110,Micromonospora echinospora (Micromonospora purpurea)
GA0070618_2195,A0A1C4WHE0,"Uncharacterized conserved protein, LabA/DUF88 family",,39529,Micromonospora echinospora (Micromonospora purpurea)
GA0070618_2196,A0A1C4WHH2,ApeA N-terminal domain-containing protein,,21994,Micromonospora echinospora (Micromonospora purpurea)
GA0070618_2197,A0A1C4WHF9,3-keto-L-gulonate-6-phosphate decarboxylase,,115924,Micromonospora echinospora (Micromonospora purpurea)
GA0070618_2198,A0A1C4WHF4,Acetyltransferase (GNAT) family protein,,19351,Micromonospora echinospora (Micromonospora purpurea)
GA0070618_2199,A0A1C4WHM0,Helix-turn-helix domain-containing protein,,34889,Micromonospora echinospora (Micromonospora purpurea)
GA0070618_2200,A0A1C4WHK6,Protein-L-isoaspartate O-methyltransferase (EC 2.1.1.77) (L-isoaspartyl protein carboxyl methyltransferase) (Protein L-isoaspartyl methyltransferase) (Protein-beta-aspartate methyltransferase),2.1.1.77,41391,Micromonospora echinospora (Micromonospora purpurea)
GA0070618_2201,A0A1C4WHL6,FxLD family lantipeptide,,7336,Micromonospora echinospora (Micromonospora purpurea)
GA0070618_2202,A0A1C4WHL4,Thiopeptide-type bacteriocin biosynthesis domain-containing protein,,109809,Micromonospora echinospora (Micromonospora purpurea)
GA0070618_2203,A0A1C4WHR8,Lanthionine synthetase C-like protein,,42999,Micromonospora echinospora (Micromonospora purpurea)
GA0070618_2204,A0A1C4WHP9,Thiopeptide-type bacteriocin biosynthesis domain-containing protein,,32835,Micromonospora echinospora (Micromonospora purpurea)
GA0070618_2205,A0A1C4WHR9,Uncharacterized protein,,39152,Micromonospora echinospora (Micromonospora purpurea)
GA0070618_2206,A0A1C4WHN5,Protein-L-isoaspartate O-methyltransferase (EC 2.1.1.77) (L-isoaspartyl protein carboxyl methyltransferase) (Protein L-isoaspartyl methyltransferase) (Protein-beta-aspartate methyltransferase),2.1.1.77,32458,Micromonospora echinospora (Micromonospora purpurea)
GA0070618_2207,A0A1C4WHY6,Transposase,,30772,Micromonospora echinospora (Micromonospora purpurea)
GA0070618_2208,A0A1C4WI00,Uncharacterized protein,,27126,Micromonospora echinospora (Micromonospora purpurea)
GA0070618_2209,A0A1C4WHY5,Zeta toxin,,23185,Micromonospora echinospora (Micromonospora purpurea)
GA0070618_2210,A0A1C4WI64,DUF559 domain-containing protein,,31821,Micromonospora echinospora (Micromonospora purpurea)
GA0070618_2211,A0A1C4WI56,Uncharacterized protein,,24985,Micromonospora echinospora (Micromonospora purpurea)
GA0070618_2212,A0A1C4WHY9,Site-specific recombinase XerD,,35900,Micromonospora echinospora (Micromonospora purpurea)
GA0070618_2213,A0A1C4WI98,Uncharacterized protein,,14173,Micromonospora echinospora (Micromonospora purpurea)
GA0070618_2214,A0A1C4WIB7,Peptidase inhibitor family I36,,13117,Micromonospora echinospora (Micromonospora purpurea)
GA0070618_2215,A0A1C4WID7,Uncharacterized protein,,13366,Micromonospora echinospora (Micromonospora purpurea)
GA0070618_2217,A0A1C4WIE1,DUF222 domain-containing protein,,13690,Micromonospora echinospora (Micromonospora purpurea)
GA0070618_2219,A0A1C4YQ35,Mutator family transposase,,47564,Micromonospora echinospora (Micromonospora purpurea)
GA0070618_2220,A0A1C4WI85,TPR repeat,,30254,Micromonospora echinospora (Micromonospora purpurea)
GA0070618_2221,A0A1C4WIF0,Uncharacterized protein,,15875,Micromonospora echinospora (Micromonospora purpurea)
GA0070618_2222,A0A1C4WJE9,Transposase InsO and inactivated derivatives,,66630,Micromonospora echinospora (Micromonospora purpurea)
GA0070618_2223,A0A1C4WIN9,"RNA polymerase sigma-70 factor, ECF subfamily",,20283,Micromonospora echinospora (Micromonospora purpurea)
GA0070618_2224,A0A1C4WII0,CU044_5270 family protein,,36920,Micromonospora echinospora (Micromonospora purpurea)
GA0070618_2225,A0A1C4WIC6,Uncharacterized protein,,11293,Micromonospora echinospora (Micromonospora purpurea)
GA0070618_2226,A0A1C4WJJ6,"Predicted arabinose efflux permease, MFS family",,41167,Micromonospora echinospora (Micromonospora purpurea)
GA0070618_2227,A0A1C4WIT9,"Regulatory protein, arsR family",,39994,Micromonospora echinospora (Micromonospora purpurea)
GA0070618_2228,A0A1C4WIG5,Phage integrase family protein,,19012,Micromonospora echinospora (Micromonospora purpurea)
GA0070618_2230,A0A1C4WIS0,"DNA-binding transcriptional regulator, MerR family",,31149,Micromonospora echinospora (Micromonospora purpurea)
GA0070618_2231,A0A1C4WIX6,F5/8 type C domain-containing protein,,104302,Micromonospora echinospora (Micromonospora purpurea)
GA0070618_2232,A0A1C4WIW2,Pectate lyase,,36763,Micromonospora echinospora (Micromonospora purpurea)
GA0070618_2233,A0A1C4WIV4,DDE superfamily endonuclease,,18634,Micromonospora echinospora (Micromonospora purpurea)
GA0070618_2234,A0A1C4WIW5,Uncharacterized protein,,33177,Micromonospora echinospora (Micromonospora purpurea)
GA0070618_2235,A0A1C4WJ24,NADPH-dependent FMN reductase,,12071,Micromonospora echinospora (Micromonospora purpurea)
GA0070618_2236,A0A1C4WIX7,Cold-shock DNA-binding protein family,,7228,Micromonospora echinospora (Micromonospora purpurea)
GA0070618_2237,A0A1C4WJ09,"DNA-binding transcriptional regulator, MerR family",,12086,Micromonospora echinospora (Micromonospora purpurea)
GA0070618_2238,A0A1C4WJ20,TetR family transcriptional regulator,,14522,Micromonospora echinospora (Micromonospora purpurea)
GA0070618_2239,A0A1C4WJ76,Glyoxalase-like domain-containing protein,,12328,Micromonospora echinospora (Micromonospora purpurea)
GA0070618_2241,A0A1C4WJ38,CAAX protease self-immunity,,24298,Micromonospora echinospora (Micromonospora purpurea)
GA0070618_2243,A0A1C4WJ57,Uncharacterized protein,,38053,Micromonospora echinospora (Micromonospora purpurea)
GA0070618_2245,A0A1C4WJD0,Glycosyl hydrolases family 43,,62608,Micromonospora echinospora (Micromonospora purpurea)
GA0070618_2246,A0A1C4WJF1,"CubicO group peptidase, beta-lactamase class C family",,44731,Micromonospora echinospora (Micromonospora purpurea)
GA0070618_2248,A0A1C4WK81,"Two-component system, OmpR family, response regulator VanR",,25312,Micromonospora echinospora (Micromonospora purpurea)
GA0070618_2249,A0A1C4WJC8,histidine kinase (EC 2.7.13.3),2.7.13.3,40793,Micromonospora echinospora (Micromonospora purpurea)
GA0070618_2250,A0A1C4WKB1,DUF4291 domain-containing protein,,21143,Micromonospora echinospora (Micromonospora purpurea)
GA0070618_2251,A0A1C4WJ83,WD-40 repeat-containing protein,,209556,Micromonospora echinospora (Micromonospora purpurea)
GA0070618_2252,A0A1C4WJK2,Arsenical pump membrane protein,,42963,Micromonospora echinospora (Micromonospora purpurea)
GA0070618_2253,A0A1C4WKF0,Myo-inositol-1(Or 4)-monophosphatase,,32452,Micromonospora echinospora (Micromonospora purpurea)
GA0070618_2254,A0A1C4WJP9,Uncharacterized protein,,23807,Micromonospora echinospora (Micromonospora purpurea)
GA0070618_2255,A0A1C4WJK3,Uncharacterized protein,,37705,Micromonospora echinospora (Micromonospora purpurea)
GA0070618_2256,A0A1C4WJR2,Ubiquinone/menaquinone biosynthesis C-methylase UbiE,,28206,Micromonospora echinospora (Micromonospora purpurea)
GA0070618_2258,A0A1C4WJG6,Helix-turn-helix domain-containing protein,,31511,Micromonospora echinospora (Micromonospora purpurea)
GA0070618_2259,A0A1C4WJU2,"NAD(P)-dependent dehydrogenase, short-chain alcohol dehydrogenase family",,33268,Micromonospora echinospora (Micromonospora purpurea)
GA0070618_2260,A0A1C4WJX3,Cation:H+ antiporter,,35074,Micromonospora echinospora (Micromonospora purpurea)
GA0070618_2261,A0A1C4WJT6,Putative hemolysin,,49898,Micromonospora echinospora (Micromonospora purpurea)
GA0070618_2262,A0A1C4WJY9,Uncharacterized protein,,6438,Micromonospora echinospora (Micromonospora purpurea)
GA0070618_2263,A0A1C4WJZ0,"Hemolysin, contains CBS domains",,48115,Micromonospora echinospora (Micromonospora purpurea)
GA0070618_2264,A0A1C4WK49,"Hemolysin, contains CBS domains",,36911,Micromonospora echinospora (Micromonospora purpurea)
GA0070618_2265,A0A1C4WKV1,ATPase components of ABC transporters with duplicated ATPase domains,,58907,Micromonospora echinospora (Micromonospora purpurea)
GA0070618_2266,A0A1C4WJR7,3-oxoacyl-[acyl-carrier protein] reductase,,25479,Micromonospora echinospora (Micromonospora purpurea)
GA0070618_2267,A0A1C4WK56,Uncharacterized protein,,65528,Micromonospora echinospora (Micromonospora purpurea)
GA0070618_2268,A0A1C4WK23,Sulfotransferase domain-containing protein,,36635,Micromonospora echinospora (Micromonospora purpurea)
GA0070618_2269,A0A1C4WK20,Cytochrome P450,,44693,Micromonospora echinospora (Micromonospora purpurea)
GA0070618_2270,A0A1C4WL24,O-Methyltransferase involved in polyketide biosynthesis,,30133,Micromonospora echinospora (Micromonospora purpurea)
GA0070618_2271,A0A1C4WKB5,Nucleoside-diphosphate-sugar epimerase,,35028,Micromonospora echinospora (Micromonospora purpurea)
GA0070618_2272,A0A1C4WK09,Phytanoyl-CoA dioxygenase (PhyH),,31732,Micromonospora echinospora (Micromonospora purpurea)
GA0070618_2273,A0A1C4WK96,Phosphopantetheine attachment site,,7954,Micromonospora echinospora (Micromonospora purpurea)
GA0070618_2274,A0A1C4WKF9,Condensation domain-containing protein,,49594,Micromonospora echinospora (Micromonospora purpurea)
GA0070618_2275,A0A1C4WK98,ABC-2 type transport system permease protein,,27518,Micromonospora echinospora (Micromonospora purpurea)
GA0070618_2276,A0A1C4WLA4,ABC-2 type transport system permease protein,,29594,Micromonospora echinospora (Micromonospora purpurea)
GA0070618_2277,A0A1C4WKD2,ABC-2 type transport system ATP-binding protein,,34554,Micromonospora echinospora (Micromonospora purpurea)
GA0070618_2278,A0A1C4WKG9,"Lantibiotic dehydratase, C terminus",,87232,Micromonospora echinospora (Micromonospora purpurea)
GA0070618_2279,A0A1C4WKN6,"Lantibiotic dehydratase, C terminus",,89808,Micromonospora echinospora (Micromonospora purpurea)
GA0070618_2280,A0A1C4WKJ9,Uncharacterized protein,,7229,Micromonospora echinospora (Micromonospora purpurea)
GA0070618_2281,A0A1C4WKT2,Uncharacterized protein,,12100,Micromonospora echinospora (Micromonospora purpurea)
GA0070618_2282,A0A1C4WKJ6,DUF4185 domain-containing protein,,41071,Micromonospora echinospora (Micromonospora purpurea)
GA0070618_2283,A0A1C4WKT4,Uncharacterized protein,,17697,Micromonospora echinospora (Micromonospora purpurea)
GA0070618_2284,A0A1C4WKT8,CHAT domain-containing protein,,91106,Micromonospora echinospora (Micromonospora purpurea)
GA0070618_2285,A0A1C4WKH9,Subtilase family protein,,45602,Micromonospora echinospora (Micromonospora purpurea)
GA0070618_2286,A0A1C4WKW6,"RNA polymerase sigma factor, sigma-70 family",,23687,Micromonospora echinospora (Micromonospora purpurea)
GA0070618_2287,A0A1C4WKX6,Uncharacterized protein,,16187,Micromonospora echinospora (Micromonospora purpurea)
GA0070618_2288,A0A1C4WKZ0,Uncharacterized protein,,39061,Micromonospora echinospora (Micromonospora purpurea)
GA0070618_2290,Q2MG36,Putatative secreted serine protease,,16553,Micromonospora echinospora (Micromonospora purpurea)
GA0070618_2291,A0A1C4WL30,"DNA-binding response regulator, OmpR family, contains REC and winged-helix (WHTH) domain",,26218,Micromonospora echinospora (Micromonospora purpurea)
GA0070618_2292,A0A1C4WL70,histidine kinase (EC 2.7.13.3),2.7.13.3,44893,Micromonospora echinospora (Micromonospora purpurea)
GA0070618_2293,A0A1C4WKZ5,Peptidase propeptide and YPEB domain-containing protein,,18269,Micromonospora echinospora (Micromonospora purpurea)
GA0070618_2294,A0A1C4WL15,Methyltransferase domain-containing protein,,35218,Micromonospora echinospora (Micromonospora purpurea)
GA0070618_2295,A0A1C4WM13,"N-acetylglucosaminyl deacetylase, LmbE family",,26876,Micromonospora echinospora (Micromonospora purpurea)
GA0070618_2296,A0A1C4WL95,Ribosomal RNA small subunit methyltransferase I (EC 2.1.1.198) (16S rRNA 2'-O-ribose C1402 methyltransferase) (rRNA (cytidine-2'-O-)-methyltransferase RsmI),2.1.1.198,33690,Micromonospora echinospora (Micromonospora purpurea)
GA0070618_2297,A0A1C4WKZ3,Gentamicin exporter,,71787,Micromonospora echinospora (Micromonospora purpurea)
GA0070618_2298,A0A1C4WL89,"Drug resistance transporter, EmrB/QacA subfamily",,123109,Micromonospora echinospora (Micromonospora purpurea)
GA0070618_2299,Q2MG77,"6-carboxy-5,6,7,8-tetrahydropterin synthase (EC 4.-.-.-)",4.-.-.-,13357,Micromonospora echinospora (Micromonospora purpurea)
GA0070618_2300,A0A1C4WLG8,7-carboxy-7-deazaguanine synthase (CDG synthase) (EC 4.3.99.3) (Queuosine biosynthesis protein QueE),4.3.99.3,23543,Micromonospora echinospora (Micromonospora purpurea)
GA0070618_2301,A0A1C4WLJ1,7-cyano-7-deazaguanine synthase (EC 6.3.4.20) (7-cyano-7-carbaguanine synthase) (PreQ(0) synthase) (Queuosine biosynthesis protein QueC),6.3.4.20,25037,Micromonospora echinospora (Micromonospora purpurea)
GA0070618_2302,A0A1C4WLB5,"Kef-type K+ transport system, membrane component KefB",,47813,Micromonospora echinospora (Micromonospora purpurea)
GA0070618_2303,A0A1C4WLE3,L-iditol 2-dehydrogenase,,35622,Micromonospora echinospora (Micromonospora purpurea)
GA0070618_2304,A0A1C4WLH6,"Drug resistance transporter, EmrB/QacA subfamily",,48039,Micromonospora echinospora (Micromonospora purpurea)
GA0070618_2305,A0A1C4WLQ0,"WD domain-containing protein, G-beta repeat-containing protein",,39785,Micromonospora echinospora (Micromonospora purpurea)
GA0070618_2306,A0A1C4WLQ9,Damage-inducible protein DinB,,19207,Micromonospora echinospora (Micromonospora purpurea)
GA0070618_2307,A0A1C4WLR4,Aminotransferase MxcL,,44557,Micromonospora echinospora (Micromonospora purpurea)
GA0070618_2308,A0A1C4WMI2,"Radical SAM superfamily enzyme YgiQ, UPF0313 family",,67806,Micromonospora echinospora (Micromonospora purpurea)
GA0070618_2309,A0A1C4WLS4,Uncharacterized protein,,49175,Micromonospora echinospora (Micromonospora purpurea)
GA0070618_2310,A0A1C4WLH3,Kanamycin kinase,,29995,Micromonospora echinospora (Micromonospora purpurea)
GA0070618_2311,A0A1C4WLQ8,Uncharacterized protein,,48949,Micromonospora echinospora (Micromonospora purpurea)
GA0070618_2312,Q70KE1,NADPH-dependent 7-cyano-7-deazaguanine reductase (EC 1.7.1.13) (7-cyano-7-carbaguanine reductase) (NADPH-dependent nitrile oxidoreductase) (PreQ(0) reductase),1.7.1.13,13850,Micromonospora echinospora (Micromonospora purpurea)
GA0070618_2313,A0A1C4WLX1,"dTDP-4-amino-4,6-dideoxygalactose transaminase",,46808,Micromonospora echinospora (Micromonospora purpurea)
GA0070618_2314,A0A1C4WLU9,"Radical SAM superfamily enzyme YgiQ, UPF0313 family",,75443,Micromonospora echinospora (Micromonospora purpurea)
GA0070618_2315,A0A1C4WM03,Glycosyltransferase involved in cell wall bisynthesis,,46877,Micromonospora echinospora (Micromonospora purpurea)
GA0070618_2316,A0A1C4WLQ2,Predicted dehydrogenase,,36462,Micromonospora echinospora (Micromonospora purpurea)
GA0070618_2317,A0A1C4WLZ3,2-deoxy-scyllo-inosose synthase (3-dehydroquinate synthase),,42301,Micromonospora echinospora (Micromonospora purpurea)
GA0070618_2318,A0A1C4WLT2,L-glutamine:scyllo-inosose aminotransferase,,44759,Micromonospora echinospora (Micromonospora purpurea)
GA0070618_2319,Q70KC8,16S rRNA (guanine(1405)-N(7))-methyltransferase (EC 2.1.1.179) (16S rRNA m7G1405 methyltransferase),2.1.1.179,30542,Micromonospora echinospora (Micromonospora purpurea)
GA0070618_2320,Q2MG61,Glycosyltransferase involved in cell wall bisynthesis (Putative (N-acetyl-)hexosaminyltransferase),,44440,Micromonospora echinospora (Micromonospora purpurea)
GA0070618_2321,A0A1C4WM25,"NAD(P)-dependent dehydrogenase, short-chain alcohol dehydrogenase family",,28149,Micromonospora echinospora (Micromonospora purpurea)
GA0070618_2322,A0A1C4WN23,Choline dehydrogenase,,54794,Micromonospora echinospora (Micromonospora purpurea)
GA0070618_2323,A0A1C4WM53,"Glutamate-1-semialdehyde 2,1-aminomutase",,44944,Micromonospora echinospora (Micromonospora purpurea)
GA0070618_2324,A0A1C4WM84,16S rRNA (guanine(1405)-N(7))-methyltransferase (EC 2.1.1.179) (16S rRNA m7G1405 methyltransferase),2.1.1.179,33421,Micromonospora echinospora (Micromonospora purpurea)
GA0070618_2325,A0A1C4WM90,Queuine tRNA-ribosyltransferase,,42731,Micromonospora echinospora (Micromonospora purpurea)
GA0070618_2326,A0A1C4WMB2,tryptophan--tRNA ligase (EC 6.1.1.2),6.1.1.2,39867,Micromonospora echinospora (Micromonospora purpurea)
GA0070618_2327,A0A1C4WMC2,Integral membrane protein,,9562,Micromonospora echinospora (Micromonospora purpurea)
GA0070618_2331,A0A1C4WMH9,Pyrroline-5-carboxylate reductase catalytic N-terminal domain-containing protein,,22198,Micromonospora echinospora (Micromonospora purpurea)
GA0070618_2332,A0A1C4WMM3,"Vancomycin resistance protein YoaR, contains peptidoglycan-binding and VanW domains",,64632,Micromonospora echinospora (Micromonospora purpurea)
GA0070618_2333,A0A1C4WMN1,Uncharacterized protein,,5946,Micromonospora echinospora (Micromonospora purpurea)
GA0070618_2334,A0A1C4WMJ2,Cholesterol esterase,,20652,Micromonospora echinospora (Micromonospora purpurea)
GA0070618_2335,A0A1C4WMF7,Uncharacterized protein,,54417,Micromonospora echinospora (Micromonospora purpurea)
GA0070618_2336,A0A1C4WMT1,"Uncharacterized conserved protein, DUF885 familyt",,61856,Micromonospora echinospora (Micromonospora purpurea)
GA0070618_2337,A0A1C4WMT2,Threonine/homoserine efflux transporter RhtA,,34996,Micromonospora echinospora (Micromonospora purpurea)
GA0070618_2338,A0A1C4WMM7,Putative hydrolase,,38670,Micromonospora echinospora (Micromonospora purpurea)
GA0070618_2339,A0A1C4WMW9,"glucan endo-1,3-beta-D-glucosidase (EC 3.2.1.39)",3.2.1.39,102494,Micromonospora echinospora (Micromonospora purpurea)
GA0070618_2340,A0A1C4WMV6,Peptidase family M23,,25733,Micromonospora echinospora (Micromonospora purpurea)
GA0070618_2341,A0A1C4WMM9,DUF4190 domain-containing protein,,13107,Micromonospora echinospora (Micromonospora purpurea)
GA0070618_2342,A0A1C4WMV2,Putative tRNA adenosine deaminase-associated protein,,18282,Micromonospora echinospora (Micromonospora purpurea)
GA0070618_2343,A0A1C4WMW2,tRNA-specific adenosine deaminase (EC 3.5.4.33),3.5.4.33,22906,Micromonospora echinospora (Micromonospora purpurea)
GA0070618_2344,A0A1C4WNV1,Uridine phosphorylase (EC 2.4.2.3),2.4.2.3,25486,Micromonospora echinospora (Micromonospora purpurea)
GA0070618_2346,A0A1C4WMW4,Winged helix DNA-binding domain-containing protein,,12856,Micromonospora echinospora (Micromonospora purpurea)
GA0070618_2347,A0A1C4WN64,Uncharacterized protein,,27426,Micromonospora echinospora (Micromonospora purpurea)
GA0070618_2348,A0A1C4WP01,Transport permease protein,,28088,Micromonospora echinospora (Micromonospora purpurea)
GA0070618_2349,A0A1C4WN41,ABC-2 type transport system ATP-binding protein,,34087,Micromonospora echinospora (Micromonospora purpurea)
GA0070618_2350,A0A1C4WNB7,DUF4097 and DUF4098 domain-containing protein YvlB,,29295,Micromonospora echinospora (Micromonospora purpurea)
GA0070618_2351,A0A1C4WNC8,"Ribbon-helix-helix protein, copG family",,18383,Micromonospora echinospora (Micromonospora purpurea)
GA0070618_2352,A0A1C4WN02,Acetyltransferase (GNAT) family protein,,22362,Micromonospora echinospora (Micromonospora purpurea)
GA0070618_2353,A0A1C4WN84,Uncharacterized protein,,19204,Micromonospora echinospora (Micromonospora purpurea)
GA0070618_2354,A0A1C4WNE0,Uncharacterized protein,,22590,Micromonospora echinospora (Micromonospora purpurea)
GA0070618_2355,A0A1C4WN40,Nucleoside-diphosphate-sugar epimerase,,35593,Micromonospora echinospora (Micromonospora purpurea)
GA0070618_2356,A0A1C4WNJ8,Dehydrogenase (Flavoprotein),,67953,Micromonospora echinospora (Micromonospora purpurea)
GA0070618_2357,A0A1C4WND7,"Transcriptional regulator, TetR family",,26566,Micromonospora echinospora (Micromonospora purpurea)
GA0070618_2358,A0A1C4WNK4,DUF418 domain-containing protein,,44894,Micromonospora echinospora (Micromonospora purpurea)
GA0070618_2360,A0A1C4WNN0,"Transcriptional regulator, AlpA family",,8737,Micromonospora echinospora (Micromonospora purpurea)
GA0070618_2362,A0A1C4WNM9,Helix-turn-helix domain-containing protein,,42488,Micromonospora echinospora (Micromonospora purpurea)
GA0070618_2363,A0A1C4WNQ8,Uncharacterized protein,,9215,Micromonospora echinospora (Micromonospora purpurea)
GA0070618_2366,A0A1C4WNN9,DNA-directed DNA polymerase (EC 2.7.7.7),2.7.7.7,85220,Micromonospora echinospora (Micromonospora purpurea)
GA0070618_2367,A0A1C4WNV0,DUF2332 domain-containing protein,,37649,Micromonospora echinospora (Micromonospora purpurea)
GA0070618_2368,A0A1C4WNW7,Nucleoid-associated protein GA0070618_2368,,10458,Micromonospora echinospora (Micromonospora purpurea)
GA0070618_2369,A0A1C4WPR3,Recombination protein RecR,,21417,Micromonospora echinospora (Micromonospora purpurea)
GA0070618_2370,A0A1C4WNS4,Peptide/nickel transport system substrate-binding protein,,60308,Micromonospora echinospora (Micromonospora purpurea)
GA0070618_2371,A0A1C4WNY8,Peptide/nickel transport system permease protein,,36837,Micromonospora echinospora (Micromonospora purpurea)
GA0070618_2372,A0A1C4WP26,Peptide/nickel transport system permease protein,,33808,Micromonospora echinospora (Micromonospora purpurea)
GA0070618_2373,A0A1C4WP57,Peptide/nickel transport system ATP-binding protein,,36830,Micromonospora echinospora (Micromonospora purpurea)
GA0070618_2374,A0A1C4WP62,Peptide/nickel transport system ATP-binding protein,,40381,Micromonospora echinospora (Micromonospora purpurea)
GA0070618_2375,A0A1C4WP20,Uncharacterized protein,,12868,Micromonospora echinospora (Micromonospora purpurea)
GA0070618_2376,A0A1C4WP92,DUF1524 domain-containing protein,,22188,Micromonospora echinospora (Micromonospora purpurea)
GA0070618_2377,A0A1C4WQ28,"Drug resistance transporter, EmrB/QacA subfamily",,50108,Micromonospora echinospora (Micromonospora purpurea)
GA0070618_2378,A0A1C4WPB5,2-isopropylmalate synthase (EC 2.3.3.13) (Alpha-IPM synthase) (Alpha-isopropylmalate synthase),2.3.3.13,66635,Micromonospora echinospora (Micromonospora purpurea)
GA0070618_2379,A0A1C4WPD4,Nitroreductase,,23361,Micromonospora echinospora (Micromonospora purpurea)
GA0070618_2380,A0A1C4WPB9,Lipoprotein,,27923,Micromonospora echinospora (Micromonospora purpurea)
GA0070618_2381,A0A1C4WP35,Aspartokinase (EC 2.7.2.4),2.7.2.4,44085,Micromonospora echinospora (Micromonospora purpurea)
GA0070618_2382,A0A1C4WPC4,Aspartate-semialdehyde dehydrogenase (ASA dehydrogenase) (ASADH) (EC 1.2.1.11) (Aspartate-beta-semialdehyde dehydrogenase),1.2.1.11,37162,Micromonospora echinospora (Micromonospora purpurea)
GA0070618_2383,A0A1C4WPF3,Diguanylate cyclase (GGDEF) domain-containing protein,,53754,Micromonospora echinospora (Micromonospora purpurea)
GA0070618_2384,A0A1C4WP77,Histone deacetylase,,23104,Micromonospora echinospora (Micromonospora purpurea)
GA0070618_2385,A0A1C4WPL6,Uncharacterized protein,,7262,Micromonospora echinospora (Micromonospora purpurea)
GA0070618_2386,A0A1C4WPL3,"Lysophospholipase, alpha-beta hydrolase superfamily",,27672,Micromonospora echinospora (Micromonospora purpurea)
GA0070618_2387,A0A1C4WPP0,5'-nucleotidase,,59205,Micromonospora echinospora (Micromonospora purpurea)
GA0070618_2388,A0A1C4WPH9,Fibronectin type-III domain-containing protein,,69544,Micromonospora echinospora (Micromonospora purpurea)
GA0070618_2389,A0A1C4WPS0,Uncharacterized protein,,23963,Micromonospora echinospora (Micromonospora purpurea)
GA0070618_2390,A0A1C4WPK0,DUF1579 domain-containing protein,,16433,Micromonospora echinospora (Micromonospora purpurea)
GA0070618_2392,A0A1C4WPU6,"RNA polymerase sigma-70 factor, ECF subfamily",,20177,Micromonospora echinospora (Micromonospora purpurea)
GA0070618_2393,A0A1C4WPY3,Uncharacterized protein,,26788,Micromonospora echinospora (Micromonospora purpurea)
GA0070618_2394,A0A1C4WPP9,Uncharacterized protein,,32558,Micromonospora echinospora (Micromonospora purpurea)
GA0070618_2395,A0A1C4WPQ8,"Transcriptional regulator, TetR family",,22484,Micromonospora echinospora (Micromonospora purpurea)
GA0070618_2396,A0A1C4WPR8,Predicted oxidoreductase,,36048,Micromonospora echinospora (Micromonospora purpurea)
GA0070618_2398,A0A1C4WQ29,Uncharacterized protein,,47669,Micromonospora echinospora (Micromonospora purpurea)
GA0070618_2401,A0A1C4WQ26,Uncharacterized protein,,8642,Micromonospora echinospora (Micromonospora purpurea)
GA0070618_2402,A0A1C4WQ66,"Transcriptional regulator, contains XRE-family HTH domain",,43113,Micromonospora echinospora (Micromonospora purpurea)
GA0070618_2403,A0A1C4WPZ6,Uncharacterized protein,,6326,Micromonospora echinospora (Micromonospora purpurea)
GA0070618_2404,A0A1C4WQ31,Helix-turn-helix domain-containing protein,,38931,Micromonospora echinospora (Micromonospora purpurea)
GA0070618_2407,A0A1C4WQE8,Calcineurin-like phosphoesterase domain-containing protein,,32196,Micromonospora echinospora (Micromonospora purpurea)
GA0070618_2408,A0A1C4WQ32,Glutamyl-tRNA amidotransferase,,15711,Micromonospora echinospora (Micromonospora purpurea)
GA0070618_2409,A0A1C4WQ50,non-specific serine/threonine protein kinase (EC 2.7.11.1),2.7.11.1,87005,Micromonospora echinospora (Micromonospora purpurea)
GA0070618_2410,A0A1C4WQG3,Transcriptional regulator WhiB,,11883,Micromonospora echinospora (Micromonospora purpurea)
GA0070618_2411,A0A1C4WQK0,"Anion-transporting ATPase, ArsA/GET3 family",,40891,Micromonospora echinospora (Micromonospora purpurea)
GA0070618_2412,A0A1C4WQK3,Arsenite efflux ATP-binding protein ArsA,,31898,Micromonospora echinospora (Micromonospora purpurea)
GA0070618_2413,A0A1C4WQR0,Ig-like domain-containing protein,,19322,Micromonospora echinospora (Micromonospora purpurea)
GA0070618_2414,A0A1C4WQT3,Uncharacterized protein,,17522,Micromonospora echinospora (Micromonospora purpurea)
GA0070618_2415,A0A1C4WQV7,DUF4177 domain-containing protein,,5803,Micromonospora echinospora (Micromonospora purpurea)
GA0070618_2416,A0A1C4WQI9,"Enamine deaminase RidA, house cleaning of reactive enamine intermediates, YjgF/YER057c/UK114 family",,15335,Micromonospora echinospora (Micromonospora purpurea)
GA0070618_2417,A0A1C4WQY5,"Glyoxylase, beta-lactamase superfamily II",,29326,Micromonospora echinospora (Micromonospora purpurea)
GA0070618_2418,A0A1C4WRR4,AAA ATPase domain-containing protein,,129318,Micromonospora echinospora (Micromonospora purpurea)
GA0070618_2419,A0A1C4WQX9,Integral membrane protein,,15363,Micromonospora echinospora (Micromonospora purpurea)
GA0070618_2420,A0A1C4WQT7,Protein kinase domain-containing protein,,54112,Micromonospora echinospora (Micromonospora purpurea)
GA0070618_2421,A0A1C4WRY0,Uncharacterized protein,,9716,Micromonospora echinospora (Micromonospora purpurea)
GA0070618_2422,A0A1C4WQX0,"Amino acid ABC transporter substrate-binding protein, PAAT family",,34489,Micromonospora echinospora (Micromonospora purpurea)
GA0070618_2423,A0A1C4WR64,Uncharacterized protein,,38843,Micromonospora echinospora (Micromonospora purpurea)
GA0070618_2424,A0A1C4WRA9,Acyl-CoA dehydrogenase,,40720,Micromonospora echinospora (Micromonospora purpurea)
GA0070618_2425,A0A1C4WQZ6,Propionyl-CoA carboxylase alpha chain,,69118,Micromonospora echinospora (Micromonospora purpurea)
GA0070618_2426,A0A1C4WS58,"Acetyl-CoA carboxylase, carboxyltransferase component",,56882,Micromonospora echinospora (Micromonospora purpurea)
GA0070618_2427,A0A1C4WR97,Exopolyphosphatase,,59044,Micromonospora echinospora (Micromonospora purpurea)
GA0070618_2428,A0A1C4WRD3,"Transcriptional regulator, TetR family",,24390,Micromonospora echinospora (Micromonospora purpurea)
GA0070618_2429,A0A1C4WRH9,Predicted phosphodiesterase,,26444,Micromonospora echinospora (Micromonospora purpurea)
GA0070618_2430,A0A1C4WRE1,cAMP-binding domain of CRP or a regulatory subunit of cAMP-dependent protein kinases,,24819,Micromonospora echinospora (Micromonospora purpurea)
GA0070618_2431,A0A1C4WRH4,Adenosylcobinamide amidohydrolase,,24742,Micromonospora echinospora (Micromonospora purpurea)
GA0070618_2432,A0A1C4WRE0,"Poly-gamma-glutamate biosynthesis protein CapA/YwtB (Capsule formation), metallophosphatase superfamily",,40177,Micromonospora echinospora (Micromonospora purpurea)
GA0070618_2433,A0A1C4WRA8,Endonuclease III (EC 4.2.99.18) (DNA-(apurinic or apyrimidinic site) lyase),4.2.99.18,28421,Micromonospora echinospora (Micromonospora purpurea)
GA0070618_2434,A0A1C4WRB7,Thiol-disulfide isomerase or thioredoxin,,23031,Micromonospora echinospora (Micromonospora purpurea)
GA0070618_2435,A0A1C4WRI1,NUDIX domain-containing protein,,24763,Micromonospora echinospora (Micromonospora purpurea)
GA0070618_2436,A0A1C4WRK2,Colicin V production protein,,39800,Micromonospora echinospora (Micromonospora purpurea)
GA0070618_2437,A0A1C4WRQ0,Uncharacterized protein,,32100,Micromonospora echinospora (Micromonospora purpurea)
GA0070618_2438,A0A1C4WRR0,Type VII secretion-associated serine protease mycosin,,49181,Micromonospora echinospora (Micromonospora purpurea)
GA0070618_2439,A0A1C4WRP7,"DNA segregation ATPase FtsK/SpoIIIE, S-DNA-T family",,141468,Micromonospora echinospora (Micromonospora purpurea)
GA0070618_2440,A0A1C4WRI2,Type VII secretion integral membrane protein EccD,,46730,Micromonospora echinospora (Micromonospora purpurea)
GA0070618_2441,A0A1C4WRQ8,Inorganic pyrophosphatase (EC 3.6.1.1) (Pyrophosphate phospho-hydrolase) (PPase),3.6.1.1,19218,Micromonospora echinospora (Micromonospora purpurea)
GA0070618_2442,A0A1C4WRV4,D-alanyl-D-alanine carboxypeptidase / D-alanyl-D-alanine-endopeptidase (Penicillin-binding protein 4),,62193,Micromonospora echinospora (Micromonospora purpurea)
GA0070618_2443,A0A1C4WRN8,"Putative hydrolase/uncharacterized protein, coenzyme F420 biosynthesis associated",,38710,Micromonospora echinospora (Micromonospora purpurea)
GA0070618_2444,A0A1C4WRN3,tRNA(Ile)-lysidine synthase (EC 6.3.4.19) (tRNA(Ile)-2-lysyl-cytidine synthase) (tRNA(Ile)-lysidine synthetase),6.3.4.19,34574,Micromonospora echinospora (Micromonospora purpurea)
GA0070618_2445,A0A1C4WRZ6,Gamma-glutamyltransferase 2. Threonine peptidase. MEROPS family T03,,56760,Micromonospora echinospora (Micromonospora purpurea)
GA0070618_2446,A0A1C4WRT0,"Transcriptional regulator, AraC family with amidase-like domain",,34519,Micromonospora echinospora (Micromonospora purpurea)
GA0070618_2447,A0A1C4WRR9,Uncharacterized protein,,5083,Micromonospora echinospora (Micromonospora purpurea)
GA0070618_2448,A0A1C4WS47,Hypoxanthine phosphoribosyltransferase (EC 2.4.2.8),2.4.2.8,21003,Micromonospora echinospora (Micromonospora purpurea)
GA0070618_2449,A0A1C4WSZ6,ATP-dependent zinc metalloprotease FtsH (EC 3.4.24.-),3.4.24.-,74798,Micromonospora echinospora (Micromonospora purpurea)
GA0070618_2450,A0A1C4WS16,GTP cyclohydrolase 1 (EC 3.5.4.16) (GTP cyclohydrolase I) (GTP-CH-I),3.5.4.16,25734,Micromonospora echinospora (Micromonospora purpurea)
GA0070618_2451,A0A1C4WS85,Uncharacterized protein,,24349,Micromonospora echinospora (Micromonospora purpurea)
GA0070618_2452,A0A1C4WT37,FtsK/SpoIIIE family protein,,102793,Micromonospora echinospora (Micromonospora purpurea)
GA0070618_2453,A0A1C4WS55,Mce-associated membrane protein,,20235,Micromonospora echinospora (Micromonospora purpurea)
GA0070618_2454,A0A1C4WS34,Uncharacterized protein,,22167,Micromonospora echinospora (Micromonospora purpurea)
GA0070618_2455,A0A1C4WS03,"Murein DD-endopeptidase MepM and murein hydrolase activator NlpD, contain LysM domain",,41388,Micromonospora echinospora (Micromonospora purpurea)
GA0070618_2456,A0A1C4WS89,Conjugative transposon protein TcpC,,19173,Micromonospora echinospora (Micromonospora purpurea)
GA0070618_2457,A0A1C4WSB7,MFS transporter,,70870,Micromonospora echinospora (Micromonospora purpurea)
GA0070618_2458,A0A1C4WTB7,AAA-like domain-containing protein,,121885,Micromonospora echinospora (Micromonospora purpurea)
GA0070618_2460,A0A1C4WSK8,TrbC/VIRB2 family protein,,10675,Micromonospora echinospora (Micromonospora purpurea)
GA0070618_2461,A0A1C4WSM1,dihydropteroate synthase (EC 2.5.1.15),2.5.1.15,29365,Micromonospora echinospora (Micromonospora purpurea)
GA0070618_2462,A0A1C4WSI3,"7,8-dihydroneopterin aldolase (EC 4.1.2.25)",4.1.2.25,13046,Micromonospora echinospora (Micromonospora purpurea)
GA0070618_2463,A0A1C4WSR1,2-amino-4-hydroxy-6-hydroxymethyldihydropteridine diphosphokinase (EC 2.7.6.3),2.7.6.3,19198,Micromonospora echinospora (Micromonospora purpurea)
GA0070618_2464,A0A1C4WSP8,DUF3180 domain-containing protein,,18935,Micromonospora echinospora (Micromonospora purpurea)
GA0070618_2465,A0A1C4WSI9,"Monosaccharide ABC transporter membrane protein, CUT2 family",,41595,Micromonospora echinospora (Micromonospora purpurea)
GA0070618_2466,A0A1C4WSS8,Uncharacterized protein,,11129,Micromonospora echinospora (Micromonospora purpurea)
GA0070618_2467,A0A1C4WSQ9,Uncharacterized protein,,17138,Micromonospora echinospora (Micromonospora purpurea)
GA0070618_2468,A0A1C4WSX4,Osmoprotectant transport system ATP-binding protein,,36741,Micromonospora echinospora (Micromonospora purpurea)
GA0070618_2469,A0A1C4WSL3,Osmoprotectant transport system permease protein,,24215,Micromonospora echinospora (Micromonospora purpurea)
GA0070618_2470,A0A1C4WSU4,Osmoprotectant transport system permease protein,,24560,Micromonospora echinospora (Micromonospora purpurea)
GA0070618_2471,A0A1C4WSZ1,Osmoprotectant transport system substrate-binding protein,,33740,Micromonospora echinospora (Micromonospora purpurea)
GA0070618_2472,A0A1C4WT22,Uncharacterized protein,,72296,Micromonospora echinospora (Micromonospora purpurea)
GA0070618_2473,A0A1C4WT69,NADH-quinone oxidoreductase subunit D (EC 7.1.1.-) (NADH dehydrogenase I subunit D) (NDH-1 subunit D),7.1.1.-,42379,Micromonospora echinospora (Micromonospora purpurea)
GA0070618_2474,A0A1C4WSU6,"SAM-dependent methyltransferase, MidA family",,36800,Micromonospora echinospora (Micromonospora purpurea)
GA0070618_2475,A0A1C4WTA0,"Predicted oxidoreductase, contains short-chain dehydrogenase (SDR) and DUF2520 domains",,32165,Micromonospora echinospora (Micromonospora purpurea)
GA0070618_2476,A0A1C4WT48,Pantothenate synthetase (PS) (EC 6.3.2.1) (Pantoate--beta-alanine ligase) (Pantoate-activating enzyme),6.3.2.1,29997,Micromonospora echinospora (Micromonospora purpurea)
GA0070618_2477,A0A1C4WU68,Aspartate 1-decarboxylase (EC 4.1.1.11) (Aspartate alpha-decarboxylase) [Cleaved into: Aspartate 1-decarboxylase beta chain; Aspartate 1-decarboxylase alpha chain],4.1.1.11,14863,Micromonospora echinospora (Micromonospora purpurea)
GA0070618_2478,A0A1C4WTF2,Septum formation,,31442,Micromonospora echinospora (Micromonospora purpurea)
GA0070618_2479,A0A1C4WT70,L-aspartate oxidase (EC 1.4.3.16),1.4.3.16,58316,Micromonospora echinospora (Micromonospora purpurea)
GA0070618_2480,A0A1C4WTG4,nicotinate-nucleotide diphosphorylase (carboxylating) (EC 2.4.2.19) (Quinolinate phosphoribosyltransferase [decarboxylating]),2.4.2.19,31776,Micromonospora echinospora (Micromonospora purpurea)
GA0070618_2481,A0A1C4WTH9,Type III pantothenate kinase (EC 2.7.1.33) (PanK-III) (Pantothenic acid kinase),2.7.1.33,27051,Micromonospora echinospora (Micromonospora purpurea)
GA0070618_2482,A0A1C4WTD8,Methyltransferase domain-containing protein,,27079,Micromonospora echinospora (Micromonospora purpurea)
GA0070618_2483,A0A1C4WUG2,Lysine--tRNA ligase (EC 6.1.1.6) (Lysyl-tRNA synthetase) (LysRS),6.1.1.6,55773,Micromonospora echinospora (Micromonospora purpurea)
GA0070618_2484,A0A1C4WTI4,Lsr2 protein,,12540,Micromonospora echinospora (Micromonospora purpurea)
GA0070618_2485,A0A1C4WTK8,ATP-dependent Clp protease ATP-binding subunit ClpC,,93747,Micromonospora echinospora (Micromonospora purpurea)
GA0070618_2486,A0A1C4WTG0,Adenine DNA glycosylase (EC 3.2.2.31),3.2.2.31,32617,Micromonospora echinospora (Micromonospora purpurea)
GA0070618_2487,A0A1C4WTR2,Glycine cleavage system transcriptional repressor,,17280,Micromonospora echinospora (Micromonospora purpurea)
GA0070618_2488,A0A1C4WTJ4,Peptide deformylase (PDF) (EC 3.5.1.88) (Polypeptide deformylase),3.5.1.88,19440,Micromonospora echinospora (Micromonospora purpurea)
GA0070618_2489,A0A1C4WTY9,Uncharacterized protein,,24703,Micromonospora echinospora (Micromonospora purpurea)
GA0070618_2490,A0A1C4WU27,DNA integrity scanning protein DisA (Cyclic di-AMP synthase) (c-di-AMP synthase) (Diadenylate cyclase) (EC 2.7.7.85),2.7.7.85,42243,Micromonospora echinospora (Micromonospora purpurea)
GA0070618_2491,A0A1C4WTY5,DNA repair protein RadA,,49599,Micromonospora echinospora (Micromonospora purpurea)
GA0070618_2492,A0A1C4WTQ9,Copper(I)-binding protein,,24703,Micromonospora echinospora (Micromonospora purpurea)
GA0070618_2493,A0A1C4WU37,4-hydroxybenzoate polyprenyltransferase,,27667,Micromonospora echinospora (Micromonospora purpurea)
GA0070618_2494,A0A1C4WU16,2-polyprenyl-6-hydroxyphenyl methylase / 3-demethylubiquinone-9 3-methyltransferase,,27702,Micromonospora echinospora (Micromonospora purpurea)
GA0070618_2495,A0A1C4WV21,Predicted naringenin-chalcone synthase,,36851,Micromonospora echinospora (Micromonospora purpurea)
GA0070618_2496,A0A1C4WUB3,Uncharacterized protein,,22864,Micromonospora echinospora (Micromonospora purpurea)
GA0070618_2497,A0A1C4WU50,Thioredoxin domain-containing protein,,24461,Micromonospora echinospora (Micromonospora purpurea)
GA0070618_2498,A0A1C4WTX8,"Transcriptional regulator, CarD family",,17850,Micromonospora echinospora (Micromonospora purpurea)
GA0070618_2499,A0A1C4WTY7,2-C-methyl-D-erythritol 4-phosphate cytidylyltransferase (EC 2.7.7.60) (4-diphosphocytidyl-2C-methyl-D-erythritol synthase) (MEP cytidylyltransferase) (MCT),2.7.7.60,23304,Micromonospora echinospora (Micromonospora purpurea)
GA0070618_2500,A0A1C4WUB5,"2-C-methyl-D-erythritol 2,4-cyclodiphosphate synthase (MECDP-synthase) (MECPP-synthase) (MECPS) (EC 4.6.1.12)",4.6.1.12,18102,Micromonospora echinospora (Micromonospora purpurea)
GA0070618_2501,A0A1C4WUC5,Tetratricopeptide repeat-containing protein,,35029,Micromonospora echinospora (Micromonospora purpurea)
GA0070618_2502,A0A1C4WUC0,"Homogentisate 1,2-dioxygenase",,43396,Micromonospora echinospora (Micromonospora purpurea)
GA0070618_2503,A0A1C4WUC3,Uncharacterized protein,,33339,Micromonospora echinospora (Micromonospora purpurea)
GA0070618_2504,A0A1C4WUA4,fumarylacetoacetase (EC 3.7.1.2),3.7.1.2,42273,Micromonospora echinospora (Micromonospora purpurea)
GA0070618_2505,A0A1C4WUH7,DUF397 domain-containing protein,,7249,Micromonospora echinospora (Micromonospora purpurea)
GA0070618_2506,A0A1C4WVF0,PQQ-like domain-containing protein,,44400,Micromonospora echinospora (Micromonospora purpurea)
GA0070618_2507,A0A1C4WUN3,LPXTG-motif cell wall anchor domain-containing protein,,10627,Micromonospora echinospora (Micromonospora purpurea)
GA0070618_2508,A0A1C4WUA6,Uncharacterized protein,,31822,Micromonospora echinospora (Micromonospora purpurea)
GA0070618_2509,A0A1C4WUM8,WxL domain surface cell wall-binding,,17849,Micromonospora echinospora (Micromonospora purpurea)
GA0070618_2510,A0A1C4WUM7,Putative phenylalanine aminotransferase (EC 2.6.1.-),2.6.1.-,39513,Micromonospora echinospora (Micromonospora purpurea)
GA0070618_2511,A0A1C4WUT0,"Uncharacterized membrane protein YckC, RDD family",,36294,Micromonospora echinospora (Micromonospora purpurea)
GA0070618_2512,A0A1C4WUQ4,4-hydroxyphenylpyruvate dioxygenase,,44277,Micromonospora echinospora (Micromonospora purpurea)
GA0070618_2513,A0A1C4WUQ0,"Transcriptional regulator, AsnC family",,17586,Micromonospora echinospora (Micromonospora purpurea)
GA0070618_2514,A0A1C4WUY3,"Transcriptional regulator, ArsR family",,36308,Micromonospora echinospora (Micromonospora purpurea)
GA0070618_2515,A0A1C4WUP8,Major Facilitator Superfamily protein,,45775,Micromonospora echinospora (Micromonospora purpurea)
GA0070618_2516,A0A1C4WUX0,Pyrroloquinoline-quinone binding quinoprotein,,51867,Micromonospora echinospora (Micromonospora purpurea)
GA0070618_2517,A0A1C4WUU5,Fumarate hydratase class I (EC 4.2.1.2),4.2.1.2,60399,Micromonospora echinospora (Micromonospora purpurea)
GA0070618_2518,A0A1C4WV16,Uncharacterized protein,,14005,Micromonospora echinospora (Micromonospora purpurea)
GA0070618_2519,A0A1C4WUZ4,DUF3800 domain-containing protein,,19802,Micromonospora echinospora (Micromonospora purpurea)
GA0070618_2520,A0A1C4WV15,Uncharacterized protein,,7905,Micromonospora echinospora (Micromonospora purpurea)
GA0070618_2537,A0A1C4WUY4,5-methylcytosine-specific restriction endonuclease McrA,,16751,Micromonospora echinospora (Micromonospora purpurea)
GA0070618_2541,A0A1C4WV87,Uncharacterized protein,,4974,Micromonospora echinospora (Micromonospora purpurea)
GA0070618_2542,A0A1C4WV29,Fumarate hydratase class II (Fumarase C) (EC 4.2.1.2) (Aerobic fumarase) (Iron-independent fumarase),4.2.1.2,49231,Micromonospora echinospora (Micromonospora purpurea)
GA0070618_2544,A0A1C4WVJ4,"PPOX class probable F420-dependent enzyme, Rv3369 family",,14405,Micromonospora echinospora (Micromonospora purpurea)
GA0070618_2545,A0A1C4WVH1,"Protein N-acetyltransferase, RimJ/RimL family",,23477,Micromonospora echinospora (Micromonospora purpurea)
GA0070618_2546,A0A1C4WVK1,Putative hydrolase of the HAD superfamily,,24624,Micromonospora echinospora (Micromonospora purpurea)
GA0070618_2547,A0A1C4WVI4,"Serine protease, subtilisin family",,59700,Micromonospora echinospora (Micromonospora purpurea)
GA0070618_2548,A0A1C4WWG9,Very-short-patch-repair endonuclease,,38436,Micromonospora echinospora (Micromonospora purpurea)
GA0070618_2549,A0A1C4WVI9,"DNA-binding transcriptional regulator, IclR family",,26360,Micromonospora echinospora (Micromonospora purpurea)
GA0070618_2550,A0A1C4WVP3,Cysteine--tRNA ligase (EC 6.1.1.16) (Cysteinyl-tRNA synthetase) (CysRS),6.1.1.16,51237,Micromonospora echinospora (Micromonospora purpurea)
GA0070618_2551,A0A1C4WVH6,23S rRNA (Guanosine2251-2'-O)-methyltransferase,,38742,Micromonospora echinospora (Micromonospora purpurea)
GA0070618_2552,A0A1C4WVL7,"Carbohydrate ABC transporter ATP-binding protein, CUT1 family",,39578,Micromonospora echinospora (Micromonospora purpurea)
GA0070618_2555,A0A1C4WVN7,AraC-type DNA-binding protein,,15048,Micromonospora echinospora (Micromonospora purpurea)
GA0070618_2556,A0A1C4WVY0,"Catechol 2,3-dioxygenase",,15218,Micromonospora echinospora (Micromonospora purpurea)
GA0070618_2557,A0A1C4WVQ6,Enoyl-CoA hydratase/carnithine racemase,,26748,Micromonospora echinospora (Micromonospora purpurea)
GA0070618_2558,A0A1C4WW04,Low temperature requirement protein LtrA,,53563,Micromonospora echinospora (Micromonospora purpurea)
GA0070618_2559,A0A1C4WVP5,Uncharacterized protein,,40852,Micromonospora echinospora (Micromonospora purpurea)
GA0070618_2560,A0A1C4WVQ9,Isorenieratene synthase,,55716,Micromonospora echinospora (Micromonospora purpurea)
GA0070618_2561,A0A1C4WVS0,Cytoplasmic protein,,18225,Micromonospora echinospora (Micromonospora purpurea)
GA0070618_2562,A0A1C4WVR8,"Trk K+ transport system, NAD-binding component",,68569,Micromonospora echinospora (Micromonospora purpurea)
GA0070618_2563,A0A1C4WW08,Prevent-host-death family protein,,17232,Micromonospora echinospora (Micromonospora purpurea)
GA0070618_2564,A0A1C4WW40,Type II toxin-antitoxin system RelE/ParE family toxin,,13308,Micromonospora echinospora (Micromonospora purpurea)
GA0070618_2565,A0A1C4WVY7,"Amino acid/polyamine/organocation transporter, APC superfamily",,41960,Micromonospora echinospora (Micromonospora purpurea)
GA0070618_2566,A0A1C4WVX4,PAP2 superfamily protein,,28644,Micromonospora echinospora (Micromonospora purpurea)
GA0070618_2567,A0A1C4WW37,Lipopolysaccharide kinase (Kdo/WaaP) family protein,,45733,Micromonospora echinospora (Micromonospora purpurea)
GA0070618_2568,A0A1C4WWD7,N-acetylglucosamine 6-phosphate deacetylase,,38377,Micromonospora echinospora (Micromonospora purpurea)
GA0070618_2569,A0A1C4WW44,Glucokinase,,29589,Micromonospora echinospora (Micromonospora purpurea)
GA0070618_2570,A0A1C4WW38,Glutamine--fructose-6-phosphate aminotransferase [isomerizing] (EC 2.6.1.16),2.6.1.16,32784,Micromonospora echinospora (Micromonospora purpurea)
GA0070618_2571,A0A1C4WWB4,"Transcriptional regulator, DeoR family",,27423,Micromonospora echinospora (Micromonospora purpurea)
GA0070618_2572,A0A1C4WWE9,Bacterial Ig-like domain-containing protein,,42518,Micromonospora echinospora (Micromonospora purpurea)
GA0070618_2573,A0A1C4WWI5,ABC-2 type transport system ATP-binding protein,,35283,Micromonospora echinospora (Micromonospora purpurea)
GA0070618_2574,A0A1C4WXE1,"ABC-type transport system involved in multi-copper enzyme maturation, permease component",,36644,Micromonospora echinospora (Micromonospora purpurea)
GA0070618_2575,A0A1C4WWC0,DUF3263 domain-containing protein,,19116,Micromonospora echinospora (Micromonospora purpurea)
GA0070618_2576,A0A1C4WXH4,Uncharacterized protein,,15193,Micromonospora echinospora (Micromonospora purpurea)
GA0070618_2577,A0A1C4WWH3,Protein phosphatase 2C-like protein,,29784,Micromonospora echinospora (Micromonospora purpurea)
GA0070618_2578,A0A1C4WWG7,"Protein N-acetyltransferase, RimJ/RimL family",,17555,Micromonospora echinospora (Micromonospora purpurea)
GA0070618_2579,A0A1C4WWL7,Uncharacterized protein,,14448,Micromonospora echinospora (Micromonospora purpurea)
GA0070618_2580,A0A1C4WWK6,Uncharacterized membrane protein,,47597,Micromonospora echinospora (Micromonospora purpurea)
GA0070618_2581,A0A1C4WXQ4,Gas vesicle protein A (GVP),,15466,Micromonospora echinospora (Micromonospora purpurea)
GA0070618_2582,A0A1C4WWU8,Gas vesicle synthesis protein GvpL/GvpF,,26997,Micromonospora echinospora (Micromonospora purpurea)
GA0070618_2583,A0A1C4WWS6,Gas vesicle protein G,,9820,Micromonospora echinospora (Micromonospora purpurea)
GA0070618_2584,A0A1C4WWU9,Gas vesicle synthesis protein GvpO,,15222,Micromonospora echinospora (Micromonospora purpurea)
GA0070618_2585,A0A1C4WX10,Gas vesicle protein,,13500,Micromonospora echinospora (Micromonospora purpurea)
GA0070618_2586,A0A1C4WWU3,Gas vesicle synthesis protein GvpL/GvpF,,31717,Micromonospora echinospora (Micromonospora purpurea)
GA0070618_2587,A0A1C4WWY4,Gas vesicle protein,,7110,Micromonospora echinospora (Micromonospora purpurea)
GA0070618_2588,A0A1C4WX21,Gas vesicle protein K,,13935,Micromonospora echinospora (Micromonospora purpurea)
GA0070618_2589,A0A1C4WXD2,Transitional endoplasmic reticulum ATPase,,79696,Micromonospora echinospora (Micromonospora purpurea)
GA0070618_2590,A0A1C4WXA8,ABC-2 type transport system ATP-binding protein,,99696,Micromonospora echinospora (Micromonospora purpurea)
GA0070618_2591,A0A1C4WYA0,ABC-2 type transport system permease protein,,34437,Micromonospora echinospora (Micromonospora purpurea)
GA0070618_2592,A0A1C4WXA0,Uncharacterized protein,,18577,Micromonospora echinospora (Micromonospora purpurea)
GA0070618_2593,A0A1C4WXB3,Calcineurin-like phosphoesterase,,48776,Micromonospora echinospora (Micromonospora purpurea)
GA0070618_2594,A0A1C4WXA5,N-acetylmuramoyl-L-alanine amidase (EC 3.5.1.28),3.5.1.28,29981,Micromonospora echinospora (Micromonospora purpurea)
GA0070618_2595,A0A1C4WXF4,Uncharacterized protein,,23859,Micromonospora echinospora (Micromonospora purpurea)
GA0070618_2596,A0A1C4WXK6,Leader peptidase (Prepilin peptidase) / N-methyltransferase,,24805,Micromonospora echinospora (Micromonospora purpurea)
GA0070618_2597,A0A1C4WXM7,Threonine synthase,,44672,Micromonospora echinospora (Micromonospora purpurea)
GA0070618_2598,A0A1C4WYM9,Acetyltransferase (GNAT) domain-containing protein,,37248,Micromonospora echinospora (Micromonospora purpurea)
GA0070618_2599,A0A1C4WXM9,DUF4157 domain-containing protein,,20769,Micromonospora echinospora (Micromonospora purpurea)
GA0070618_2600,A0A1C4WXQ2,Phenylacetic acid degradation protein paaN,,59015,Micromonospora echinospora (Micromonospora purpurea)
GA0070618_2601,A0A1C4WXP3,Ribosomal protein S18 acetylase RimI,,19117,Micromonospora echinospora (Micromonospora purpurea)
GA0070618_2602,A0A1C4WXZ3,Cold-shock DNA-binding protein family,,7378,Micromonospora echinospora (Micromonospora purpurea)
GA0070618_2603,A0A1C4WYY6,Chaperonin GroEL (EC 5.6.1.7) (60 kDa chaperonin) (Chaperonin-60) (Cpn60),5.6.1.7,56822,Micromonospora echinospora (Micromonospora purpurea)
GA0070618_2604,A0A1C4WXY8,Uncharacterized protein,,8427,Micromonospora echinospora (Micromonospora purpurea)
GA0070618_2605,A0A1C4WYB1,Acetyltransferase (GNAT) family protein,,34655,Micromonospora echinospora (Micromonospora purpurea)
GA0070618_2606,A0A1C4WY47,Subtilase family protein,,80364,Micromonospora echinospora (Micromonospora purpurea)
GA0070618_2607,A0A1C4WZ60,Glycerol-3-phosphate dehydrogenase (EC 1.1.5.3),1.1.5.3,68813,Micromonospora echinospora (Micromonospora purpurea)
GA0070618_2608,A0A1C4WYB8,Glycolate oxidase,,49568,Micromonospora echinospora (Micromonospora purpurea)
GA0070618_2609,A0A1C4WZA3,"Predicted metal-dependent phosphohydrolase, HD superfamily",,22423,Micromonospora echinospora (Micromonospora purpurea)
GA0070618_2610,A0A1C4WYB7,"Uncharacterized membrane protein YgaE, UPF0421/DUF939 family",,45369,Micromonospora echinospora (Micromonospora purpurea)
GA0070618_2611,A0A1C4WY90,"Membrane proteinase PrsW, cleaves anti-sigma factor RsiW, M82 family",,48293,Micromonospora echinospora (Micromonospora purpurea)
GA0070618_2612,A0A1C4WYA9,Uncharacterized protein,,5880,Micromonospora echinospora (Micromonospora purpurea)
GA0070618_2613,A0A1C4WYI4,10 kDa chaperonin,,12143,Micromonospora echinospora (Micromonospora purpurea)
GA0070618_2614,A0A1C4WZK6,Predicted PurR-regulated permease PerM,,46202,Micromonospora echinospora (Micromonospora purpurea)
GA0070618_2615,A0A1C4WYN4,ATP-dependent DNA helicase DinG,,75986,Micromonospora echinospora (Micromonospora purpurea)
GA0070618_2616,A0A1C4WYQ3,DUF402 domain-containing protein,,19093,Micromonospora echinospora (Micromonospora purpurea)
GA0070618_2617,A0A1C4WYS2,"RNA polymerase sigma-70 factor, ECF subfamily",,33043,Micromonospora echinospora (Micromonospora purpurea)
GA0070618_2618,A0A1C4WYU1,"Polyphosphate:nucleotide phosphotransferase, PPK2 family",,35069,Micromonospora echinospora (Micromonospora purpurea)
GA0070618_2619,A0A1C4WYU5,Pit accessory protein,,23797,Micromonospora echinospora (Micromonospora purpurea)
GA0070618_2620,A0A1C4WYZ6,"Inorganic phosphate transporter, PiT family",,34623,Micromonospora echinospora (Micromonospora purpurea)
GA0070618_2621,A0A1C4WZ05,Predicted dehydrogenase,,34558,Micromonospora echinospora (Micromonospora purpurea)
GA0070618_2622,A0A1C4WZ12,NUDIX domain-containing protein,,29633,Micromonospora echinospora (Micromonospora purpurea)
GA0070618_2623,A0A1C4WZ42,Low temperature requirement protein LtrA,,43539,Micromonospora echinospora (Micromonospora purpurea)
GA0070618_2624,A0A1C4WZ47,Helix-turn-helix domain-containing protein,,9517,Micromonospora echinospora (Micromonospora purpurea)
GA0070618_2625,A0A1C4WZ21,"Transcriptional regulator, AlpA family",,6954,Micromonospora echinospora (Micromonospora purpurea)
GA0070618_2626,A0A1C4WZ77,DivIVA domain-containing protein,,12993,Micromonospora echinospora (Micromonospora purpurea)
GA0070618_2627,A0A1C4WZA2,"Transcriptional regulator, contains XRE-family HTH domain",,43149,Micromonospora echinospora (Micromonospora purpurea)
GA0070618_2628,A0A1C4WZ96,Uncharacterized protein,,30417,Micromonospora echinospora (Micromonospora purpurea)
GA0070618_2629,A0A1C4WZD0,Leucine rich repeat (LRR) protein,,33346,Micromonospora echinospora (Micromonospora purpurea)
GA0070618_2630,A0A1C4WZC2,"Phosphate uptake regulator, PhoU",,23767,Micromonospora echinospora (Micromonospora purpurea)
GA0070618_2631,A0A1C4WZ92,Phosphate-binding protein,,37378,Micromonospora echinospora (Micromonospora purpurea)
GA0070618_2632,A0A1C4WZL5,Phosphate transport system permease protein,,34595,Micromonospora echinospora (Micromonospora purpurea)
GA0070618_2633,A0A1C4X0I0,Phosphate transport system permease protein PstA,,32030,Micromonospora echinospora (Micromonospora purpurea)
GA0070618_2634,A0A1C4WZL3,"Phosphate ABC transporter ATP-binding protein, PhoT family",,31849,Micromonospora echinospora (Micromonospora purpurea)
GA0070618_2635,A0A1C4WZH2,Uncharacterized protein,,19441,Micromonospora echinospora (Micromonospora purpurea)
GA0070618_2636,A0A1C4X0N5,Mycothiol acetyltransferase (MSH acetyltransferase) (EC 2.3.1.189) (Mycothiol synthase),2.3.1.189,36119,Micromonospora echinospora (Micromonospora purpurea)
GA0070618_2637,A0A1C4WZV2,"Peptidoglycan/xylan/chitin deacetylase, PgdA/CDA1 family",,28924,Micromonospora echinospora (Micromonospora purpurea)
GA0070618_2638,A0A1C4WZR1,"DNA-binding response regulator, OmpR family, contains REC and winged-helix (WHTH) domain",,25495,Micromonospora echinospora (Micromonospora purpurea)
GA0070618_2639,A0A1C4X0T6,CDP-diglyceride synthetase,,35298,Micromonospora echinospora (Micromonospora purpurea)
GA0070618_2640,A0A1C4WZV0,DUF2993 family protein,,27942,Micromonospora echinospora (Micromonospora purpurea)
GA0070618_2641,A0A1C4X0X4,Thiosulfate sulfurtransferase,,31418,Micromonospora echinospora (Micromonospora purpurea)
GA0070618_2642,A0A1C4X0Z0,DUF1416 domain-containing protein,,10808,Micromonospora echinospora (Micromonospora purpurea)
GA0070618_2643,A0A1C4X017,Uncharacterized protein,,9783,Micromonospora echinospora (Micromonospora purpurea)
GA0070618_2644,A0A1C4X011,Cell wall synthesis protein Wag31 (Antigen 84),,13322,Micromonospora echinospora (Micromonospora purpurea)
GA0070618_2645,A0A1C4X042,"Regulatory protein, gntR family",,9016,Micromonospora echinospora (Micromonospora purpurea)
GA0070618_2646,A0A1C4X158,"Transcriptional regulator, TetR family",,26965,Micromonospora echinospora (Micromonospora purpurea)
GA0070618_2647,A0A1C4X093,Uncharacterized protein,,9133,Micromonospora echinospora (Micromonospora purpurea)
GA0070618_2648,A0A1C4X0A4,Uncharacterized protein,,8581,Micromonospora echinospora (Micromonospora purpurea)
GA0070618_2649,A0A1C4X0D3,Uncharacterized protein,,26870,Micromonospora echinospora (Micromonospora purpurea)
GA0070618_2650,A0A1C4X0B5,"Glycogen debranching enzyme (Alpha-1,6-glucosidase)",,75771,Micromonospora echinospora (Micromonospora purpurea)
GA0070618_2651,A0A1C4X0G7,SCP-2 sterol transfer family protein,,14928,Micromonospora echinospora (Micromonospora purpurea)
GA0070618_2652,A0A1C4X0I8,Predicted peroxiredoxin,,12777,Micromonospora echinospora (Micromonospora purpurea)
GA0070618_2653,A0A1C4X1I9,Peroxynitrite isomerase (EC 5.99.-.-) (Ferric nitrobindin) (Nb(III)),5.99.-.-,21988,Micromonospora echinospora (Micromonospora purpurea)
GA0070618_2654,A0A1C4X0T0,4-amino-4-deoxychorismate lyase,,31419,Micromonospora echinospora (Micromonospora purpurea)
GA0070618_2655,A0A1C4X0N6,"Nickel uptake regulator, Fur family",,17859,Micromonospora echinospora (Micromonospora purpurea)
GA0070618_2656,A0A1C4X0L9,Aminomethyltransferase folate-binding domain-containing protein,,39457,Micromonospora echinospora (Micromonospora purpurea)
GA0070618_2657,A0A1C4X0U2,"Uncharacterized conserved protein, DUF849 family",,29022,Micromonospora echinospora (Micromonospora purpurea)
GA0070618_2658,A0A1C4X0T9,Asparaginase,,33464,Micromonospora echinospora (Micromonospora purpurea)
GA0070618_2659,A0A1C4X142,Pimeloyl-ACP methyl ester carboxylesterase,,28012,Micromonospora echinospora (Micromonospora purpurea)
GA0070618_2660,A0A1C4X0V0,Helix-turn-helix,,24986,Micromonospora echinospora (Micromonospora purpurea)
GA0070618_2661,A0A1C4X133,Heparin binding hemagglutinin HbhA,,23011,Micromonospora echinospora (Micromonospora purpurea)
GA0070618_2662,A0A1C4X137,DUF2516 family protein,,11020,Micromonospora echinospora (Micromonospora purpurea)
GA0070618_2663,A0A1C4X1C0,Pimeloyl-ACP methyl ester carboxylesterase,,31672,Micromonospora echinospora (Micromonospora purpurea)
GA0070618_2664,A0A1C4X129,"NAD(P)-dependent dehydrogenase, short-chain alcohol dehydrogenase family",,32772,Micromonospora echinospora (Micromonospora purpurea)
GA0070618_2665,A0A1C4X189,"Predicted DNA-binding transcriptional regulator YafY, contains an HTH and WYL domains",,36452,Micromonospora echinospora (Micromonospora purpurea)
GA0070618_2666,A0A1C4X198,CysZ protein,,27921,Micromonospora echinospora (Micromonospora purpurea)
GA0070618_2667,A0A1C4X1A8,"O-acetyl-ADP-ribose deacetylase (Regulator of RNase III), contains Macro domain",,17464,Micromonospora echinospora (Micromonospora purpurea)
GA0070618_2668,A0A1C4X184,2-isopropylmalate synthase (EC 2.3.3.13) (Alpha-IPM synthase) (Alpha-isopropylmalate synthase),2.3.3.13,65776,Micromonospora echinospora (Micromonospora purpurea)
GA0070618_2669,A0A1C4X1E6,"DNA-binding transcriptional regulator, FadR family",,23761,Micromonospora echinospora (Micromonospora purpurea)
GA0070618_2670,A0A1C4X1F4,L-amino acid N-acyltransferase YncA,,33043,Micromonospora echinospora (Micromonospora purpurea)
GA0070618_2671,A0A1C4X1E0,"Transcriptional regulator, LacI family",,35478,Micromonospora echinospora (Micromonospora purpurea)
GA0070618_2672,A0A1C4X1J0,Beta-glucosidase (EC 3.2.1.21),3.2.1.21,49986,Micromonospora echinospora (Micromonospora purpurea)
GA0070618_2673,A0A1C4X1K0,Cellobiose ABC transporter membrane protein,,30033,Micromonospora echinospora (Micromonospora purpurea)
GA0070618_2674,A0A1C4X1I8,Cellobiose ABC transporter membrane protein,,36793,Micromonospora echinospora (Micromonospora purpurea)
GA0070618_2675,A0A1C4X1L1,Cellobiose-binding protein,,46485,Micromonospora echinospora (Micromonospora purpurea)
GA0070618_2676,A0A1C4X1U6,TIGR03083 family protein,,27490,Micromonospora echinospora (Micromonospora purpurea)
GA0070618_2677,A0A1C4X1R3,UDP-N-acetylenolpyruvoylglucosamine reductase (EC 1.3.1.98) (UDP-N-acetylmuramate dehydrogenase),1.3.1.98,38586,Micromonospora echinospora (Micromonospora purpurea)
GA0070618_2678,A0A1C4X1R4,Class I SAM-dependent methyltransferase,,28470,Micromonospora echinospora (Micromonospora purpurea)
GA0070618_2679,A0A1C4X1U1,NADP-dependent 3-hydroxy acid dehydrogenase YdfG,,25885,Micromonospora echinospora (Micromonospora purpurea)
GA0070618_2680,A0A1C4X1U4,D-inositol-3-phosphate glycosyltransferase (EC 2.4.1.250) (N-acetylglucosamine-inositol-phosphate N-acetylglucosaminyltransferase) (GlcNAc-Ins-P N-acetylglucosaminyltransferase),2.4.1.250,47705,Micromonospora echinospora (Micromonospora purpurea)
GA0070618_2681,A0A1C4X1T7,Putative sensory transduction regulator,,23685,Micromonospora echinospora (Micromonospora purpurea)
GA0070618_2682,A0A1C4X1X6,Rho termination factor N-terminal domain-containing protein,,26602,Micromonospora echinospora (Micromonospora purpurea)
GA0070618_2683,A0A1C4X1Y4,"Predicted arabinose efflux permease, MFS family",,46716,Micromonospora echinospora (Micromonospora purpurea)
GA0070618_2684,A0A1C4X1X2,"2,3-bisphosphoglycerate-dependent phosphoglycerate mutase (BPG-dependent PGAM) (PGAM) (Phosphoglyceromutase) (dPGM) (EC 5.4.2.11)",5.4.2.11,28589,Micromonospora echinospora (Micromonospora purpurea)
GA0070618_2685,A0A1C4X226,Phosphate-specific transport system accessory protein PhoU,,23314,Micromonospora echinospora (Micromonospora purpurea)
GA0070618_2686,A0A1C4X202,Sensor-like histidine kinase SenX3 (EC 2.7.13.3),2.7.13.3,41175,Micromonospora echinospora (Micromonospora purpurea)
GA0070618_2687,A0A1C4X248,Sensory transduction protein RegX3,,25217,Micromonospora echinospora (Micromonospora purpurea)
GA0070618_2688,A0A1C4X272,DUF3109 family protein,,29651,Micromonospora echinospora (Micromonospora purpurea)
GA0070618_2690,A0A1C4X256,Sugar phosphate isomerase/epimerase,,29905,Micromonospora echinospora (Micromonospora purpurea)
GA0070618_2691,A0A1C4X2A0,Putative stress-induced transcription regulator,,20068,Micromonospora echinospora (Micromonospora purpurea)
GA0070618_2692,A0A1C4X2D1,Glutathionylspermidine synthase,,44318,Micromonospora echinospora (Micromonospora purpurea)
GA0070618_2693,A0A1C4X2B3,Uncharacterized protein,,7235,Micromonospora echinospora (Micromonospora purpurea)
GA0070618_2694,A0A1C4X2G0,proline dehydrogenase (EC 1.5.5.2),1.5.5.2,33756,Micromonospora echinospora (Micromonospora purpurea)
GA0070618_2695,A0A1C4X2N2,"Transcriptional regulator, PadR family",,12063,Micromonospora echinospora (Micromonospora purpurea)
GA0070618_2696,A0A1C4X2H8,Peptidase MA superfamily,,45721,Micromonospora echinospora (Micromonospora purpurea)
GA0070618_2697,A0A1C4X2I2,"DNA binding domain-containing protein, excisionase family",,7580,Micromonospora echinospora (Micromonospora purpurea)
GA0070618_2698,A0A1C4X2H7,Ribosomal protein mS38 C-terminal domain-containing protein,,7515,Micromonospora echinospora (Micromonospora purpurea)
GA0070618_2699,A0A1C4X2L2,UDP-glucose 4-epimerase,,38242,Micromonospora echinospora (Micromonospora purpurea)
GA0070618_2700,A0A1C4X2P2,1-acyl-sn-glycerol-3-phosphate acyltransferase,,35812,Micromonospora echinospora (Micromonospora purpurea)
GA0070618_2701,A0A1C4X2Q6,WD40 repeat protein,,40520,Micromonospora echinospora (Micromonospora purpurea)
GA0070618_2702,A0A1C4X2X0,"HAD-superfamily subfamily IB hydrolase, TIGR01490",,31458,Micromonospora echinospora (Micromonospora purpurea)
GA0070618_2703,A0A1C4X2U9,DUF5667 domain-containing protein,,30794,Micromonospora echinospora (Micromonospora purpurea)
GA0070618_2704,A0A1C4X2V9,"RNA polymerase sigma-70 factor, ECF subfamily",,33176,Micromonospora echinospora (Micromonospora purpurea)
GA0070618_2705,A0A1C4X2T9,Long-chain acyl-CoA synthetase,,56526,Micromonospora echinospora (Micromonospora purpurea)
GA0070618_2706,A0A1C4X313,Glutaredoxin-like domain,,9736,Micromonospora echinospora (Micromonospora purpurea)
GA0070618_2707,A0A1C4X2W3,"Phosphoglycolate phosphatase, HAD superfamily",,23250,Micromonospora echinospora (Micromonospora purpurea)
GA0070618_2708,A0A1C4X2Z2,"Two component transcriptional regulator, LuxR family",,23733,Micromonospora echinospora (Micromonospora purpurea)
GA0070618_2709,A0A1C4X306,Histidine kinase,,46058,Micromonospora echinospora (Micromonospora purpurea)
GA0070618_2710,A0A1C4X3R8,Redox-sensing transcriptional repressor Rex,,26417,Micromonospora echinospora (Micromonospora purpurea)
GA0070618_2711,A0A1C4X358,Glutamyl-tRNA reductase (GluTR) (EC 1.2.1.70),1.2.1.70,45821,Micromonospora echinospora (Micromonospora purpurea)
GA0070618_2712,A0A1C4X344,Porphobilinogen deaminase (PBG) (EC 2.5.1.61) (Hydroxymethylbilane synthase) (HMBS) (Pre-uroporphyrinogen synthase),2.5.1.61,32922,Micromonospora echinospora (Micromonospora purpurea)
GA0070618_2713,A0A1C4X351,Uroporphyrinogen-III C-methyltransferase,,54911,Micromonospora echinospora (Micromonospora purpurea)
GA0070618_2714,A0A1C4X357,Delta-aminolevulinic acid dehydratase (EC 4.2.1.24),4.2.1.24,34670,Micromonospora echinospora (Micromonospora purpurea)
GA0070618_2715,A0A1C4X3B4,Putative peptidoglycan binding domain-containing protein,,33338,Micromonospora echinospora (Micromonospora purpurea)
GA0070618_2716,A0A1C4X3A4,LTD domain-containing protein,,112888,Micromonospora echinospora (Micromonospora purpurea)
GA0070618_2717,A0A1C4X382,Ribosomal protein S18 acetylase RimI,,37298,Micromonospora echinospora (Micromonospora purpurea)
GA0070618_2718,A0A1C4X3C5,Membrane-bound lytic murein transglycosylase B,,54709,Micromonospora echinospora (Micromonospora purpurea)
GA0070618_2719,A0A1C4X433,"Putative regulatory protein, FmdB family",,6988,Micromonospora echinospora (Micromonospora purpurea)
GA0070618_2720,A0A1C4X455,Predicted ATPase,,98259,Micromonospora echinospora (Micromonospora purpurea)
GA0070618_2721,A0A1C4X3I1,Phospholipase A2,,19767,Micromonospora echinospora (Micromonospora purpurea)
GA0070618_2722,A0A1C4X3H5,"Uncharacterized lipoprotein YddW, UPF0748 family",,61505,Micromonospora echinospora (Micromonospora purpurea)
GA0070618_2723,A0A1C4X3K0,"Basic amino acid/polyamine antiporter, APA family",,51163,Micromonospora echinospora (Micromonospora purpurea)
GA0070618_2724,A0A1C4X3M2,Glycosyl hydrolases family 43,,36538,Micromonospora echinospora (Micromonospora purpurea)
GA0070618_2725,A0A1C4X3L6,"Carbohydrate ABC transporter membrane protein 2, CUT1 family",,30122,Micromonospora echinospora (Micromonospora purpurea)
GA0070618_2726,A0A1C4X3U2,"Carbohydrate ABC transporter membrane protein 1, CUT1 family",,35249,Micromonospora echinospora (Micromonospora purpurea)
GA0070618_2727,A0A1C4X4F2,"Carbohydrate ABC transporter substrate-binding protein, CUT1 family (TC 3.A.1.1.-)",,47596,Micromonospora echinospora (Micromonospora purpurea)
GA0070618_2728,A0A1C4X3S9,Alpha-N-arabinofuranosidase,,55274,Micromonospora echinospora (Micromonospora purpurea)
GA0070618_2729,A0A1C4X4K5,"Transcriptional regulator, LacI family",,36035,Micromonospora echinospora (Micromonospora purpurea)
GA0070618_2730,A0A1C4X3Y6,Uncharacterized protein,,15854,Micromonospora echinospora (Micromonospora purpurea)
GA0070618_2731,A0A1C4X3V9,Uncharacterized protein,,50545,Micromonospora echinospora (Micromonospora purpurea)
GA0070618_2732,A0A1C4X412,Methyltransferase domain-containing protein,,25816,Micromonospora echinospora (Micromonospora purpurea)
GA0070618_2733,A0A1C4X3Y7,DUF4177 domain-containing protein,,11920,Micromonospora echinospora (Micromonospora purpurea)
GA0070618_2734,A0A1C4X436,ATPase components of ABC transporters with duplicated ATPase domains,,57689,Micromonospora echinospora (Micromonospora purpurea)
GA0070618_2735,A0A1C4X463,Polyphosphate glucokinase,,27474,Micromonospora echinospora (Micromonospora purpurea)
GA0070618_2736,A0A1C4X465,Tetratricopeptide repeat-containing protein,,13720,Micromonospora echinospora (Micromonospora purpurea)
GA0070618_2737,A0A1C4X490,Smr domain-containing protein,,9886,Micromonospora echinospora (Micromonospora purpurea)
GA0070618_2738,A0A1C4X448,DUF4386 domain-containing protein,,23661,Micromonospora echinospora (Micromonospora purpurea)
GA0070618_2739,A0A1C4X484,"Predicted nuclease of the RNAse H fold, HicB family",,12716,Micromonospora echinospora (Micromonospora purpurea)
GA0070618_2740,A0A1C4X4E8,YcfA-like protein,,11257,Micromonospora echinospora (Micromonospora purpurea)
GA0070618_2741,A0A1C4X4A5,"Zn-dependent amino-or carboxypeptidase, M28 family",,83776,Micromonospora echinospora (Micromonospora purpurea)
GA0070618_2742,A0A1C4X4E4,"Serine phosphatase RsbU, regulator of sigma subunit",,44474,Micromonospora echinospora (Micromonospora purpurea)
GA0070618_2743,A0A1C4X4I6,histidine kinase (EC 2.7.13.3),2.7.13.3,65474,Micromonospora echinospora (Micromonospora purpurea)
GA0070618_2744,A0A1C4X4F3,Response regulator receiver domain-containing protein,,17021,Micromonospora echinospora (Micromonospora purpurea)
GA0070618_2745,A0A1C4X4F1,"Fructose-1,6-bisphosphatase",,29013,Micromonospora echinospora (Micromonospora purpurea)
GA0070618_2746,A0A1C4X4I0,N-terminal domain of peptidoglycan hydrolase CwlO-containing protein,,36162,Micromonospora echinospora (Micromonospora purpurea)
GA0070618_2747,A0A1C4X4N6,Spermidine synthase,,53402,Micromonospora echinospora (Micromonospora purpurea)
GA0070618_2748,A0A1C4X4R7,non-specific serine/threonine protein kinase (EC 2.7.11.1),2.7.11.1,61555,Micromonospora echinospora (Micromonospora purpurea)
GA0070618_2749,A0A1C4X4Q5,Trk system potassium uptake protein TrkA,,24015,Micromonospora echinospora (Micromonospora purpurea)
GA0070618_2750,A0A1C4X4M1,"Potassium uptake protein, TrkH family",,49306,Micromonospora echinospora (Micromonospora purpurea)
GA0070618_2751,A0A1C4X4T1,glycerophosphodiester phosphodiesterase (EC 3.1.4.46),3.1.4.46,40704,Micromonospora echinospora (Micromonospora purpurea)
GA0070618_2752,A0A1C4X4P8,"RNA polymerase sigma-70 factor, sigma-E family",,19699,Micromonospora echinospora (Micromonospora purpurea)
GA0070618_2753,A0A1C4X4S5,Uncharacterized protein,,38821,Micromonospora echinospora (Micromonospora purpurea)
GA0070618_2754,A0A1C4X4S1,FR47-like protein,,21393,Micromonospora echinospora (Micromonospora purpurea)
GA0070618_2755,A0A1C4X4V2,"Regulatory protein, gntR family",,8261,Micromonospora echinospora (Micromonospora purpurea)
GA0070618_2756,A0A1C4X5K6,DivIVA domain-containing protein,,14644,Micromonospora echinospora (Micromonospora purpurea)
GA0070618_2757,A0A1C4X534,Uncharacterized protein,,11966,Micromonospora echinospora (Micromonospora purpurea)
GA0070618_2758,A0A1C4X4X0,"Amino acid/amide ABC transporter substrate-binding protein, HAAT family",,40677,Micromonospora echinospora (Micromonospora purpurea)
GA0070618_2759,A0A1C4X5Q5,"Amino acid/amide ABC transporter ATP-binding protein 1, HAAT family",,26232,Micromonospora echinospora (Micromonospora purpurea)
GA0070618_2760,A0A1C4X543,"Amino acid/amide ABC transporter ATP-binding protein 2, HAAT family",,26846,Micromonospora echinospora (Micromonospora purpurea)
GA0070618_2761,A0A1C4X550,"Amino acid/amide ABC transporter membrane protein 1, HAAT family",,29956,Micromonospora echinospora (Micromonospora purpurea)
GA0070618_2762,A0A1C4X595,"Amino acid/amide ABC transporter membrane protein 2, HAAT family",,38630,Micromonospora echinospora (Micromonospora purpurea)
GA0070618_2763,A0A1C4X5X9,ATP-dependent DNA helicase RecQ (DNA 3'-5' helicase RecQ),,79105,Micromonospora echinospora (Micromonospora purpurea)
GA0070618_2764,A0A1C4X5B9,Secreted protein,,32058,Micromonospora echinospora (Micromonospora purpurea)
GA0070618_2765,A0A1C4X5A7,"Transcriptional regulator, contains XRE-family HTH domain",,15308,Micromonospora echinospora (Micromonospora purpurea)
GA0070618_2766,A0A1C4X568,tRNA1(Val) A37 N6-methylase TrmN6,,41628,Micromonospora echinospora (Micromonospora purpurea)
GA0070618_2767,A0A1C4X5C6,RNA helicase (EC 3.6.4.13),3.6.4.13,59971,Micromonospora echinospora (Micromonospora purpurea)
GA0070618_2768,A0A1C4X5G0,tRNA-(MS[2]IO[6]A)-hydroxylase (MiaE)-like,,23313,Micromonospora echinospora (Micromonospora purpurea)
GA0070618_2769,A0A1C4X5C0,ATP-binding protein,,7942,Micromonospora echinospora (Micromonospora purpurea)
GA0070618_2770,A0A1C4X5J3,"Transcriptional regulator, TetR family",,23663,Micromonospora echinospora (Micromonospora purpurea)
GA0070618_2771,A0A1C4X5H3,Uncharacterized protein,,91109,Micromonospora echinospora (Micromonospora purpurea)
GA0070618_2772,A0A1C4X5H4,Pimeloyl-ACP methyl ester carboxylesterase,,34857,Micromonospora echinospora (Micromonospora purpurea)
GA0070618_2773,A0A1C4X5N0,DUF3152 domain-containing protein,,29641,Micromonospora echinospora (Micromonospora purpurea)
GA0070618_2774,A0A1C4X5N6,Tfp pilus assembly protein PilF,,62023,Micromonospora echinospora (Micromonospora purpurea)
GA0070618_2775,A0A1C4X5L2,DUF3152 domain-containing protein,,27476,Micromonospora echinospora (Micromonospora purpurea)
GA0070618_2776,A0A1C4X5N7,Adenylyltransferase and sulfurtransferase,,42407,Micromonospora echinospora (Micromonospora purpurea)
GA0070618_2777,A0A1C4X5S0,Prenyltransferase and squalene oxidase repeat-containing protein,,29367,Micromonospora echinospora (Micromonospora purpurea)
GA0070618_2778,A0A1C4X5Q4,Dimerisation domain-containing protein,,36845,Micromonospora echinospora (Micromonospora purpurea)
GA0070618_2779,A0A1C4X5S1,Gamma-glutamyl phosphate reductase (GPR) (EC 1.2.1.41) (Glutamate-5-semialdehyde dehydrogenase) (Glutamyl-gamma-semialdehyde dehydrogenase) (GSA dehydrogenase),1.2.1.41,42402,Micromonospora echinospora (Micromonospora purpurea)
GA0070618_2780,A0A1C4X5U7,Glutamate 5-kinase (EC 2.7.2.11) (Gamma-glutamyl kinase) (GK),2.7.2.11,38311,Micromonospora echinospora (Micromonospora purpurea)
GA0070618_2781,A0A1C4X5V3,O(6)-alkylguanine repair protein YbaZ,,11034,Micromonospora echinospora (Micromonospora purpurea)
GA0070618_2782,A0A1C4X616,Na+/melibiose symporter,,48781,Micromonospora echinospora (Micromonospora purpurea)
GA0070618_2783,A0A1C4X5X6,Glutamate or tyrosine decarboxylase,,51698,Micromonospora echinospora (Micromonospora purpurea)
GA0070618_2784,A0A1C4X5V7,NADH-quinone oxidoreductase subunit B (EC 7.1.1.-) (NADH dehydrogenase I subunit B) (NDH-1 subunit B),7.1.1.-,21021,Micromonospora echinospora (Micromonospora purpurea)
GA0070618_2785,A0A1C4X655,"Uncharacterized conserved protein, DUF2252 family",,48433,Micromonospora echinospora (Micromonospora purpurea)
GA0070618_2786,A0A1C4X617,Threonine dehydrogenase,,37156,Micromonospora echinospora (Micromonospora purpurea)
GA0070618_2787,A0A1C4X641,NADH-quinone oxidoreductase (EC 7.1.1.-),7.1.1.-,28070,Micromonospora echinospora (Micromonospora purpurea)
GA0070618_2788,A0A1C4X691,NADH-quinone oxidoreductase subunit H (EC 7.1.1.-) (NADH dehydrogenase I subunit H) (NDH-1 subunit H),7.1.1.-,34738,Micromonospora echinospora (Micromonospora purpurea)
GA0070618_2789,A0A1C4X673,"Serine protease, subtilisin family",,42848,Micromonospora echinospora (Micromonospora purpurea)
GA0070618_2790,A0A1C4X675,Putative glutathione S-transferase,,39985,Micromonospora echinospora (Micromonospora purpurea)
GA0070618_2791,A0A1C4X698,Predicted ester cyclase,,15023,Micromonospora echinospora (Micromonospora purpurea)
GA0070618_2792,A0A1C4X672,"Endonuclease, Uma2 family (Restriction endonuclease fold)",,21206,Micromonospora echinospora (Micromonospora purpurea)
GA0070618_2793,A0A1C4X6A6,NADH-quinone oxidoreductase subunit I (EC 7.1.1.-) (NADH dehydrogenase I subunit I) (NDH-1 subunit I),7.1.1.-,21048,Micromonospora echinospora (Micromonospora purpurea)
GA0070618_2794,A0A1C4X6E1,NADH-quinone oxidoreductase subunit J (EC 7.1.1.-),7.1.1.-,21668,Micromonospora echinospora (Micromonospora purpurea)
GA0070618_2795,A0A1C4X6C4,NADH-quinone oxidoreductase subunit K (EC 7.1.1.-) (NADH dehydrogenase I subunit K) (NDH-1 subunit K),7.1.1.-,13444,Micromonospora echinospora (Micromonospora purpurea)
GA0070618_2796,A0A1C4X6F4,NADH dehydrogenase subunit L,,64771,Micromonospora echinospora (Micromonospora purpurea)
GA0070618_2797,A0A1C4X6F2,NADH dehydrogenase subunit M,,52794,Micromonospora echinospora (Micromonospora purpurea)
GA0070618_2798,A0A1C4X6H6,NADH-quinone oxidoreductase subunit N (EC 7.1.1.-) (NADH dehydrogenase I subunit N) (NDH-1 subunit N),7.1.1.-,48626,Micromonospora echinospora (Micromonospora purpurea)
GA0070618_2799,A0A1C4X7B2,Protease HtpX homolog (EC 3.4.24.-),3.4.24.-,31518,Micromonospora echinospora (Micromonospora purpurea)
GA0070618_2800,A0A1C4X6L5,"Predicted arabinose efflux permease, MFS family",,42168,Micromonospora echinospora (Micromonospora purpurea)
GA0070618_2801,A0A1C4X6M0,"Protein N-acetyltransferase, RimJ/RimL family",,20475,Micromonospora echinospora (Micromonospora purpurea)
GA0070618_2802,A0A1C4X6P7,UPF0234 protein GA0070618_2802,,18143,Micromonospora echinospora (Micromonospora purpurea)
GA0070618_2804,A0A1C4X6S4,Uncharacterized protein,,26457,Micromonospora echinospora (Micromonospora purpurea)
GA0070618_2805,A0A1C4X6V6,DUF3592 domain-containing protein,,14275,Micromonospora echinospora (Micromonospora purpurea)
GA0070618_2806,A0A1C4X6T9,"Protein N-acetyltransferase, RimJ/RimL family",,20744,Micromonospora echinospora (Micromonospora purpurea)
GA0070618_2807,A0A1C4X6U1,Uncharacterized conserved protein,,12907,Micromonospora echinospora (Micromonospora purpurea)
GA0070618_2809,A0A1C4X719,Acetyltransferase (GNAT) family protein,,19696,Micromonospora echinospora (Micromonospora purpurea)
GA0070618_2810,A0A1C4X6W8,Phosphotransferase enzyme family protein,,26851,Micromonospora echinospora (Micromonospora purpurea)
GA0070618_2811,A0A1C4X6Y2,"Transcriptional regulator, ArsR family",,12571,Micromonospora echinospora (Micromonospora purpurea)
GA0070618_2812,A0A1C4X6Z8,Protein-S-isoprenylcysteine O-methyltransferase Ste14,,23075,Micromonospora echinospora (Micromonospora purpurea)
GA0070618_2813,A0A1C4X744,Ubiquinone/menaquinone biosynthesis C-methylase UbiE,,27710,Micromonospora echinospora (Micromonospora purpurea)
GA0070618_2814,A0A1C4X790,Permease of the drug/metabolite transporter (DMT) superfamily,,33116,Micromonospora echinospora (Micromonospora purpurea)
GA0070618_2815,A0A1C4X7D0,Uncharacterized protein,,16143,Micromonospora echinospora (Micromonospora purpurea)
GA0070618_2816,A0A1C4X780,"Transcriptional regulator, HxlR family",,13056,Micromonospora echinospora (Micromonospora purpurea)
GA0070618_2817,A0A1C4X796,NAD(P)H dehydrogenase (Quinone),,29631,Micromonospora echinospora (Micromonospora purpurea)
GA0070618_2818,A0A1C4X797,Uncharacterized protein,,5176,Micromonospora echinospora (Micromonospora purpurea)
GA0070618_2819,A0A1C4X777,Diguanylate cyclase/phosphodiesterase,,91522,Micromonospora echinospora (Micromonospora purpurea)
GA0070618_2822,A0A1C4X7E1,Large ribosomal subunit protein bL33,,6596,Micromonospora echinospora (Micromonospora purpurea)
GA0070618_2823,A0A1C4X7J7,UPF0336 protein GA0070618_2823,,16076,Micromonospora echinospora (Micromonospora purpurea)
GA0070618_2824,A0A1C4X7Q3,Acyl dehydratase,,15257,Micromonospora echinospora (Micromonospora purpurea)
GA0070618_2826,A0A1C4X7M1,Protein translocase subunit SecE,,14097,Micromonospora echinospora (Micromonospora purpurea)
GA0070618_2827,A0A1C4X7H4,Transcription termination/antitermination protein NusG,,26605,Micromonospora echinospora (Micromonospora purpurea)
GA0070618_2828,A0A1C4X7T9,Large ribosomal subunit protein uL11,,15311,Micromonospora echinospora (Micromonospora purpurea)
GA0070618_2829,A0A1C4X7R2,Large ribosomal subunit protein uL1,,25314,Micromonospora echinospora (Micromonospora purpurea)
GA0070618_2830,A0A1C4X7P0,ABC transporter,,33616,Micromonospora echinospora (Micromonospora purpurea)
GA0070618_2831,A0A1C4X7R6,ABC-2 type transport system permease protein,,23452,Micromonospora echinospora (Micromonospora purpurea)
GA0070618_2832,A0A1C4X812,Large ribosomal subunit protein uL10,,18890,Micromonospora echinospora (Micromonospora purpurea)
GA0070618_2833,A0A1C4X7Y2,Large ribosomal subunit protein bL12,,13620,Micromonospora echinospora (Micromonospora purpurea)
GA0070618_2834,A0A1C4X7T7,DNA-directed RNA polymerase subunit beta (RNAP subunit beta) (EC 2.7.7.6) (RNA polymerase subunit beta) (Transcriptase subunit beta),2.7.7.6,126752,Micromonospora echinospora (Micromonospora purpurea)
GA0070618_2835,A0A1C4X810,DNA-directed RNA polymerase subunit beta' (RNAP subunit beta') (EC 2.7.7.6) (RNA polymerase subunit beta') (Transcriptase subunit beta'),2.7.7.6,144394,Micromonospora echinospora (Micromonospora purpurea)
GA0070618_2836,A0A1C4X7W3,DUF4190 domain-containing protein,,13186,Micromonospora echinospora (Micromonospora purpurea)
GA0070618_2837,A0A1C4X7U7,Uncharacterized protein,,26074,Micromonospora echinospora (Micromonospora purpurea)
GA0070618_2838,A0A1C4X817,Small ribosomal subunit protein uS12,,13789,Micromonospora echinospora (Micromonospora purpurea)
GA0070618_2839,A0A1C4X834,Small ribosomal subunit protein uS7,,17663,Micromonospora echinospora (Micromonospora purpurea)
GA0070618_2840,A0A1C4X845,Elongation factor G (EF-G),,76527,Micromonospora echinospora (Micromonospora purpurea)
GA0070618_2841,A0A1C4X843,Elongation factor Tu (EF-Tu),,44067,Micromonospora echinospora (Micromonospora purpurea)
GA0070618_2842,A0A1C4X8A5,Small ribosomal subunit protein uS10,,11631,Micromonospora echinospora (Micromonospora purpurea)
GA0070618_2843,A0A1C4X883,Large ribosomal subunit protein uL3,,23314,Micromonospora echinospora (Micromonospora purpurea)
GA0070618_2844,A0A1C4X847,Large ribosomal subunit protein uL4,,22907,Micromonospora echinospora (Micromonospora purpurea)
GA0070618_2845,A0A1C4X890,Large ribosomal subunit protein uL23,,11275,Micromonospora echinospora (Micromonospora purpurea)
GA0070618_2846,A0A1C4X8B6,Large ribosomal subunit protein uL2,,30412,Micromonospora echinospora (Micromonospora purpurea)
GA0070618_2847,A0A1C4X8C0,Small ribosomal subunit protein uS19,,10741,Micromonospora echinospora (Micromonospora purpurea)
GA0070618_2848,A0A1C4X8P3,Large ribosomal subunit protein uL22,,16271,Micromonospora echinospora (Micromonospora purpurea)
GA0070618_2849,A0A1C4X8P9,Small ribosomal subunit protein uS3,,31256,Micromonospora echinospora (Micromonospora purpurea)
GA0070618_2850,A0A1C4X8D9,Large ribosomal subunit protein uL16,,15946,Micromonospora echinospora (Micromonospora purpurea)
GA0070618_2851,A0A1C4X8L9,Large ribosomal subunit protein uL29,,8767,Micromonospora echinospora (Micromonospora purpurea)
GA0070618_2852,A0A1C4X8G1,Small ribosomal subunit protein uS17,,10674,Micromonospora echinospora (Micromonospora purpurea)
GA0070618_2853,A0A1C4X8D7,Large ribosomal subunit protein uL14,,13301,Micromonospora echinospora (Micromonospora purpurea)
GA0070618_2854,A0A1C4X8E7,Large ribosomal subunit protein uL24,,11550,Micromonospora echinospora (Micromonospora purpurea)
GA0070618_2855,A0A1C4X8K6,Large ribosomal subunit protein uL5,,21454,Micromonospora echinospora (Micromonospora purpurea)
GA0070618_2856,A0A1C4X8I0,Small ribosomal subunit protein uS14,,6895,Micromonospora echinospora (Micromonospora purpurea)
GA0070618_2857,A0A1C4X8Q1,Small ribosomal subunit protein uS8,,14857,Micromonospora echinospora (Micromonospora purpurea)
GA0070618_2858,A0A1C4X8P5,Large ribosomal subunit protein uL6,,19429,Micromonospora echinospora (Micromonospora purpurea)
GA0070618_2859,A0A1C4X8R2,Large ribosomal subunit protein uL18,,13700,Micromonospora echinospora (Micromonospora purpurea)
GA0070618_2860,A0A1C4X9I8,Small ribosomal subunit protein uS5,,20662,Micromonospora echinospora (Micromonospora purpurea)
GA0070618_2861,A0A1C4X8Z5,Large ribosomal subunit protein uL30,,6881,Micromonospora echinospora (Micromonospora purpurea)
GA0070618_2862,A0A1C4X904,Large ribosomal subunit protein uL15,,15288,Micromonospora echinospora (Micromonospora purpurea)
GA0070618_2863,A0A1C4X8W4,Protein translocase subunit SecY,,48774,Micromonospora echinospora (Micromonospora purpurea)
GA0070618_2864,A0A1C4X900,Adenylate kinase (AK) (EC 2.7.4.3) (ATP-AMP transphosphorylase) (ATP:AMP phosphotransferase) (Adenylate monophosphate kinase),2.7.4.3,23313,Micromonospora echinospora (Micromonospora purpurea)
GA0070618_2865,A0A1C4X912,Methionine aminopeptidase (MAP) (MetAP) (EC 3.4.11.18) (Peptidase M),3.4.11.18,29489,Micromonospora echinospora (Micromonospora purpurea)
GA0070618_2866,A0A1C4X8U9,Translation initiation factor IF-1,,8485,Micromonospora echinospora (Micromonospora purpurea)
GA0070618_2867,A0A1C4X8W0,Large ribosomal subunit protein bL36,,4415,Micromonospora echinospora (Micromonospora purpurea)
GA0070618_2868,A0A1C4X9D5,Small ribosomal subunit protein uS13,,14273,Micromonospora echinospora (Micromonospora purpurea)
GA0070618_2869,A0A1C4X9B3,Small ribosomal subunit protein uS11,,14400,Micromonospora echinospora (Micromonospora purpurea)
GA0070618_2870,A0A1C4X9F4,Small ribosomal subunit protein uS4,,23862,Micromonospora echinospora (Micromonospora purpurea)
GA0070618_2871,A0A1C4X984,DNA-directed RNA polymerase subunit alpha (RNAP subunit alpha) (EC 2.7.7.6) (RNA polymerase subunit alpha) (Transcriptase subunit alpha),2.7.7.6,37041,Micromonospora echinospora (Micromonospora purpurea)
GA0070618_2872,A0A1C4X9Y4,Large ribosomal subunit protein bL17,,19905,Micromonospora echinospora (Micromonospora purpurea)
GA0070618_2873,A0A1C4X9G4,tRNA pseudouridine synthase A (EC 5.4.99.12) (tRNA pseudouridine(38-40) synthase) (tRNA pseudouridylate synthase I) (tRNA-uridine isomerase I),5.4.99.12,30211,Micromonospora echinospora (Micromonospora purpurea)
GA0070618_2874,A0A1C4X985,Uncharacterized protein,,42890,Micromonospora echinospora (Micromonospora purpurea)
GA0070618_2875,A0A1C4X9A9,16S rRNA m(2)G 1207 methyltransferase,,21644,Micromonospora echinospora (Micromonospora purpurea)
GA0070618_2876,A0A1C4X9G8,ATPase components of ABC transporters with duplicated ATPase domains,,60649,Micromonospora echinospora (Micromonospora purpurea)
GA0070618_2877,A0A1C4X9E2,Predicted oxidoreductase,,33465,Micromonospora echinospora (Micromonospora purpurea)
GA0070618_2878,A0A1C4X9S7,"Transcriptional regulator, AbiEi antitoxin, Type IV TA system",,33458,Micromonospora echinospora (Micromonospora purpurea)
GA0070618_2879,A0A1C4X9H0,Thiamine-phosphate synthase (TP synthase) (TPS) (EC 2.5.1.3) (Thiamine-phosphate pyrophosphorylase) (TMP pyrophosphorylase) (TMP-PPase),2.5.1.3,20575,Micromonospora echinospora (Micromonospora purpurea)
GA0070618_2880,A0A1C4X9V8,Glycine oxidase,,36565,Micromonospora echinospora (Micromonospora purpurea)
GA0070618_2881,A0A1C4X9Q5,Sulfur carrier protein ThiS,,6769,Micromonospora echinospora (Micromonospora purpurea)
GA0070618_2882,A0A1C4XA00,Thiazole synthase (EC 2.8.1.10),2.8.1.10,26894,Micromonospora echinospora (Micromonospora purpurea)
GA0070618_2883,A0A1C4X9V4,Thiamine-phosphate diphosphorylase,,30776,Micromonospora echinospora (Micromonospora purpurea)
GA0070618_2884,A0A1C4XA30,Hydroxymethylpyrimidine/phosphomethylpyrimidine kinase,,25795,Micromonospora echinospora (Micromonospora purpurea)
GA0070618_2885,A0A1C4X9R9,Phosphomethylpyrimidine synthase (EC 4.1.99.17) (Hydroxymethylpyrimidine phosphate synthase) (HMP-P synthase) (HMP-phosphate synthase) (HMPP synthase) (Thiamine biosynthesis protein ThiC),4.1.99.17,57701,Micromonospora echinospora (Micromonospora purpurea)
GA0070618_2886,A0A1C4XA03,Uncharacterized protein,,63682,Micromonospora echinospora (Micromonospora purpurea)
GA0070618_2887,A0A1C4XAQ1,Cupin domain,,10775,Micromonospora echinospora (Micromonospora purpurea)
GA0070618_2888,A0A1C4X9X0,"Probable F420-dependent oxidoreductase, Rv1855c family",,34731,Micromonospora echinospora (Micromonospora purpurea)
GA0070618_2889,A0A1C4XA45,NitT/TauT family transport system ATP-binding protein,,28724,Micromonospora echinospora (Micromonospora purpurea)
GA0070618_2890,A0A1C4XA65,NitT/TauT family transport system substrate-binding protein,,35067,Micromonospora echinospora (Micromonospora purpurea)
GA0070618_2891,A0A1C4XAE4,NitT/TauT family transport system permease protein,,31698,Micromonospora echinospora (Micromonospora purpurea)
GA0070618_2892,A0A1C4XAA9,"Amino acid/amide ABC transporter substrate-binding protein, HAAT family",,41459,Micromonospora echinospora (Micromonospora purpurea)
GA0070618_2893,A0A1C4XAI9,histidine kinase (EC 2.7.13.3),2.7.13.3,111304,Micromonospora echinospora (Micromonospora purpurea)
GA0070618_2894,A0A1C4XA72,"Predicted regulator of Ras-like GTPase activity, Roadblock/LC7/MglB family",,13956,Micromonospora echinospora (Micromonospora purpurea)
GA0070618_2895,A0A1C4XA93,DUF742 domain-containing protein,,13360,Micromonospora echinospora (Micromonospora purpurea)
GA0070618_2896,A0A1C4XAH8,"Signal recognition particle receptor subunit beta, a GTPase",,22444,Micromonospora echinospora (Micromonospora purpurea)
GA0070618_2897,A0A1C4XA89,Uroporphyrinogen-III synthase,,39134,Micromonospora echinospora (Micromonospora purpurea)
GA0070618_2898,A0A1C4XAS5,"Nitrite reductase [NAD(P)H], small subunit",,16854,Micromonospora echinospora (Micromonospora purpurea)
GA0070618_2899,A0A1C4XAU2,assimilatory sulfite reductase (ferredoxin) (EC 1.8.7.1),1.8.7.1,90162,Micromonospora echinospora (Micromonospora purpurea)
GA0070618_2900,A0A1C4XAZ3,Assimilatory nitrate reductase (NADH) beta subunit,,50793,Micromonospora echinospora (Micromonospora purpurea)
GA0070618_2901,A0A1C4XAK4,Assimilatory nitrate reductase (NADH) alpha subunit apoprotein,,78214,Micromonospora echinospora (Micromonospora purpurea)
GA0070618_2902,A0A1C4XB27,"MFS transporter, NNP family, nitrate/nitrite transporter",,48674,Micromonospora echinospora (Micromonospora purpurea)
GA0070618_2903,A0A1C4XB49,Large ribosomal subunit protein uL13,,16310,Micromonospora echinospora (Micromonospora purpurea)
GA0070618_2904,A0A1C4XB96,Small ribosomal subunit protein uS9,,16698,Micromonospora echinospora (Micromonospora purpurea)
GA0070618_2905,A0A1C4XBB1,Phosphoglucosamine mutase (EC 5.4.2.10),5.4.2.10,46343,Micromonospora echinospora (Micromonospora purpurea)
GA0070618_2906,A0A1C4XBC8,Succinyldiaminopimelate aminotransferase apoenzyme,,43692,Micromonospora echinospora (Micromonospora purpurea)
GA0070618_2907,A0A1C4XBR5,Glutamine--fructose-6-phosphate aminotransferase [isomerizing] (EC 2.6.1.16) (D-fructose-6-phosphate amidotransferase) (GFAT) (Glucosamine-6-phosphate synthase) (Hexosephosphate aminotransferase) (L-glutamine--D-fructose-6-phosphate amidotransferase),2.6.1.16,68316,Micromonospora echinospora (Micromonospora purpurea)
GA0070618_2908,A0A1C4XBL7,Alpha/beta hydrolase,,57497,Micromonospora echinospora (Micromonospora purpurea)
GA0070618_2909,A0A1C4XBI3,"Excreted virulence factor EspC, type VII ESX diderm",,10880,Micromonospora echinospora (Micromonospora purpurea)
GA0070618_2910,A0A1C4XB85,Bifunctional NAD(P)H-hydrate repair enzyme (Nicotinamide nucleotide repair protein) [Includes: ADP-dependent (S)-NAD(P)H-hydrate dehydratase (EC 4.2.1.136) (ADP-dependent NAD(P)HX dehydratase); NAD(P)H-hydrate epimerase (EC 5.1.99.6)],4.2.1.136; 5.1.99.6,48721,Micromonospora echinospora (Micromonospora purpurea)
GA0070618_2911,A0A1C4XB77,Alanine racemase (EC 5.1.1.1),5.1.1.1,39477,Micromonospora echinospora (Micromonospora purpurea)
GA0070618_2912,A0A1C4XBZ1,Pimeloyl-ACP methyl ester carboxylesterase,,39482,Micromonospora echinospora (Micromonospora purpurea)
GA0070618_2913,A0A1C4XB80,tRNA threonylcarbamoyladenosine biosynthesis protein TsaE (t(6)A37 threonylcarbamoyladenosine biosynthesis protein TsaE),,16790,Micromonospora echinospora (Micromonospora purpurea)
GA0070618_2914,A0A1C4XBM5,Lipoprotein,,22560,Micromonospora echinospora (Micromonospora purpurea)
GA0070618_2915,A0A1C4XB89,Uracil-DNA glycosylase (UDG) (EC 3.2.2.27),3.2.2.27,25235,Micromonospora echinospora (Micromonospora purpurea)
GA0070618_2916,A0A1C4XBJ4,tRNA threonylcarbamoyl adenosine modification protein YeaZ,,22875,Micromonospora echinospora (Micromonospora purpurea)
GA0070618_2917,A0A1C4XBB8,[SSU ribosomal protein S18P]-alanine acetyltransferase,,18458,Micromonospora echinospora (Micromonospora purpurea)
GA0070618_2918,A0A1C4XC11,tRNA N6-adenosine threonylcarbamoyltransferase (EC 2.3.1.234) (N6-L-threonylcarbamoyladenine synthase) (t(6)A synthase) (t(6)A37 threonylcarbamoyladenosine biosynthesis protein TsaD) (tRNA threonylcarbamoyladenosine biosynthesis protein TsaD),2.3.1.234,35439,Micromonospora echinospora (Micromonospora purpurea)
GA0070618_2919,A0A1C4XBG3,Antibiotic biosynthesis monooxygenase,,9729,Micromonospora echinospora (Micromonospora purpurea)
GA0070618_2920,A0A1C4XCA2,"ABC-type multidrug transport system, ATPase and permease component",,59643,Micromonospora echinospora (Micromonospora purpurea)
GA0070618_2921,A0A1C4XBR2,"ABC-type multidrug transport system, ATPase and permease component",,65227,Micromonospora echinospora (Micromonospora purpurea)
GA0070618_2922,A0A1C4XCC6,Uncharacterized protein,,19868,Micromonospora echinospora (Micromonospora purpurea)
GA0070618_2923,A0A1C4XBY9,"Conserved protein containing a Zn-ribbon-like motif, possibly RNA-binding",,22753,Micromonospora echinospora (Micromonospora purpurea)
GA0070618_2924,A0A1C4XBQ8,Uncharacterized protein,,13221,Micromonospora echinospora (Micromonospora purpurea)
GA0070618_2925,A0A1C4XCA1,"Sugar kinase of the NBD/HSP70 family, may contain an N-terminal HTH domain",,40471,Micromonospora echinospora (Micromonospora purpurea)
GA0070618_2926,A0A1C4XC84,Xylose transport system permease protein XylH,,43241,Micromonospora echinospora (Micromonospora purpurea)
GA0070618_2927,A0A1C4XBS2,"Monosaccharide ABC transporter ATP-binding protein, CUT2 family",,28534,Micromonospora echinospora (Micromonospora purpurea)
GA0070618_2928,A0A1C4XCD6,"Monosaccharide ABC transporter substrate-binding protein, CUT2 family",,38299,Micromonospora echinospora (Micromonospora purpurea)
GA0070618_2929,A0A1C4XC70,Cys-tRNA(Pro)/Cys-tRNA(Cys) deacylase (EC 4.2.-.-),4.2.-.-,16173,Micromonospora echinospora (Micromonospora purpurea)
GA0070618_2930,A0A1C4XCE4,Methyltransferase domain-containing protein,,41360,Micromonospora echinospora (Micromonospora purpurea)
GA0070618_2931,A0A1C4XCS5,chitinase (EC 3.2.1.14),3.2.1.14,53916,Micromonospora echinospora (Micromonospora purpurea)
GA0070618_2932,A0A1C4XBV8,Co-chaperonin GroES (10 kDa chaperonin) (Chaperonin-10) (Cpn10),,10873,Micromonospora echinospora (Micromonospora purpurea)
GA0070618_2933,A0A1C4XCJ5,Chaperonin GroEL (EC 5.6.1.7) (60 kDa chaperonin) (Chaperonin-60) (Cpn60),5.6.1.7,57713,Micromonospora echinospora (Micromonospora purpurea)
GA0070618_2934,A0A1C4XCK5,Transcriptional regulator WhiB,,14288,Micromonospora echinospora (Micromonospora purpurea)
GA0070618_2935,A0A1C4XC76,"Regulatory protein, luxR family",,28002,Micromonospora echinospora (Micromonospora purpurea)
GA0070618_2936,A0A1C4XCY1,DUF5319 domain-containing protein,,17062,Micromonospora echinospora (Micromonospora purpurea)
GA0070618_2937,A0A1C4XCL2,Inosine-5'-monophosphate dehydrogenase (IMP dehydrogenase) (IMPD) (IMPDH) (EC 1.1.1.205),1.1.1.205,54911,Micromonospora echinospora (Micromonospora purpurea)
GA0070618_2938,A0A1C4XD07,IMP dehydrogenase,,39374,Micromonospora echinospora (Micromonospora purpurea)
GA0070618_2939,A0A1C4XD31,Aminopeptidase N (EC 3.4.11.2),3.4.11.2,50681,Micromonospora echinospora (Micromonospora purpurea)
GA0070618_2940,A0A1C4XCI8,Aminopeptidase N (EC 3.4.11.2),3.4.11.2,51966,Micromonospora echinospora (Micromonospora purpurea)
GA0070618_2941,A0A1C4XCD9,Cholesterol oxidase,,62143,Micromonospora echinospora (Micromonospora purpurea)
GA0070618_2942,A0A1C4XCG7,"Probable beta-carotene 15,15'-dioxygenase (EC 1.13.11.63)",1.13.11.63,33576,Micromonospora echinospora (Micromonospora purpurea)
GA0070618_2943,A0A1C4XCZ4,Bacteriorhodopsin,,25519,Micromonospora echinospora (Micromonospora purpurea)
GA0070618_2944,A0A1C4XCX1,GMP synthase [glutamine-hydrolyzing] (EC 6.3.5.2) (GMP synthetase) (Glutamine amidotransferase),6.3.5.2,55592,Micromonospora echinospora (Micromonospora purpurea)
GA0070618_2945,A0A1C4XD03,Phage shock protein C (PspC) family protein,,9712,Micromonospora echinospora (Micromonospora purpurea)
GA0070618_2946,A0A1C4XCL9,"ADP-ribose pyrophosphatase YjhB, NUDIX family",,33173,Micromonospora echinospora (Micromonospora purpurea)
GA0070618_2947,A0A1C4XCJ4,"ADP-ribose pyrophosphatase YjhB, NUDIX family",,32244,Micromonospora echinospora (Micromonospora purpurea)
GA0070618_2948,A0A1C4XCQ7,CDP-diacylglycerol--serine O-phosphatidyltransferase (EC 2.7.8.8) (Phosphatidylserine synthase),2.7.8.8,31310,Micromonospora echinospora (Micromonospora purpurea)
GA0070618_2949,A0A1C4XDK4,Phosphatidylserine decarboxylase,,43593,Micromonospora echinospora (Micromonospora purpurea)
GA0070618_2950,A0A1C4XCQ6,Uncharacterized protein,,16440,Micromonospora echinospora (Micromonospora purpurea)
GA0070618_2951,A0A1C4XD75,Cell wall-active antibiotics response 4TMS YvqF,,19453,Micromonospora echinospora (Micromonospora purpurea)
GA0070618_2952,A0A1C4XCW3,Phage shock protein C (PspC) family protein,,34093,Micromonospora echinospora (Micromonospora purpurea)
GA0070618_2953,A0A1C4XD39,Phage shock protein C (PspC) family protein,,42537,Micromonospora echinospora (Micromonospora purpurea)
GA0070618_2954,A0A1C4XDY1,"Two component transcriptional regulator, LuxR family",,24515,Micromonospora echinospora (Micromonospora purpurea)
GA0070618_2955,A0A1C4XCY0,Peptide/nickel transport system substrate-binding protein,,59660,Micromonospora echinospora (Micromonospora purpurea)
GA0070618_2956,A0A1C4XD00,Peptide/nickel transport system permease protein,,38385,Micromonospora echinospora (Micromonospora purpurea)
GA0070618_2957,A0A1C4XD33,Peptide/nickel transport system permease protein,,33548,Micromonospora echinospora (Micromonospora purpurea)
GA0070618_2958,A0A1C4XDG7,Oligopeptide transport system ATP-binding protein,,37641,Micromonospora echinospora (Micromonospora purpurea)
GA0070618_2959,A0A1C4XDR7,Oligopeptide transport system ATP-binding protein,,37056,Micromonospora echinospora (Micromonospora purpurea)
GA0070618_2960,A0A1C4XDR6,Chorismate mutase,,12431,Micromonospora echinospora (Micromonospora purpurea)
GA0070618_2961,A0A1C4XDC5,ATP-dependent DNA helicase (EC 5.6.2.4),5.6.2.4,87808,Micromonospora echinospora (Micromonospora purpurea)
GA0070618_2962,A0A1C4XDE3,"Murein DD-endopeptidase MepM and murein hydrolase activator NlpD, contain LysM domain",,27082,Micromonospora echinospora (Micromonospora purpurea)
GA0070618_2963,A0A1C4XDJ0,Peptidase family M23,,25585,Micromonospora echinospora (Micromonospora purpurea)
GA0070618_2964,A0A1C4XDQ6,"Methylmalonyl-CoA mutase, C-terminal domain",,14263,Micromonospora echinospora (Micromonospora purpurea)
GA0070618_2965,A0A1C4XDI1,Succinate--CoA ligase [ADP-forming] subunit beta (EC 6.2.1.5) (Succinyl-CoA synthetase subunit beta) (SCS-beta),6.2.1.5,41157,Micromonospora echinospora (Micromonospora purpurea)
GA0070618_2966,A0A1C4XDJ7,Succinate--CoA ligase [ADP-forming] subunit alpha (EC 6.2.1.5) (Succinyl-CoA synthetase subunit alpha) (SCS-alpha),6.2.1.5,30187,Micromonospora echinospora (Micromonospora purpurea)
GA0070618_2967,A0A1C4XDR0,DUF4190 domain-containing protein,,8976,Micromonospora echinospora (Micromonospora purpurea)
GA0070618_2968,A0A1C4XDL1,Uncharacterized protein,,36812,Micromonospora echinospora (Micromonospora purpurea)
GA0070618_2969,A0A1C4XDT6,DUF4190 domain-containing protein,,22884,Micromonospora echinospora (Micromonospora purpurea)
GA0070618_2970,A0A1C4XE94,Interferon-induced transmembrane protein,,10448,Micromonospora echinospora (Micromonospora purpurea)
GA0070618_2971,A0A1C4XDS2,Bifunctional purine biosynthesis protein PurH [Includes: Phosphoribosylaminoimidazolecarboxamide formyltransferase (EC 2.1.2.3) (AICAR transformylase); IMP cyclohydrolase (EC 3.5.4.10) (ATIC) (IMP synthase) (Inosinicase)],2.1.2.3; 3.5.4.10,76490,Micromonospora echinospora (Micromonospora purpurea)
GA0070618_2972,A0A1C4XDU2,Bifunctional protein FolD [Includes: Methylenetetrahydrofolate dehydrogenase (EC 1.5.1.5); Methenyltetrahydrofolate cyclohydrolase (EC 3.5.4.9)],1.5.1.5; 3.5.4.9,30315,Micromonospora echinospora (Micromonospora purpurea)
GA0070618_2973,A0A1C4XE00,Malate dehydrogenase (NAD),,32929,Micromonospora echinospora (Micromonospora purpurea)
GA0070618_2974,A0A1C4XE22,Isocitrate dehydrogenase [NADP] (EC 1.1.1.42),1.1.1.42,45102,Micromonospora echinospora (Micromonospora purpurea)
GA0070618_2975,A0A1C4XEK0,Galactose-1-phosphate uridylyltransferase (EC 2.7.7.12),2.7.7.12,40120,Micromonospora echinospora (Micromonospora purpurea)
GA0070618_2976,A0A1C4XDX9,"Transcriptional regulator, DeoR family",,28028,Micromonospora echinospora (Micromonospora purpurea)
GA0070618_2977,A0A1C4XE49,Adenylylsulfate kinase,,55052,Micromonospora echinospora (Micromonospora purpurea)
GA0070618_2978,A0A1C4XEC0,ABC-2 type transport system ATP-binding protein,,32459,Micromonospora echinospora (Micromonospora purpurea)
GA0070618_2979,A0A1C4XE25,ABC-2 type transport system permease protein,,30806,Micromonospora echinospora (Micromonospora purpurea)
GA0070618_2980,A0A1C4XE47,ABC-2 type transport system ATP-binding protein,,33178,Micromonospora echinospora (Micromonospora purpurea)
GA0070618_2981,A0A1C4XE48,ABC-2 type transport system permease protein,,24398,Micromonospora echinospora (Micromonospora purpurea)
GA0070618_2982,A0A1C4XEG7,Valine--tRNA ligase (EC 6.1.1.9) (Valyl-tRNA synthetase) (ValRS),6.1.1.9,94504,Micromonospora echinospora (Micromonospora purpurea)
GA0070618_2983,A0A1C4XE90,Uncharacterized protein,,49666,Micromonospora echinospora (Micromonospora purpurea)
GA0070618_2984,A0A1C4XFG5,"ABC-type multidrug transport system, ATPase and permease component",,66276,Micromonospora echinospora (Micromonospora purpurea)
GA0070618_2985,A0A1C4XEH3,"ATP-binding cassette, subfamily B",,66800,Micromonospora echinospora (Micromonospora purpurea)
GA0070618_2986,A0A1C4XEG8,Methylated-DNA-[protein]-cysteine S-methyltransferase,,18042,Micromonospora echinospora (Micromonospora purpurea)
GA0070618_2987,A0A1C4XEE6,DNA-3-methyladenine glycosylase II (EC 3.2.2.21),3.2.2.21,52071,Micromonospora echinospora (Micromonospora purpurea)
GA0070618_2988,A0A1C4XER5,Uncharacterized protein,,18368,Micromonospora echinospora (Micromonospora purpurea)
GA0070618_2989,A0A1C4XF79,Peptidase family S51,,26081,Micromonospora echinospora (Micromonospora purpurea)
GA0070618_2990,A0A1C4XET8,"DNA polymerase III, epsilon subunit",,21586,Micromonospora echinospora (Micromonospora purpurea)
GA0070618_2991,A0A1C4XEL4,Ribosome-binding ATPase YchF,,42857,Micromonospora echinospora (Micromonospora purpurea)
GA0070618_2992,A0A1C4XFC0,Uncharacterized protein,,15168,Micromonospora echinospora (Micromonospora purpurea)
GA0070618_2993,A0A1C4XF24,AB hydrolase-1 domain-containing protein,,32913,Micromonospora echinospora (Micromonospora purpurea)
GA0070618_2994,A0A1C4XFE4,LPXTG-motif cell wall anchor domain-containing protein,,28187,Micromonospora echinospora (Micromonospora purpurea)
GA0070618_2995,A0A1C4XFB3,"Transcriptional regulator, ArsR family",,11178,Micromonospora echinospora (Micromonospora purpurea)
GA0070618_2996,A0A1C4XFF9,"Catechol 2,3-dioxygenase",,13699,Micromonospora echinospora (Micromonospora purpurea)
GA0070618_2997,A0A1C4XEX9,Signal transduction histidine kinase,,46922,Micromonospora echinospora (Micromonospora purpurea)
GA0070618_2998,A0A1C4XFI0,"Two component transcriptional regulator, LuxR family",,23908,Micromonospora echinospora (Micromonospora purpurea)
GA0070618_2999,A0A1C4XF62,DUF4253 domain-containing protein,,28070,Micromonospora echinospora (Micromonospora purpurea)
GA0070618_3000,A0A1C4XFK4,Zinc D-Ala-D-Ala carboxypeptidase,,23611,Micromonospora echinospora (Micromonospora purpurea)
GA0070618_3001,A0A1C4XFL0,Uncharacterized protein,,19325,Micromonospora echinospora (Micromonospora purpurea)
GA0070618_3002,A0A1C4XF42,GntR family transcriptional regulator,,15061,Micromonospora echinospora (Micromonospora purpurea)
GA0070618_3003,A0A1C4XG52,DivIVA domain-containing protein,,13880,Micromonospora echinospora (Micromonospora purpurea)
GA0070618_3004,A0A1C4XF86,Uncharacterized protein,,9556,Micromonospora echinospora (Micromonospora purpurea)
GA0070618_3005,A0A1C4XFL3,Methyltransferase domain-containing protein,,23637,Micromonospora echinospora (Micromonospora purpurea)
GA0070618_3006,A0A1C4XFD9,"Protein SanA, affects membrane permeability for vancomycin",,25796,Micromonospora echinospora (Micromonospora purpurea)
GA0070618_3007,A0A1C4XFA0,PH domain-containing protein,,13221,Micromonospora echinospora (Micromonospora purpurea)
GA0070618_3008,A0A1C4XFD7,Uncharacterized protein,,10921,Micromonospora echinospora (Micromonospora purpurea)
GA0070618_3009,A0A1C4XFE8,Uncharacterized protein,,11396,Micromonospora echinospora (Micromonospora purpurea)
GA0070618_3010,A0A1C4XGC7,8-oxo-dGTP diphosphatase (EC 3.6.1.55),3.6.1.55,15870,Micromonospora echinospora (Micromonospora purpurea)
GA0070618_3011,A0A1C4XGD6,Succinate dehydrogenase / fumarate reductase iron-sulfur subunit,,39706,Micromonospora echinospora (Micromonospora purpurea)
GA0070618_3012,A0A1C4XFP6,Succinate dehydrogenase / fumarate reductase flavoprotein subunit,,70378,Micromonospora echinospora (Micromonospora purpurea)
GA0070618_3013,A0A1C4XFZ7,Uncharacterized protein,,30852,Micromonospora echinospora (Micromonospora purpurea)
GA0070618_3014,A0A1C4XG03,Predicted Zn-dependent protease or its inactivated homolog,,47186,Micromonospora echinospora (Micromonospora purpurea)
GA0070618_3015,A0A1C4XFI3,TldD protein,,51044,Micromonospora echinospora (Micromonospora purpurea)
GA0070618_3016,A0A1C4XFR1,"Endonuclease, Uma2 family (Restriction endonuclease fold)",,20231,Micromonospora echinospora (Micromonospora purpurea)
GA0070618_3017,A0A1C4XFH6,Predicted ATPase,,103626,Micromonospora echinospora (Micromonospora purpurea)
GA0070618_3018,A0A1C4XFL1,Peptidase inhibitor I9,,129646,Micromonospora echinospora (Micromonospora purpurea)
GA0070618_3019,A0A1C4XFY6,Peptide/nickel transport system ATP-binding protein,,40179,Micromonospora echinospora (Micromonospora purpurea)
GA0070618_3020,A0A1C4XFM9,Peptide/nickel transport system ATP-binding protein,,38833,Micromonospora echinospora (Micromonospora purpurea)
GA0070618_3021,A0A1C4XGC2,Peptide/nickel transport system permease protein,,36003,Micromonospora echinospora (Micromonospora purpurea)
GA0070618_3022,A0A1C4XGB4,Peptide/nickel transport system permease protein,,35360,Micromonospora echinospora (Micromonospora purpurea)
GA0070618_3023,A0A1C4XFV4,Peptide/nickel transport system substrate-binding protein,,62265,Micromonospora echinospora (Micromonospora purpurea)
GA0070618_3024,A0A1C4XGE4,Dipeptidyl-peptidase-4,,76543,Micromonospora echinospora (Micromonospora purpurea)
GA0070618_3025,A0A1C4XFW0,1D-myo-inositol 2-acetamido-2-deoxy-alpha-D-glucopyranoside deacetylase (GlcNAc-Ins deacetylase) (EC 3.5.1.103) (N-acetyl-1-D-myo-inositol-2-amino-2-deoxy-alpha-D-glucopyranoside deacetylase),3.5.1.103,32239,Micromonospora echinospora (Micromonospora purpurea)
GA0070618_3026,A0A1C4XG90,Integral membrane protein,,15742,Micromonospora echinospora (Micromonospora purpurea)
GA0070618_3027,A0A1C4XG13,Integral membrane protein,,16386,Micromonospora echinospora (Micromonospora purpurea)
GA0070618_3028,A0A1C4XG74,Acetyltransferase (GNAT) family protein,,34329,Micromonospora echinospora (Micromonospora purpurea)
GA0070618_3029,A0A1C4XGL1,Ferredoxin,,11959,Micromonospora echinospora (Micromonospora purpurea)
GA0070618_3030,A0A1C4XG48,Aminotransferase (EC 2.6.1.-),2.6.1.-,38830,Micromonospora echinospora (Micromonospora purpurea)
GA0070618_3031,A0A1C4XGF9,Prephenate dehydrogenase,,35500,Micromonospora echinospora (Micromonospora purpurea)
GA0070618_3032,A0A1C4XGT2,SIMPL domain-containing protein,,23127,Micromonospora echinospora (Micromonospora purpurea)
GA0070618_3033,A0A1C4XGI5,Panthothenate kinase,,24103,Micromonospora echinospora (Micromonospora purpurea)
GA0070618_3034,A0A1C4XGT1,Integral membrane protein,,89507,Micromonospora echinospora (Micromonospora purpurea)
GA0070618_3035,A0A1C4XGB3,Maltose O-acetyltransferase,,19789,Micromonospora echinospora (Micromonospora purpurea)
GA0070618_3036,A0A1C4XGY1,Subtilase family protein,,115805,Micromonospora echinospora (Micromonospora purpurea)
GA0070618_3037,A0A1C4XGK3,"2,3,4,5-tetrahydropyridine-2,6-dicarboxylate N-succinyltransferase (EC 2.3.1.117) (Tetrahydrodipicolinate N-succinyltransferase) (THDP succinyltransferase) (THP succinyltransferase) (Tetrahydropicolinate succinylase)",2.3.1.117,32958,Micromonospora echinospora (Micromonospora purpurea)
GA0070618_3038,A0A1C4XGF7,succinyl-diaminopimelate desuccinylase (EC 3.5.1.18),3.5.1.18,38415,Micromonospora echinospora (Micromonospora purpurea)
GA0070618_3039,A0A1C4XHE6,Uncharacterized protein,,6313,Micromonospora echinospora (Micromonospora purpurea)
GA0070618_3040,A0A1C4XH27,Cytokinin riboside 5'-monophosphate phosphoribohydrolase (EC 3.2.2.n1),3.2.2.n1,30697,Micromonospora echinospora (Micromonospora purpurea)
GA0070618_3041,A0A1C4XGQ8,Cytokinin riboside 5'-monophosphate phosphoribohydrolase (EC 3.2.2.n1),3.2.2.n1,20028,Micromonospora echinospora (Micromonospora purpurea)
GA0070618_3042,A0A1C4XGV6,DNA 3'-5' helicase (EC 5.6.2.4),5.6.2.4,122517,Micromonospora echinospora (Micromonospora purpurea)
GA0070618_3043,A0A1C4XGM8,DNA 3'-5' helicase (EC 5.6.2.4),5.6.2.4,122849,Micromonospora echinospora (Micromonospora purpurea)
GA0070618_3044,A0A1C4XGN3,Cold-shock DNA-binding protein family,,7316,Micromonospora echinospora (Micromonospora purpurea)
GA0070618_3045,A0A1C4XGV1,Superfamily II DNA and RNA helicase,,47013,Micromonospora echinospora (Micromonospora purpurea)
GA0070618_3046,A0A1C4XH00,Uncharacterized protein,,6283,Micromonospora echinospora (Micromonospora purpurea)
GA0070618_3047,A0A1C4XH07,"Transcriptional regulator, BadM/Rrf2 family",,14881,Micromonospora echinospora (Micromonospora purpurea)
GA0070618_3048,A0A1C4XHT4,NitT/TauT family transport system permease protein,,31017,Micromonospora echinospora (Micromonospora purpurea)
GA0070618_3049,A0A1C4XHA5,NitT/TauT family transport system ATP-binding protein,,28236,Micromonospora echinospora (Micromonospora purpurea)
GA0070618_3050,A0A1C4XGS5,NitT/TauT family transport system substrate-binding protein,,37316,Micromonospora echinospora (Micromonospora purpurea)
GA0070618_3051,A0A1C4XHD3,Alkanesulfonate monooxygenase,,38977,Micromonospora echinospora (Micromonospora purpurea)
GA0070618_3052,A0A1C4XH02,Predicted Zn-dependent peptidase,,46719,Micromonospora echinospora (Micromonospora purpurea)
GA0070618_3053,A0A1C4XHE3,Predicted Zn-dependent peptidase,,47085,Micromonospora echinospora (Micromonospora purpurea)
GA0070618_3054,A0A1C4XH04,NAD(+) diphosphatase (EC 3.6.1.22),3.6.1.22,34417,Micromonospora echinospora (Micromonospora purpurea)
GA0070618_3055,A0A1C4XHS0,Lsr2 protein,,10083,Micromonospora echinospora (Micromonospora purpurea)
GA0070618_3056,A0A1C4XH29,DUF397 domain-containing protein,,8578,Micromonospora echinospora (Micromonospora purpurea)
GA0070618_3057,A0A1C4XHK0,Helix-turn-helix domain-containing protein,,34861,Micromonospora echinospora (Micromonospora purpurea)
GA0070618_3058,A0A1C4XIA1,Multidrug efflux pump Tap,,44771,Micromonospora echinospora (Micromonospora purpurea)
GA0070618_3059,A0A1C4XHF7,Mycoredoxin,,8856,Micromonospora echinospora (Micromonospora purpurea)
GA0070618_3060,A0A1C4XIC7,DNA 3'-5' helicase (EC 5.6.2.4),5.6.2.4,77974,Micromonospora echinospora (Micromonospora purpurea)
GA0070618_3061,A0A1C4XHI2,Uncharacterized protein,,9080,Micromonospora echinospora (Micromonospora purpurea)
GA0070618_3062,A0A1C4XHI0,Transcriptional regulator WhiB,,13155,Micromonospora echinospora (Micromonospora purpurea)
GA0070618_3063,A0A1C4XHR0,"Predicted unusual protein kinase regulating ubiquinone biosynthesis, AarF/ABC1/UbiB family",,48546,Micromonospora echinospora (Micromonospora purpurea)
GA0070618_3064,A0A1C4XHV3,Bacteriocin biosynthesis cyclodehydratase domain-containing protein,,36997,Micromonospora echinospora (Micromonospora purpurea)
GA0070618_3065,A0A1C4XHU9,Uncharacterized protein,,6016,Micromonospora echinospora (Micromonospora purpurea)
GA0070618_3066,A0A1C4XIM8,YgjP-like metallopeptidase domain-containing protein,,19985,Micromonospora echinospora (Micromonospora purpurea)
GA0070618_3067,A0A1C4XHY0,2-phospho-L-lactate guanylyltransferase,,20865,Micromonospora echinospora (Micromonospora purpurea)
GA0070618_3068,A0A1C4XHQ8,Putative hydrolase,,46374,Micromonospora echinospora (Micromonospora purpurea)
GA0070618_3069,A0A1C4XHT5,MFS transporter,,7950,Micromonospora echinospora (Micromonospora purpurea)
GA0070618_3070,A0A1C4XHT7,endopeptidase La (EC 3.4.21.53),3.4.21.53,34871,Micromonospora echinospora (Micromonospora purpurea)
GA0070618_3071,A0A1C4XI30,UPF0182 protein GA0070618_3071,,109567,Micromonospora echinospora (Micromonospora purpurea)
GA0070618_3074,A0A1C4XHY2,DUF4190 domain-containing protein,,8739,Micromonospora echinospora (Micromonospora purpurea)
GA0070618_3075,A0A1C4XHX4,Multiple sugar transport system substrate-binding protein,,48297,Micromonospora echinospora (Micromonospora purpurea)
GA0070618_3076,A0A1C4XI02,Phosphoribosylaminoimidazole-succinocarboxamide synthase (EC 6.3.2.6) (SAICAR synthetase),6.3.2.6,30482,Micromonospora echinospora (Micromonospora purpurea)
GA0070618_3077,A0A1C4XHZ5,Glycerol kinase (EC 2.7.1.30) (ATP:glycerol 3-phosphotransferase) (Glycerokinase) (GK),2.7.1.30,53565,Micromonospora echinospora (Micromonospora purpurea)
GA0070618_3078,A0A1C4XI03,non-specific serine/threonine protein kinase (EC 2.7.11.1),2.7.11.1,16598,Micromonospora echinospora (Micromonospora purpurea)
GA0070618_3079,A0A1C4XI17,Signal transduction histidine kinase,,44463,Micromonospora echinospora (Micromonospora purpurea)
GA0070618_3080,A0A1C4XI10,"Two component transcriptional regulator, LuxR family",,23499,Micromonospora echinospora (Micromonospora purpurea)
GA0070618_3081,A0A1C4XI57,DUF5709 domain-containing protein,,19864,Micromonospora echinospora (Micromonospora purpurea)
GA0070618_3082,A0A1C4XIH9,non-specific serine/threonine protein kinase (EC 2.7.11.1),2.7.11.1,25060,Micromonospora echinospora (Micromonospora purpurea)
GA0070618_3083,A0A1C4XIG4,Short-chain dehydrogenase,,34382,Micromonospora echinospora (Micromonospora purpurea)
GA0070618_3084,A0A1C4XIH7,Glycosyltransferase involved in cell wall bisynthesis,,43163,Micromonospora echinospora (Micromonospora purpurea)
GA0070618_3085,A0A1C4XIA7,EamA-like transporter family protein,,34224,Micromonospora echinospora (Micromonospora purpurea)
GA0070618_3086,A0A1C4XIE3,histidinol-phosphatase (EC 3.1.3.15),3.1.3.15,28412,Micromonospora echinospora (Micromonospora purpurea)
GA0070618_3087,A0A1C4XIJ4,Small ribosomal subunit biogenesis GTPase RsgA (EC 3.6.1.-),3.6.1.-,36570,Micromonospora echinospora (Micromonospora purpurea)
GA0070618_3088,A0A1C4XII0,3-phosphoshikimate 1-carboxyvinyltransferase (EC 2.5.1.19) (5-enolpyruvylshikimate-3-phosphate synthase) (EPSP synthase) (EPSPS),2.5.1.19,44984,Micromonospora echinospora (Micromonospora purpurea)
GA0070618_3089,A0A1C4XII3,Abasic site processing protein (EC 3.4.-.-),3.4.-.-,26260,Micromonospora echinospora (Micromonospora purpurea)
GA0070618_3090,A0A1C4XIV9,Transcriptional regulator WhiB,,14485,Micromonospora echinospora (Micromonospora purpurea)
GA0070618_3091,A0A1C4XIM6,KANL3/Tex30 alpha/beta hydrolase-like domain-containing protein,,22951,Micromonospora echinospora (Micromonospora purpurea)
GA0070618_3092,A0A1C4XJL1,RNA polymerase sigma factor,,30173,Micromonospora echinospora (Micromonospora purpurea)
GA0070618_3093,A0A1C4XIP5,Mycothiol system anti-sigma-R factor,,11030,Micromonospora echinospora (Micromonospora purpurea)
GA0070618_3094,A0A1C4XJP4,Biotin-requiring enzyme,,7517,Micromonospora echinospora (Micromonospora purpurea)
GA0070618_3095,A0A1C4XJ41,Uncharacterized protein,,10975,Micromonospora echinospora (Micromonospora purpurea)
GA0070618_3096,A0A1C4XIT9,"Drug resistance transporter, EmrB/QacA subfamily",,58369,Micromonospora echinospora (Micromonospora purpurea)
GA0070618_3097,A0A1C4XJ03,Tetratricopeptide (TPR) repeat,,64506,Micromonospora echinospora (Micromonospora purpurea)
GA0070618_3098,A0A1C4XJ54,Glutamine--fructose-6-phosphate transaminase,,36339,Micromonospora echinospora (Micromonospora purpurea)
GA0070618_3099,A0A1C4XIX3,"Two-component sensor histidine kinase, contains HisKA and HATPase domains",,54729,Micromonospora echinospora (Micromonospora purpurea)
GA0070618_3100,A0A1C4XJ22,Mannosyltransferase,,53706,Micromonospora echinospora (Micromonospora purpurea)
GA0070618_3101,A0A1C4XJ02,assimilatory sulfite reductase (ferredoxin) (EC 1.8.7.1),1.8.7.1,63440,Micromonospora echinospora (Micromonospora purpurea)
GA0070618_3102,A0A1C4XJA1,Insertion element protein,,6812,Micromonospora echinospora (Micromonospora purpurea)
GA0070618_3103,A0A1C4XJ53,Adenosine 5'-phosphosulfate reductase (APS reductase) (EC 1.8.4.10) (5'-adenylylsulfate reductase) (Thioredoxin-dependent 5'-adenylylsulfate reductase),1.8.4.10,27867,Micromonospora echinospora (Micromonospora purpurea)
GA0070618_3104,A0A1C4XJN3,Sirohydrochlorin ferrochelatase,,27125,Micromonospora echinospora (Micromonospora purpurea)
GA0070618_3105,A0A1C4XJI2,Transcriptional regulator WhiB,,9493,Micromonospora echinospora (Micromonospora purpurea)
GA0070618_3106,A0A1C4XJ86,Diacylglycerol kinase family enzyme,,34538,Micromonospora echinospora (Micromonospora purpurea)
GA0070618_3107,A0A1C4XJC1,Uncharacterized protein,,13461,Micromonospora echinospora (Micromonospora purpurea)
GA0070618_3108,A0A1C4XJC0,Serine/threonine-protein kinase RsbW,,14276,Micromonospora echinospora (Micromonospora purpurea)
GA0070618_3109,A0A1C4XJJ4,Acetyltransferase (GNAT) family protein,,18830,Micromonospora echinospora (Micromonospora purpurea)
GA0070618_3110,A0A1C4XKE3,Nickel superoxide dismutase,,15337,Micromonospora echinospora (Micromonospora purpurea)
GA0070618_3111,A0A1C4XKF2,Peptidase S24-like,,12768,Micromonospora echinospora (Micromonospora purpurea)
GA0070618_3112,A0A1C4XJP5,Malate dehydrogenase (Oxaloacetate-decarboxylating),,40042,Micromonospora echinospora (Micromonospora purpurea)
GA0070618_3113,A0A1C4XJN9,DUF916 domain-containing protein,,34618,Micromonospora echinospora (Micromonospora purpurea)
GA0070618_3114,A0A1C4XJJ8,WxL domain-containing protein,,17602,Micromonospora echinospora (Micromonospora purpurea)
GA0070618_3115,A0A1C4XJU4,NADPH:quinone reductase,,33424,Micromonospora echinospora (Micromonospora purpurea)
GA0070618_3116,A0A1C4XJP2,Alpha/beta hydrolase family protein,,33323,Micromonospora echinospora (Micromonospora purpurea)
GA0070618_3117,A0A1C4XKN1,Alpha/beta hydrolase family protein,,31148,Micromonospora echinospora (Micromonospora purpurea)
GA0070618_3118,A0A1C4XJN7,Uncharacterized protein,,7043,Micromonospora echinospora (Micromonospora purpurea)
GA0070618_3119,A0A1C4XKR1,Acetate kinase (EC 2.7.2.1) (Acetokinase),2.7.2.1,39041,Micromonospora echinospora (Micromonospora purpurea)
GA0070618_3120,A0A1C4XK07,Phosphate acetyltransferase (EC 2.3.1.8) (Phosphotransacetylase),2.3.1.8,72537,Micromonospora echinospora (Micromonospora purpurea)
GA0070618_3121,A0A1C4XK53,"Glycosyltransferase, catalytic subunit of cellulose synthase and poly-beta-1,6-N-acetylglucosamine synthase",,77768,Micromonospora echinospora (Micromonospora purpurea)
GA0070618_3122,A0A1C4XJV5,Glucanase (EC 3.2.1.-),3.2.1.-,36721,Micromonospora echinospora (Micromonospora purpurea)
GA0070618_3123,A0A1C4XK61,CopG family transcriptional regulator,,7108,Micromonospora echinospora (Micromonospora purpurea)
GA0070618_3124,A0A1C4XK01,2-oxoglutarate dehydrogenase E1 component,,138965,Micromonospora echinospora (Micromonospora purpurea)
GA0070618_3125,A0A1C4XK85,ABC-2 family transporter protein,,29513,Micromonospora echinospora (Micromonospora purpurea)
GA0070618_3126,A0A1C4XK29,ABC-2 type transport system ATP-binding protein,,32771,Micromonospora echinospora (Micromonospora purpurea)
GA0070618_3127,A0A1C4XKJ5,Acyl dehydratase,,23932,Micromonospora echinospora (Micromonospora purpurea)
GA0070618_3128,A0A1C4XKC2,L-ornithine N(alpha)-acyltransferase (EC 2.3.2.30),2.3.2.30,28674,Micromonospora echinospora (Micromonospora purpurea)
GA0070618_3129,A0A1C4XKC3,1-acyl-sn-glycerol-3-phosphate acyltransferases,,30013,Micromonospora echinospora (Micromonospora purpurea)
GA0070618_3130,A0A1C4XKE1,"Two-component system, OmpR family, response regulator",,26141,Micromonospora echinospora (Micromonospora purpurea)
GA0070618_3131,A0A1C4XKE4,histidine kinase (EC 2.7.13.3),2.7.13.3,56063,Micromonospora echinospora (Micromonospora purpurea)
GA0070618_3132,A0A1C4XKF4,Putative serine protease PepD,,53385,Micromonospora echinospora (Micromonospora purpurea)
GA0070618_3133,A0A1C4XKH1,"Osmotically-inducible protein OsmY, contains BON domain",,24439,Micromonospora echinospora (Micromonospora purpurea)
GA0070618_3134,A0A1C4XKI2,Glycosyltransferase involved in cell wall bisynthesis,,39177,Micromonospora echinospora (Micromonospora purpurea)
GA0070618_3135,A0A1C4XLB5,"MFS transporter, DHA1 family, chloramphenicol resistance protein",,40150,Micromonospora echinospora (Micromonospora purpurea)
GA0070618_3136,A0A1C4XKK0,Glyoxalase-like domain-containing protein,,14144,Micromonospora echinospora (Micromonospora purpurea)
GA0070618_3137,A0A1C4XLD4,AAA ATPase domain-containing protein,,153385,Micromonospora echinospora (Micromonospora purpurea)
GA0070618_3138,A0A1C4XKG7,Trypsin-co-occurring domain-containing protein,,12472,Micromonospora echinospora (Micromonospora purpurea)
GA0070618_3139,A0A1C4XKK4,non-specific serine/threonine protein kinase (EC 2.7.11.1),2.7.11.1,51798,Micromonospora echinospora (Micromonospora purpurea)
GA0070618_3140,A0A1C4XKP7,NTE family protein,,29585,Micromonospora echinospora (Micromonospora purpurea)
GA0070618_3141,A0A1C4XKQ4,Acyltransferase,,39159,Micromonospora echinospora (Micromonospora purpurea)
GA0070618_3142,A0A1C4XKR0,Divalent cation tolerance protein,,11520,Micromonospora echinospora (Micromonospora purpurea)
GA0070618_3143,A0A1C4XKM6,Membrane protein DUF2157,,116550,Micromonospora echinospora (Micromonospora purpurea)
GA0070618_3144,A0A1C4XKK3,Fatty acid desaturase,,38178,Micromonospora echinospora (Micromonospora purpurea)
GA0070618_3145,A0A1C4XKQ5,Putative pterin-4-alpha-carbinolamine dehydratase (PHS) (EC 4.2.1.96) (4-alpha-hydroxy-tetrahydropterin dehydratase) (Pterin carbinolamine dehydratase) (PCD),4.2.1.96,10707,Micromonospora echinospora (Micromonospora purpurea)
GA0070618_3146,A0A1C4XKN4,Uncharacterized protein,,41100,Micromonospora echinospora (Micromonospora purpurea)
GA0070618_3147,A0A1C4XKR3,ornithine aminotransferase (EC 2.6.1.13) (Ornithine--oxo-acid aminotransferase),2.6.1.13,42844,Micromonospora echinospora (Micromonospora purpurea)
GA0070618_3148,A0A1C4XKS1,N-Dimethylarginine dimethylaminohydrolase,,29646,Micromonospora echinospora (Micromonospora purpurea)
GA0070618_3149,A0A1C4XL03,"Transcriptional regulator, LysR family",,29362,Micromonospora echinospora (Micromonospora purpurea)
GA0070618_3150,A0A1C4XKY6,"NAD(P)-dependent dehydrogenase, short-chain alcohol dehydrogenase family",,26491,Micromonospora echinospora (Micromonospora purpurea)
GA0070618_3151,A0A1C4XLW7,Thrombospondin,,28853,Micromonospora echinospora (Micromonospora purpurea)
GA0070618_3152,A0A1C4XL45,Glycosyltransferase involved in cell wall bisynthesis,,48642,Micromonospora echinospora (Micromonospora purpurea)
GA0070618_3153,A0A1C4XL02,Phosphotransferase enzyme family protein,,34153,Micromonospora echinospora (Micromonospora purpurea)
GA0070618_3154,A0A1C4XL22,Uncharacterized protein,,13942,Micromonospora echinospora (Micromonospora purpurea)
GA0070618_3155,A0A1C4XL83,"Transcriptional regulator, AlpA family",,8303,Micromonospora echinospora (Micromonospora purpurea)
GA0070618_3156,A0A1C4XL14,Uncharacterized protein,,9134,Micromonospora echinospora (Micromonospora purpurea)
GA0070618_3157,A0A1C4XM43,PIN domain-containing protein,,13636,Micromonospora echinospora (Micromonospora purpurea)
GA0070618_3158,A0A1C4XLH2,DNA-(apurinic or apyrimidinic site) lyase (EC 4.2.99.18),4.2.99.18,29126,Micromonospora echinospora (Micromonospora purpurea)
GA0070618_3159,A0A1C4XL67,"WGR domain-containing protein, predicted DNA-binding domain in MolR",,51768,Micromonospora echinospora (Micromonospora purpurea)
GA0070618_3160,A0A1C4XL97,Streptomycin 6-kinase,,32213,Micromonospora echinospora (Micromonospora purpurea)
GA0070618_3161,A0A1C4XL95,"RNA polymerase sigma-70 factor, sigma-E family",,19158,Micromonospora echinospora (Micromonospora purpurea)
GA0070618_3162,A0A1C4XLI6,Uncharacterized protein,,45012,Micromonospora echinospora (Micromonospora purpurea)
GA0070618_3163,A0A1C4XMC8,"NADPH-dependent 2,4-dienoyl-CoA reductase, sulfur reductase",,48191,Micromonospora echinospora (Micromonospora purpurea)
GA0070618_3164,A0A1C4XLM4,Putative glutamate--cysteine ligase 2 (EC 6.3.2.2) (Gamma-glutamylcysteine synthetase 2) (GCS 2) (Gamma-GCS 2),6.3.2.2,41749,Micromonospora echinospora (Micromonospora purpurea)
GA0070618_3165,A0A1C4XLF4,Uncharacterized protein,,10712,Micromonospora echinospora (Micromonospora purpurea)
GA0070618_3166,A0A1C4XLQ3,Membrane protein insertase YidC (Foldase YidC) (Membrane integrase YidC) (Membrane protein YidC),,27887,Micromonospora echinospora (Micromonospora purpurea)
GA0070618_3167,A0A1C4XLP6,chitinase (EC 3.2.1.14),3.2.1.14,47861,Micromonospora echinospora (Micromonospora purpurea)
GA0070618_3168,A0A1C4XLP2,"Membrane protein DedA, SNARE-associated domain",,24482,Micromonospora echinospora (Micromonospora purpurea)
GA0070618_3169,A0A1C4XM45,DUF1349 domain-containing protein,,21621,Micromonospora echinospora (Micromonospora purpurea)
GA0070618_3170,A0A1C4XM09,Maltose alpha-D-glucosyltransferase/ alpha-amylase,,62918,Micromonospora echinospora (Micromonospora purpurea)
GA0070618_3171,A0A1C4XLP1,3-oxoacyl-[acyl-carrier protein] reductase,,25910,Micromonospora echinospora (Micromonospora purpurea)
GA0070618_3172,A0A1C4XLQ1,Integral membrane protein,,14584,Micromonospora echinospora (Micromonospora purpurea)
GA0070618_3173,A0A1C4XLT0,Integral membrane protein,,13353,Micromonospora echinospora (Micromonospora purpurea)
GA0070618_3174,A0A1C4XMU9,Predicted dehydrogenase,,31465,Micromonospora echinospora (Micromonospora purpurea)
GA0070618_3175,A0A1C4XM73,DUF2795 domain-containing protein,,6940,Micromonospora echinospora (Micromonospora purpurea)
GA0070618_3176,A0A1C4XMY3,Erythromycin esterase homolog,,46632,Micromonospora echinospora (Micromonospora purpurea)
GA0070618_3177,A0A1C4XMZ3,Putative drug exporter of the RND superfamily,,76391,Micromonospora echinospora (Micromonospora purpurea)
GA0070618_3178,A0A1C4XM30,"Transcriptional regulator, TetR family",,19225,Micromonospora echinospora (Micromonospora purpurea)
GA0070618_3179,A0A1C4XLY4,DNA ligase D,,34859,Micromonospora echinospora (Micromonospora purpurea)
GA0070618_3180,A0A1C4XM84,Lysophospholipase L1,,61134,Micromonospora echinospora (Micromonospora purpurea)
GA0070618_3181,A0A1C4XM92,Legume lectin domain-containing protein,,33668,Micromonospora echinospora (Micromonospora purpurea)
GA0070618_3182,A0A1C4XM74,"Two component transcriptional regulator, LuxR family",,23893,Micromonospora echinospora (Micromonospora purpurea)
GA0070618_3183,A0A1C4XM60,Uncharacterized protein,,81309,Micromonospora echinospora (Micromonospora purpurea)
GA0070618_3184,A0A1C4XMS2,Histidine kinase,,39246,Micromonospora echinospora (Micromonospora purpurea)
GA0070618_3185,A0A1C4XMC5,"RNA polymerase sigma-70 factor, ECF subfamily",,20114,Micromonospora echinospora (Micromonospora purpurea)
GA0070618_3186,A0A1C4XNE9,N-terminal domain of galactosyltransferase,,57058,Micromonospora echinospora (Micromonospora purpurea)
GA0070618_3187,A0A1C4XMG5,Uncharacterized protein,,45367,Micromonospora echinospora (Micromonospora purpurea)
GA0070618_3188,A0A1C4XMY1,Uncharacterized protein,,64274,Micromonospora echinospora (Micromonospora purpurea)
GA0070618_3189,A0A1C4XMQ3,Uncharacterized protein,,3908,Micromonospora echinospora (Micromonospora purpurea)
GA0070618_3190,A0A1C4XMU6,"AAA+-type ATPase, SpoVK/Ycf46/Vps4 family",,118498,Micromonospora echinospora (Micromonospora purpurea)
GA0070618_3191,A0A1C4XMH4,Uncharacterized protein,,18267,Micromonospora echinospora (Micromonospora purpurea)
GA0070618_3192,A0A1C4XMU4,"DNA segregation ATPase FtsK/SpoIIIE, S-DNA-T family",,143721,Micromonospora echinospora (Micromonospora purpurea)
GA0070618_3193,A0A1C4XMP8,Glycosyltransferase sugar-binding region containing DXD motif-containing protein,,74184,Micromonospora echinospora (Micromonospora purpurea)
GA0070618_3194,A0A1C4XNR1,WXG100 family type VII secretion target,,13936,Micromonospora echinospora (Micromonospora purpurea)
GA0070618_3195,A0A1C4XMV7,Type VII secretion integral membrane protein EccD,,47594,Micromonospora echinospora (Micromonospora purpurea)
GA0070618_3196,A0A1C4XMT7,Type VII secretion protein EccB,,56937,Micromonospora echinospora (Micromonospora purpurea)
GA0070618_3197,A0A1C4XN96,WXG100 family type VII secretion target,,10363,Micromonospora echinospora (Micromonospora purpurea)
GA0070618_3198,A0A1C4XMV5,Uncharacterized protein,,13690,Micromonospora echinospora (Micromonospora purpurea)
GA0070618_3199,A0A1C4XNY0,PPE family protein,,110446,Micromonospora echinospora (Micromonospora purpurea)
GA0070618_3200,A0A1C4XMZ0,YbaB/EbfC DNA-binding family protein,,14949,Micromonospora echinospora (Micromonospora purpurea)
GA0070618_3201,A0A1C4XP07,Uncharacterized protein,,12295,Micromonospora echinospora (Micromonospora purpurea)
GA0070618_3202,A0A1C4XN21,WD40 repeat,,1586060,Micromonospora echinospora (Micromonospora purpurea)
GA0070618_3203,A0A1C4XNI9,Hsp70 protein,,74691,Micromonospora echinospora (Micromonospora purpurea)
GA0070618_3205,A0A1C4XNL4,Winged helix-turn helix,,26712,Micromonospora echinospora (Micromonospora purpurea)
GA0070618_3206,A0A1C4XP76,"Uncharacterized conserved protein, DUF305 family",,23390,Micromonospora echinospora (Micromonospora purpurea)
GA0070618_3207,A0A1C4XN87,DUF3105 domain-containing protein,,28318,Micromonospora echinospora (Micromonospora purpurea)
GA0070618_3208,A0A1C4XN66,Arginine--tRNA ligase (EC 6.1.1.19) (Arginyl-tRNA synthetase) (ArgRS),6.1.1.19,60648,Micromonospora echinospora (Micromonospora purpurea)
GA0070618_3209,A0A1C4XNK7,Diaminopimelate decarboxylase (DAP decarboxylase) (DAPDC) (EC 4.1.1.20),4.1.1.20,49402,Micromonospora echinospora (Micromonospora purpurea)
GA0070618_3210,A0A1C4XNU6,Homoserine dehydrogenase (EC 1.1.1.3),1.1.1.3,44766,Micromonospora echinospora (Micromonospora purpurea)
GA0070618_3211,A0A1C4XNF5,Threonine synthase (EC 4.2.3.1),4.2.3.1,35967,Micromonospora echinospora (Micromonospora purpurea)
GA0070618_3212,A0A1C4XPG5,"Hydrophobic/amphiphilic exporter-1, HAE1 family",,112113,Micromonospora echinospora (Micromonospora purpurea)
GA0070618_3213,A0A1C4XNM2,"Predicted arabinose efflux permease, MFS family",,43370,Micromonospora echinospora (Micromonospora purpurea)
GA0070618_3214,A0A1C4XND3,Homoserine kinase (HK) (HSK) (EC 2.7.1.39),2.7.1.39,31432,Micromonospora echinospora (Micromonospora purpurea)
GA0070618_3215,A0A1C4XPL1,Transcription termination factor Rho (EC 3.6.4.-) (ATP-dependent helicase Rho),3.6.4.-,71265,Micromonospora echinospora (Micromonospora purpurea)
GA0070618_3216,A0A1C4XP23,"3',5'-cyclic AMP phosphodiesterase CpdA",,118868,Micromonospora echinospora (Micromonospora purpurea)
GA0070618_3217,A0A1C4XNM0,"Phosphate ABC transporter substrate-binding protein, PhoT family",,54757,Micromonospora echinospora (Micromonospora purpurea)
GA0070618_3218,A0A1C4XPS1,Predicted kinase,,38878,Micromonospora echinospora (Micromonospora purpurea)
GA0070618_3219,A0A1C4XNQ1,Large ribosomal subunit protein bL31,,8182,Micromonospora echinospora (Micromonospora purpurea)
GA0070618_3220,A0A1C4XNS4,Peptide chain release factor 1 (RF-1),,39410,Micromonospora echinospora (Micromonospora purpurea)
GA0070618_3221,A0A1C4XNZ3,Diguanylate cyclase (GGDEF) domain-containing protein,,56264,Micromonospora echinospora (Micromonospora purpurea)
GA0070618_3222,A0A1C4XNZ0,Release factor glutamine methyltransferase (RF MTase) (EC 2.1.1.297) (N5-glutamine methyltransferase PrmC) (Protein-(glutamine-N5) MTase PrmC) (Protein-glutamine N-methyltransferase PrmC),2.1.1.297,32503,Micromonospora echinospora (Micromonospora purpurea)
GA0070618_3223,A0A1C4XNR7,L-threonylcarbamoyladenylate synthase (EC 2.7.7.87) (L-threonylcarbamoyladenylate synthase),2.7.7.87,22526,Micromonospora echinospora (Micromonospora purpurea)
GA0070618_3224,A0A1C4XP82,Protein-tyrosine phosphatase,,21270,Micromonospora echinospora (Micromonospora purpurea)
GA0070618_3225,A0A1C4XQ28,Membrane carboxypeptidase (Penicillin-binding protein),,75264,Micromonospora echinospora (Micromonospora purpurea)
GA0070618_3226,A0A1C4XP72,"Uncharacterized conserved protein YbjT, contains NAD(P)-binding and DUF2867 domains",,53806,Micromonospora echinospora (Micromonospora purpurea)
GA0070618_3227,A0A1C4XNY6,Serine hydroxymethyltransferase (SHMT) (Serine methylase) (EC 2.1.2.1),2.1.2.1,45484,Micromonospora echinospora (Micromonospora purpurea)
GA0070618_3228,A0A1C4XPJ9,ATP synthase protein I,,14013,Micromonospora echinospora (Micromonospora purpurea)
GA0070618_3229,A0A1C4XP52,Putative F0F1-ATPase subunit (ATPase_gene1),,7340,Micromonospora echinospora (Micromonospora purpurea)
GA0070618_3230,A0A1C4XP30,ATP synthase subunit a (ATP synthase F0 sector subunit a) (F-ATPase subunit 6),,29944,Micromonospora echinospora (Micromonospora purpurea)
GA0070618_3231,A0A1C4XPN7,ATP synthase subunit c (ATP synthase F(0) sector subunit c) (F-type ATPase subunit c) (F-ATPase subunit c) (Lipid-binding protein),,7562,Micromonospora echinospora (Micromonospora purpurea)
GA0070618_3232,A0A1C4XPE2,ATP synthase subunit b (ATP synthase F(0) sector subunit b) (ATPase subunit I) (F-type ATPase subunit b) (F-ATPase subunit b),,19079,Micromonospora echinospora (Micromonospora purpurea)
GA0070618_3233,A0A1C4XPA5,ATP synthase subunit delta (ATP synthase F(1) sector subunit delta) (F-type ATPase subunit delta) (F-ATPase subunit delta),,28714,Micromonospora echinospora (Micromonospora purpurea)
GA0070618_3234,A0A1C4XP75,ATP synthase subunit alpha (EC 7.1.2.2) (ATP synthase F1 sector subunit alpha) (F-ATPase subunit alpha),7.1.2.2,59621,Micromonospora echinospora (Micromonospora purpurea)
GA0070618_3235,A0A1C4XPH9,ATP synthase gamma chain (ATP synthase F1 sector gamma subunit) (F-ATPase gamma subunit),,33262,Micromonospora echinospora (Micromonospora purpurea)
GA0070618_3236,A0A1C4XPF3,ATP synthase subunit beta (EC 7.1.2.2) (ATP synthase F1 sector subunit beta) (F-ATPase subunit beta),7.1.2.2,51988,Micromonospora echinospora (Micromonospora purpurea)
GA0070618_3237,A0A1C4XPB7,"Transcriptional attenuator, LytR family",,40141,Micromonospora echinospora (Micromonospora purpurea)
GA0070618_3238,A0A1C4XPI1,ATP synthase epsilon chain (ATP synthase F1 sector epsilon subunit) (F-ATPase epsilon subunit),,9645,Micromonospora echinospora (Micromonospora purpurea)
GA0070618_3239,A0A1C4XPI7,DUF2550 family protein,,16987,Micromonospora echinospora (Micromonospora purpurea)
GA0070618_3240,A0A1C4XPK5,Peptidase inhibitor family I36,,16194,Micromonospora echinospora (Micromonospora purpurea)
GA0070618_3241,A0A1C4XQR8,"Corrinoid adenosyltransferase (EC 2.5.1.17) (Cob(II)alamin adenosyltransferase) (Cob(II)yrinic acid a,c-diamide adenosyltransferase) (Cobinamide/cobalamin adenosyltransferase)",2.5.1.17,20564,Micromonospora echinospora (Micromonospora purpurea)
GA0070618_3242,A0A1C4XPX2,UDP-N-acetylglucosamine 1-carboxyvinyltransferase (EC 2.5.1.7) (Enoylpyruvate transferase) (UDP-N-acetylglucosamine enolpyruvyl transferase) (EPT),2.5.1.7,49172,Micromonospora echinospora (Micromonospora purpurea)
GA0070618_3243,A0A1C4XPY4,3-hydroxybutyryl-CoA dehydrogenase,,29987,Micromonospora echinospora (Micromonospora purpurea)
GA0070618_3244,A0A1C4XPL0,Transport permease protein,,30786,Micromonospora echinospora (Micromonospora purpurea)
GA0070618_3245,A0A1C4XQ06,ABC-2 type transport system ATP-binding protein,,30124,Micromonospora echinospora (Micromonospora purpurea)
GA0070618_3246,A0A1C4XQ56,DUF1540 domain-containing protein,,10188,Micromonospora echinospora (Micromonospora purpurea)
GA0070618_3247,A0A1C4XQB3,"Peptidoglycan/xylan/chitin deacetylase, PgdA/CDA1 family",,33135,Micromonospora echinospora (Micromonospora purpurea)
GA0070618_3248,A0A1C4ZEN2,Secreted protein,,20709,Micromonospora echinospora (Micromonospora purpurea)
GA0070618_3249,A0A1C4XQ23,DUF4126 domain-containing protein,,20919,Micromonospora echinospora (Micromonospora purpurea)
GA0070618_3250,A0A1C4XPW1,Endonuclease NucS (EC 3.1.-.-),3.1.-.-,25976,Micromonospora echinospora (Micromonospora purpurea)
GA0070618_3251,A0A1C4XQ54,Aldehyde dehydrogenase,,52406,Micromonospora echinospora (Micromonospora purpurea)
GA0070618_3252,A0A1C4XPY9,FHA domain-containing protein,,16692,Micromonospora echinospora (Micromonospora purpurea)
GA0070618_3253,A0A1C4XQB2,3-hydroxybutyryl-CoA dehydrogenase,,62903,Micromonospora echinospora (Micromonospora purpurea)
GA0070618_3254,A0A1C4XRC8,ATP/GTP-binding protein,,12335,Micromonospora echinospora (Micromonospora purpurea)
GA0070618_3255,A0A1C4XQ80,AB hydrolase-1 domain-containing protein,,29033,Micromonospora echinospora (Micromonospora purpurea)
GA0070618_3256,A0A1C4XQ95,Beta-lactamase (EC 3.5.2.6),3.5.2.6,32088,Micromonospora echinospora (Micromonospora purpurea)
GA0070618_3257,A0A1C4XQA2,Chromosome segregation ATPase,,72951,Micromonospora echinospora (Micromonospora purpurea)
GA0070618_3258,A0A1C4XQT7,DivIVA domain-containing protein,,46548,Micromonospora echinospora (Micromonospora purpurea)
GA0070618_3259,A0A1C4XRM0,Methylmalonyl-CoA epimerase,,16511,Micromonospora echinospora (Micromonospora purpurea)
GA0070618_3260,A0A1C4XQI0,Probable acetyl-CoA acetyltransferase (EC 2.3.1.9),2.3.1.9,40690,Micromonospora echinospora (Micromonospora purpurea)
GA0070618_3261,A0A1C4XQX7,LAO/AO transport system kinase,,34212,Micromonospora echinospora (Micromonospora purpurea)
GA0070618_3262,A0A1C4XQG8,"Uncharacterized conserved protein YloU, alkaline shock protein (Asp23) family",,12785,Micromonospora echinospora (Micromonospora purpurea)
GA0070618_3263,A0A1C4XR04,methylmalonyl-CoA mutase (EC 5.4.99.2),5.4.99.2,61601,Micromonospora echinospora (Micromonospora purpurea)
GA0070618_3264,A0A1C4XRS1,Putative thioredoxin,,31422,Micromonospora echinospora (Micromonospora purpurea)
GA0070618_3265,A0A1C4XQL5,Arginase,,37849,Micromonospora echinospora (Micromonospora purpurea)
GA0070618_3266,A0A1C4XRU7,Cell division protein FtsI/penicillin-binding protein 2,,68957,Micromonospora echinospora (Micromonospora purpurea)
GA0070618_3267,A0A1C4XQR5,Glutamate dehydrogenase,,184507,Micromonospora echinospora (Micromonospora purpurea)
GA0070618_3268,A0A1C4XQR6,Sortase family protein,,24868,Micromonospora echinospora (Micromonospora purpurea)
GA0070618_3269,A0A1C4XR87,MYXO-CTERM domain-containing protein,,41692,Micromonospora echinospora (Micromonospora purpurea)
GA0070618_3270,A0A1C4XQS7,Glucanase (EC 3.2.1.-),3.2.1.-,62433,Micromonospora echinospora (Micromonospora purpurea)
GA0070618_3271,A0A1C4XQY2,DUF5709 domain-containing protein,,13097,Micromonospora echinospora (Micromonospora purpurea)
GA0070618_3272,A0A1C4XR34,Uncharacterized protein,,34551,Micromonospora echinospora (Micromonospora purpurea)
GA0070618_3273,A0A1C4XQX2,Secreted protein,,22441,Micromonospora echinospora (Micromonospora purpurea)
GA0070618_3274,A0A1C4XR58,"Two component transcriptional regulator, LuxR family",,23555,Micromonospora echinospora (Micromonospora purpurea)
GA0070618_3275,A0A1C4XR30,"Histidine kinase-, DNA gyrase B-, and HSP90-like ATPase",,68198,Micromonospora echinospora (Micromonospora purpurea)
GA0070618_3276,A0A1C4XR32,Uncharacterized protein,,113195,Micromonospora echinospora (Micromonospora purpurea)
GA0070618_3277,A0A1C4XR64,Uncharacterized protein,,10268,Micromonospora echinospora (Micromonospora purpurea)
GA0070618_3278,A0A1C4XR74,Cupin-like domain-containing protein,,37370,Micromonospora echinospora (Micromonospora purpurea)
GA0070618_3279,A0A1C4XRA0,histidine kinase (EC 2.7.13.3),2.7.13.3,86047,Micromonospora echinospora (Micromonospora purpurea)
GA0070618_3280,A0A1C4XRP1,Roadblock/LAMTOR2 domain-containing protein,,14375,Micromonospora echinospora (Micromonospora purpurea)
GA0070618_3281,A0A1C4XRS2,DUF742 domain-containing protein,,13733,Micromonospora echinospora (Micromonospora purpurea)
GA0070618_3282,A0A1C4XRS3,"Signal recognition particle receptor subunit beta, a GTPase",,21330,Micromonospora echinospora (Micromonospora purpurea)
GA0070618_3283,A0A1C4XRF2,"6-phosphogluconolactonase, cycloisomerase 2 family",,35905,Micromonospora echinospora (Micromonospora purpurea)
GA0070618_3284,A0A1C4XRL5,von Willebrand factor type A domain-containing protein,,59054,Micromonospora echinospora (Micromonospora purpurea)
GA0070618_3285,A0A1C4XRL0,"Undecaprenyl-phosphate galactose phosphotransferase, WbaP/exopolysaccharide biosynthesis polyprenyl glycosylphosphotransferase",,53377,Micromonospora echinospora (Micromonospora purpurea)
GA0070618_3286,A0A1C4XRK0,Stage II sporulation protein E (SpoIIE),,40755,Micromonospora echinospora (Micromonospora purpurea)
GA0070618_3287,A0A1C4XRP3,"DNA-binding transcriptional regulator, MarR family",,22750,Micromonospora echinospora (Micromonospora purpurea)
GA0070618_3288,A0A1C4XRT8,Methanogenic corrinoid protein MtbC1,,34822,Micromonospora echinospora (Micromonospora purpurea)
GA0070618_3289,A0A1C4XRU6,GAF domain-containing protein,,57716,Micromonospora echinospora (Micromonospora purpurea)
GA0070618_3290,A0A1C4XRS9,"Sugar kinase of the NBD/HSP70 family, may contain an N-terminal HTH domain",,41166,Micromonospora echinospora (Micromonospora purpurea)
GA0070618_3291,A0A1C4XRW7,Xylose isomerase (EC 5.3.1.5),5.3.1.5,43127,Micromonospora echinospora (Micromonospora purpurea)
GA0070618_3292,A0A1C4XRZ6,Xylulose kinase (Xylulokinase) (EC 2.7.1.17),2.7.1.17,48987,Micromonospora echinospora (Micromonospora purpurea)
GA0070618_3293,A0A1C4XSB0,ATPase family associated with various cellular activities (AAA),,42239,Micromonospora echinospora (Micromonospora purpurea)
GA0070618_3294,A0A1C4XSC7,Major Facilitator Superfamily protein,,48820,Micromonospora echinospora (Micromonospora purpurea)
GA0070618_3295,A0A1C4XRY5,Alpha-glucosidase,,60977,Micromonospora echinospora (Micromonospora purpurea)
GA0070618_3296,A0A1C4XS87,"Transcriptional regulator, LacI family",,36064,Micromonospora echinospora (Micromonospora purpurea)
GA0070618_3297,A0A1C4XS48,"Carbohydrate ABC transporter membrane protein 2, CUT1 family",,35147,Micromonospora echinospora (Micromonospora purpurea)
GA0070618_3298,A0A1C4XS74,"Carbohydrate ABC transporter membrane protein 1, CUT1 family",,38666,Micromonospora echinospora (Micromonospora purpurea)
GA0070618_3299,A0A1C4XTA1,"Carbohydrate ABC transporter substrate-binding protein, CUT1 family",,48431,Micromonospora echinospora (Micromonospora purpurea)
GA0070618_3300,A0A1C4XS95,Peptidase family M23,,26715,Micromonospora echinospora (Micromonospora purpurea)
GA0070618_3301,A0A1C4XSB6,TspO and MBR related proteins,,17701,Micromonospora echinospora (Micromonospora purpurea)
GA0070618_3302,A0A1C4XSB1,Uncharacterized protein,,5032,Micromonospora echinospora (Micromonospora purpurea)
GA0070618_3303,A0A1C4XSP6,Predicted phosphoesterase,,25240,Micromonospora echinospora (Micromonospora purpurea)
GA0070618_3304,A0A1C4XTG8,BON domain-containing protein,,10138,Micromonospora echinospora (Micromonospora purpurea)
GA0070618_3305,A0A1C4XSF1,Uncharacterized nucleotidyltransferase,,21652,Micromonospora echinospora (Micromonospora purpurea)
GA0070618_3306,A0A1C4XSG1,Thymidylate kinase (EC 2.7.4.9) (dTMP kinase),2.7.4.9,26285,Micromonospora echinospora (Micromonospora purpurea)
GA0070618_3307,A0A1C4XSL7,"NAD(P)-dependent dehydrogenase, short-chain alcohol dehydrogenase family",,22401,Micromonospora echinospora (Micromonospora purpurea)
GA0070618_3308,A0A1C4XSV6,Nucleoside-diphosphate-sugar epimerase,,35355,Micromonospora echinospora (Micromonospora purpurea)
GA0070618_3309,A0A1C4XSG6,"Transcriptional regulator, RpiR family",,33758,Micromonospora echinospora (Micromonospora purpurea)
GA0070618_3310,A0A1C4XSJ5,N-acetylmuramic acid 6-phosphate etherase (MurNAc-6-P etherase) (EC 4.2.1.126) (N-acetylmuramic acid 6-phosphate hydrolase) (N-acetylmuramic acid 6-phosphate lyase),4.2.1.126,32387,Micromonospora echinospora (Micromonospora purpurea)
GA0070618_3311,A0A1C4XSN8,"RNA polymerase sigma factor, sigma-70 family",,37304,Micromonospora echinospora (Micromonospora purpurea)
GA0070618_3312,A0A1C4XSP7,"Cell wall-associated hydrolase, NlpC family",,35181,Micromonospora echinospora (Micromonospora purpurea)
GA0070618_3313,A0A1C4XSN9,Integral membrane protein,,11972,Micromonospora echinospora (Micromonospora purpurea)
GA0070618_3314,A0A1C4XSP5,DNA-binding transcriptional regulator of glucitol operon,,18760,Micromonospora echinospora (Micromonospora purpurea)
GA0070618_3315,A0A1C4XSS1,Uncharacterized protein,,12569,Micromonospora echinospora (Micromonospora purpurea)
GA0070618_3316,A0A1C4XSS3,Polyketide cyclase / dehydrase and lipid transport,,11716,Micromonospora echinospora (Micromonospora purpurea)
GA0070618_3317,A0A1C4XTZ1,DUF1360 domain-containing protein,,18894,Micromonospora echinospora (Micromonospora purpurea)
GA0070618_3318,A0A1C4XSX0,Uncharacterized protein,,7201,Micromonospora echinospora (Micromonospora purpurea)
GA0070618_3319,A0A1C4XT07,Uncharacterized protein,,7413,Micromonospora echinospora (Micromonospora purpurea)
GA0070618_3320,A0A1C4XT31,Phospho-2-dehydro-3-deoxyheptonate aldolase (EC 2.5.1.54),2.5.1.54,39512,Micromonospora echinospora (Micromonospora purpurea)
GA0070618_3321,A0A1C4XTD8,Uncharacterized protein,,8013,Micromonospora echinospora (Micromonospora purpurea)
GA0070618_3322,A0A1C4XT71,Predicted Zn-dependent peptidase,,46759,Micromonospora echinospora (Micromonospora purpurea)
GA0070618_3323,A0A1C4XT95,Predicted Zn-dependent peptidase,,47085,Micromonospora echinospora (Micromonospora purpurea)
GA0070618_3324,A0A1C4XUC1,Aspartate-semialdehyde dehydrogenase (ASA dehydrogenase) (ASADH) (EC 1.2.1.11) (Aspartate-beta-semialdehyde dehydrogenase),1.2.1.11,35289,Micromonospora echinospora (Micromonospora purpurea)
GA0070618_3325,A0A1C4XT88,PPOX class probable F420-dependent enzyme,,16339,Micromonospora echinospora (Micromonospora purpurea)
GA0070618_3326,A0A1C4XTK6,CBS domain-containing protein,,14004,Micromonospora echinospora (Micromonospora purpurea)
GA0070618_3327,A0A1C4XT98,SCP-2 sterol transfer family protein,,13675,Micromonospora echinospora (Micromonospora purpurea)
GA0070618_3328,A0A1C4XTD6,"Glycogen debranching enzyme (Alpha-1,6-glucosidase)",,77952,Micromonospora echinospora (Micromonospora purpurea)
GA0070618_3329,A0A1C4XTE9,1-acyl-sn-glycerol-3-phosphate acyltransferases,,27234,Micromonospora echinospora (Micromonospora purpurea)
GA0070618_3330,A0A1C4XTD9,Uncharacterized protein,,26278,Micromonospora echinospora (Micromonospora purpurea)
GA0070618_3331,A0A1C4XTH3,"Two component transcriptional regulator, LuxR family",,25435,Micromonospora echinospora (Micromonospora purpurea)
GA0070618_3332,A0A1C4XTN7,Signal transduction histidine kinase,,42326,Micromonospora echinospora (Micromonospora purpurea)
GA0070618_3333,A0A1C4XTQ6,Signal transduction histidine kinase,,42186,Micromonospora echinospora (Micromonospora purpurea)
GA0070618_3334,A0A1C4XU31,Uncharacterized protein,,11680,Micromonospora echinospora (Micromonospora purpurea)
GA0070618_3335,A0A1C4XU41,Membrane protein insertion efficiency factor,,14514,Micromonospora echinospora (Micromonospora purpurea)
GA0070618_3336,A0A1C4XTP3,Peptidase family M23,,18213,Micromonospora echinospora (Micromonospora purpurea)
GA0070618_3337,A0A1C4XTR6,NlpC/P60 family protein,,31706,Micromonospora echinospora (Micromonospora purpurea)
GA0070618_3338,A0A1C4XTU7,DUF4352 domain-containing protein,,21170,Micromonospora echinospora (Micromonospora purpurea)
GA0070618_3339,A0A1C4XUY8,Carbohydrate binding domain,,50136,Micromonospora echinospora (Micromonospora purpurea)
GA0070618_3340,A0A1C4XTZ3,Uncharacterized protein,,15512,Micromonospora echinospora (Micromonospora purpurea)
GA0070618_3341,A0A1C4XU03,Uncharacterized protein,,38648,Micromonospora echinospora (Micromonospora purpurea)
GA0070618_3342,A0A1C4XU13,"Transcriptional regulator, TetR family",,22843,Micromonospora echinospora (Micromonospora purpurea)
GA0070618_3344,A0A1C4XV36,"Lysophospholipase, alpha-beta hydrolase superfamily",,35855,Micromonospora echinospora (Micromonospora purpurea)
GA0070618_3345,A0A1C4XU92,Sigma 54 modulation protein / S30EA ribosomal protein,,15407,Micromonospora echinospora (Micromonospora purpurea)
GA0070618_3346,A0A1C4XU51,Single-stranded DNA-binding protein,,33265,Micromonospora echinospora (Micromonospora purpurea)
GA0070618_3347,A0A1C4XU48,Cobalamin biosynthesis protein CobD,,39968,Micromonospora echinospora (Micromonospora purpurea)
GA0070618_3348,A0A1C4XU32,Cobyric acid synthase,,54007,Micromonospora echinospora (Micromonospora purpurea)
GA0070618_3349,A0A1C4XUC5,DUF3558 domain-containing protein,,21489,Micromonospora echinospora (Micromonospora purpurea)
GA0070618_3350,A0A1C4XUD4,Rhodanese-related sulfurtransferase,,14455,Micromonospora echinospora (Micromonospora purpurea)
GA0070618_3351,A0A1C4XUA0,AAA domain,,23507,Micromonospora echinospora (Micromonospora purpurea)
GA0070618_3352,A0A1C4XUM2,Acetylornithine deacetylase/Succinyl-diaminopimelate desuccinylase,,48433,Micromonospora echinospora (Micromonospora purpurea)
GA0070618_3353,A0A1C4XU93,Uncharacterized protein,,7248,Micromonospora echinospora (Micromonospora purpurea)
GA0070618_3354,A0A1C4XUD7,Probable DNA ligase (EC 6.5.1.1) (Polydeoxyribonucleotide synthase [ATP]),6.5.1.1,54937,Micromonospora echinospora (Micromonospora purpurea)
GA0070618_3355,A0A1C4XVG1,SURF1-like protein,,31207,Micromonospora echinospora (Micromonospora purpurea)
GA0070618_3356,A0A1C4XUF6,"Cobyrinic acid a,c-diamide synthase",,49215,Micromonospora echinospora (Micromonospora purpurea)
GA0070618_3357,A0A1C4XVJ0,"Protein N-acetyltransferase, RimJ/RimL family",,21044,Micromonospora echinospora (Micromonospora purpurea)
GA0070618_3358,A0A1C4XUJ0,Membrane carboxypeptidase (Penicillin-binding protein),,76406,Micromonospora echinospora (Micromonospora purpurea)
GA0070618_3359,A0A1C4XUH0,Aminotransferase (EC 2.6.1.-),2.6.1.-,37950,Micromonospora echinospora (Micromonospora purpurea)
GA0070618_3360,A0A1C4XVM4,Nicotinate-nucleotide--dimethylbenzimidazole phosphoribosyltransferase (NN:DBI PRT) (EC 2.4.2.21) (N(1)-alpha-phosphoribosyltransferase),2.4.2.21,35609,Micromonospora echinospora (Micromonospora purpurea)
GA0070618_3361,A0A1C4XUZ6,Uroporphyrinogen-III C-methyltransferase,,42227,Micromonospora echinospora (Micromonospora purpurea)
GA0070618_3362,A0A1C4XUK9,Trehalose 6-phosphatase,,94406,Micromonospora echinospora (Micromonospora purpurea)
GA0070618_3363,A0A1C4XV26,Trehalose 6-phosphate synthase,,52174,Micromonospora echinospora (Micromonospora purpurea)
GA0070618_3364,A0A1C4XVS8,Energy-dependent translational throttle protein EttA (EC 3.6.1.-) (Translational regulatory factor EttA),3.6.1.-,65261,Micromonospora echinospora (Micromonospora purpurea)
GA0070618_3365,A0A1C4XUP5,Acyl-CoA thioester hydrolase,,17072,Micromonospora echinospora (Micromonospora purpurea)
GA0070618_3366,A0A1C4XV81,Uncharacterized protein,,24139,Micromonospora echinospora (Micromonospora purpurea)
GA0070618_3367,A0A1C4XUU3,Putative sensory transduction regulator,,21363,Micromonospora echinospora (Micromonospora purpurea)
GA0070618_3368,A0A1C4XUV8,Hemoglobin,,15903,Micromonospora echinospora (Micromonospora purpurea)
GA0070618_3369,A0A1C4XUW5,MFS transporter,,48159,Micromonospora echinospora (Micromonospora purpurea)
GA0070618_3370,A0A1C4XUY5,Small conductance mechanosensitive channel,,36306,Micromonospora echinospora (Micromonospora purpurea)
GA0070618_3371,A0A1C4XVG9,5-methylcytosine-specific restriction endonuclease McrA,,20096,Micromonospora echinospora (Micromonospora purpurea)
GA0070618_3372,A0A1C4XV70,Sortase family protein,,37365,Micromonospora echinospora (Micromonospora purpurea)
GA0070618_3373,A0A1C4XV73,Neocarzinostatin family protein,,19500,Micromonospora echinospora (Micromonospora purpurea)
GA0070618_3374,A0A1C4XV94,"Transcriptional regulator, AsnC family",,17695,Micromonospora echinospora (Micromonospora purpurea)
GA0070618_3375,A0A1C4XV65,"Tryptophan 2,3-dioxygenase (TDO) (EC 1.13.11.11) (Tryptamin 2,3-dioxygenase) (Tryptophan oxygenase) (TO) (TRPO) (Tryptophan pyrrolase) (Tryptophanase)",1.13.11.11,33856,Micromonospora echinospora (Micromonospora purpurea)
GA0070618_3376,A0A1C4XVF2,Amidase,,49926,Micromonospora echinospora (Micromonospora purpurea)
GA0070618_3377,A0A1C4XVC9,Uncharacterized protein,,10207,Micromonospora echinospora (Micromonospora purpurea)
GA0070618_3378,A0A1C4XVU7,"TLP18.3, Psb32 and MOLO-1 founding protein of phosphatase",,14393,Micromonospora echinospora (Micromonospora purpurea)
GA0070618_3379,A0A1C4XVI6,Aminopeptidase N (EC 3.4.11.2) (Alanine aminopeptidase) (Lysyl aminopeptidase),3.4.11.2,94398,Micromonospora echinospora (Micromonospora purpurea)
GA0070618_3380,A0A1C4XVR9,DSBA-like thioredoxin domain-containing protein,,25039,Micromonospora echinospora (Micromonospora purpurea)
GA0070618_3381,A0A1C4XVT5,Uncharacterized protein,,7856,Micromonospora echinospora (Micromonospora purpurea)
GA0070618_3382,A0A1C4XVR5,"Uncharacterized conserved protein, DUF1015 family",,42167,Micromonospora echinospora (Micromonospora purpurea)
GA0070618_3383,A0A1C4XVT7,Ribose-5-phosphate isomerase B (EC 5.3.1.6) (Phosphoriboisomerase B),5.3.1.6,16463,Micromonospora echinospora (Micromonospora purpurea)
GA0070618_3384,A0A1C4XVV6,Uncharacterized protein,,11757,Micromonospora echinospora (Micromonospora purpurea)
GA0070618_3385,A0A1C4XVU5,Uncharacterized protein,,19527,Micromonospora echinospora (Micromonospora purpurea)
GA0070618_3386,A0A1C4XVT8,ATP-dependent DNA helicase RecG,,71787,Micromonospora echinospora (Micromonospora purpurea)
GA0070618_3387,A0A1C4XWC5,Trypsin,,27464,Micromonospora echinospora (Micromonospora purpurea)
GA0070618_3388,A0A1C4XVW1,Uncharacterized protein,,6217,Micromonospora echinospora (Micromonospora purpurea)
GA0070618_3389,A0A1C4XVX6,Amino acid adenylation domain-containing protein/thioester reductase domain-containing protein,,129144,Micromonospora echinospora (Micromonospora purpurea)
GA0070618_3390,A0A1C4XWG8,Predicted oxidoreductase,,37304,Micromonospora echinospora (Micromonospora purpurea)
GA0070618_3391,A0A1C4XW71,Sulfotransferase family protein,,27682,Micromonospora echinospora (Micromonospora purpurea)
GA0070618_3392,A0A1C4XW46,"Phage major capsid protein, HK97 family",,30701,Micromonospora echinospora (Micromonospora purpurea)
GA0070618_3393,A0A1C4XWA2,"Predicted arabinose efflux permease, MFS family",,38757,Micromonospora echinospora (Micromonospora purpurea)
GA0070618_3394,A0A1C4XW73,Glycine/D-amino acid oxidase,,38390,Micromonospora echinospora (Micromonospora purpurea)
GA0070618_3395,A0A1C4XW67,Peptidase inhibitor I9,,41846,Micromonospora echinospora (Micromonospora purpurea)
GA0070618_3396,A0A1C4XW66,Peptidase inhibitor I9,,41611,Micromonospora echinospora (Micromonospora purpurea)
GA0070618_3397,A0A1C4XWH3,HEAT repeat protein,,52693,Micromonospora echinospora (Micromonospora purpurea)
GA0070618_3398,A0A1C4XWC4,Lipoprotein,,16033,Micromonospora echinospora (Micromonospora purpurea)
GA0070618_3399,A0A1C4XWA3,Lipoprotein,,21240,Micromonospora echinospora (Micromonospora purpurea)
GA0070618_3400,A0A1C4XWF9,Methyltransferase domain-containing protein,,23078,Micromonospora echinospora (Micromonospora purpurea)
GA0070618_3401,A0A1C4XWG2,Cysteine-rich CPCC,,11433,Micromonospora echinospora (Micromonospora purpurea)
GA0070618_3402,A0A1C4XWD7,Enterochelin esterase,,31065,Micromonospora echinospora (Micromonospora purpurea)
GA0070618_3403,A0A1C4XWJ0,NUDIX domain-containing protein,,17014,Micromonospora echinospora (Micromonospora purpurea)
GA0070618_3404,A0A1C4XWR2,Helix-turn-helix domain-containing protein,,44218,Micromonospora echinospora (Micromonospora purpurea)
GA0070618_3405,A0A1C4XWM0,Uncharacterized protein,,10080,Micromonospora echinospora (Micromonospora purpurea)
GA0070618_3406,A0A1C4XWM2,Uncharacterized protein,,8911,Micromonospora echinospora (Micromonospora purpurea)
GA0070618_3409,A0A1C4XWN8,Trigger factor (TF) (EC 5.2.1.8) (PPIase),5.2.1.8,49028,Micromonospora echinospora (Micromonospora purpurea)
GA0070618_3410,A0A1C4XXS0,ATP-dependent Clp protease proteolytic subunit (EC 3.4.21.92) (Endopeptidase Clp),3.4.21.92,23294,Micromonospora echinospora (Micromonospora purpurea)
GA0070618_3411,A0A1C4XWT5,ATP-dependent Clp protease proteolytic subunit (EC 3.4.21.92) (Endopeptidase Clp),3.4.21.92,24348,Micromonospora echinospora (Micromonospora purpurea)
GA0070618_3412,A0A1C4XWX6,ATP-dependent Clp protease ATP-binding subunit ClpX,,47057,Micromonospora echinospora (Micromonospora purpurea)
GA0070618_3413,A0A1C4XWU5,Predicted amidohydrolase,,30968,Micromonospora echinospora (Micromonospora purpurea)
GA0070618_3414,A0A1C4XWU1,Uncharacterized protein,,7945,Micromonospora echinospora (Micromonospora purpurea)
GA0070618_3418,A0A1C4XWZ3,Uncharacterized protein,,24588,Micromonospora echinospora (Micromonospora purpurea)
GA0070618_3419,A0A1C4XX13,Valine--tRNA ligase (EC 6.1.1.9) (Valyl-tRNA synthetase) (ValRS),6.1.1.9,97029,Micromonospora echinospora (Micromonospora purpurea)
GA0070618_3420,A0A1C4XX81,tetrahydrofolate synthase (EC 6.3.2.17) (Tetrahydrofolylpolyglutamate synthase),6.3.2.17,47720,Micromonospora echinospora (Micromonospora purpurea)
GA0070618_3421,A0A1C4XX68,DUF4233 domain-containing protein,,16045,Micromonospora echinospora (Micromonospora purpurea)
GA0070618_3422,A0A1C4XX79,Glyoxalase-like domain-containing protein,,62937,Micromonospora echinospora (Micromonospora purpurea)
GA0070618_3423,A0A1C4XX97,Nucleoside diphosphate kinase (NDK) (NDP kinase) (EC 2.7.4.6) (Nucleoside-2-P kinase),2.7.4.6,15323,Micromonospora echinospora (Micromonospora purpurea)
GA0070618_3424,A0A1C4XXA9,Alkylhydroperoxidase AhpD family core domain-containing protein,,16232,Micromonospora echinospora (Micromonospora purpurea)
GA0070618_3425,A0A1C4XYD2,Isoleucine--tRNA ligase (EC 6.1.1.5) (Isoleucyl-tRNA synthetase) (IleRS),6.1.1.5,117114,Micromonospora echinospora (Micromonospora purpurea)
GA0070618_3426,A0A1C4XXR1,1-acyl-sn-glycerol-3-phosphate acyltransferase,,24034,Micromonospora echinospora (Micromonospora purpurea)
GA0070618_3427,A0A1C4XXE8,Uncharacterized protein,,59747,Micromonospora echinospora (Micromonospora purpurea)
GA0070618_3428,A0A1C4XXI0,Radical SAM family uncharacterized protein,,75846,Micromonospora echinospora (Micromonospora purpurea)
GA0070618_3429,A0A1C4XXM5,Radical SAM-linked protein,,28808,Micromonospora echinospora (Micromonospora purpurea)
GA0070618_3430,A0A1C4XXL0,Ribonuclease E,,106502,Micromonospora echinospora (Micromonospora purpurea)
GA0070618_3431,A0A1C4XXQ4,Large ribosomal subunit protein bL21,,11019,Micromonospora echinospora (Micromonospora purpurea)
GA0070618_3432,A0A1C4XY05,Large ribosomal subunit protein bL27,,8820,Micromonospora echinospora (Micromonospora purpurea)
GA0070618_3433,A0A1C4XXM2,GTPase Obg (EC 3.6.5.-) (GTP-binding protein Obg),3.6.5.-,52716,Micromonospora echinospora (Micromonospora purpurea)
GA0070618_3434,A0A1C4XXU2,Acetyltransferase (GNAT) family protein,,15607,Micromonospora echinospora (Micromonospora purpurea)
GA0070618_3435,A0A1C4XY48,Uncharacterized protein,,30215,Micromonospora echinospora (Micromonospora purpurea)
GA0070618_3436,A0A1C4XXW9,"Putative Holin-X, holin superfamily III",,17894,Micromonospora echinospora (Micromonospora purpurea)
GA0070618_3437,A0A1C4XXW7,DUF3618 domain-containing protein,,24074,Micromonospora echinospora (Micromonospora purpurea)
GA0070618_3438,A0A1C4XYW9,Glycosyltransferase like family 2,,37335,Micromonospora echinospora (Micromonospora purpurea)
GA0070618_3439,A0A1C4XXY3,Methyltransferase domain-containing protein,,26602,Micromonospora echinospora (Micromonospora purpurea)
GA0070618_3440,A0A1C4XXY1,Polyketide cyclase / dehydrase and lipid transport,,23762,Micromonospora echinospora (Micromonospora purpurea)
GA0070618_3441,A0A1C4XYD5,Threonine dehydrogenase,,41737,Micromonospora echinospora (Micromonospora purpurea)
GA0070618_3442,A0A1C4XY45,Fatty-acid peroxygenase,,47069,Micromonospora echinospora (Micromonospora purpurea)
GA0070618_3443,A0A1C4XYG6,Uncharacterized protein,,12333,Micromonospora echinospora (Micromonospora purpurea)
GA0070618_3444,A0A1C4XY67,DUF397 domain-containing protein,,7801,Micromonospora echinospora (Micromonospora purpurea)
GA0070618_3445,A0A1C4XY92,Aminopeptidase N (EC 3.4.11.2) (Alanine aminopeptidase) (Lysyl aminopeptidase),3.4.11.2,90650,Micromonospora echinospora (Micromonospora purpurea)
GA0070618_3446,A0A1C4XY86,L-threonine ammonia-lyase,,34402,Micromonospora echinospora (Micromonospora purpurea)
GA0070618_3447,A0A1C4XYC4,Probable nicotinate-nucleotide adenylyltransferase (EC 2.7.7.18) (Deamido-NAD(+) diphosphorylase) (Deamido-NAD(+) pyrophosphorylase) (Nicotinate mononucleotide adenylyltransferase) (NaMN adenylyltransferase),2.7.7.18,23089,Micromonospora echinospora (Micromonospora purpurea)
GA0070618_3448,A0A1C4XYE7,Ribosomal silencing factor RsfS,,15073,Micromonospora echinospora (Micromonospora purpurea)
GA0070618_3449,A0A1C4XYC7,Probable phosphoglycerate mutase,,23445,Micromonospora echinospora (Micromonospora purpurea)
GA0070618_3450,A0A1C4XYH7,"EDD domain protein, DegV family",,29750,Micromonospora echinospora (Micromonospora purpurea)
GA0070618_3451,A0A1C4XYI3,Competence protein ComEA,,28643,Micromonospora echinospora (Micromonospora purpurea)
GA0070618_3452,A0A1C4XYL5,Competence protein ComEC,,81086,Micromonospora echinospora (Micromonospora purpurea)
GA0070618_3453,A0A1C4XYM4,"DNA polymerase III, delta subunit",,34004,Micromonospora echinospora (Micromonospora purpurea)
GA0070618_3454,A0A1C4XYP0,Uncharacterized protein,,19846,Micromonospora echinospora (Micromonospora purpurea)
GA0070618_3455,A0A1C4XYL7,Small ribosomal subunit protein bS20,,9777,Micromonospora echinospora (Micromonospora purpurea)
GA0070618_3456,A0A1C4XYQ7,"Predicted kinase, aminoglycoside phosphotransferase (APT) family",,35538,Micromonospora echinospora (Micromonospora purpurea)
GA0070618_3457,A0A1C4XZR7,DUF4240 domain-containing protein,,21947,Micromonospora echinospora (Micromonospora purpurea)
GA0070618_3458,A0A1C4XYR5,DUF4240 domain-containing protein,,19740,Micromonospora echinospora (Micromonospora purpurea)
GA0070618_3459,A0A1C4XYU4,Elongation factor 4 (EF-4) (EC 3.6.5.n1) (Ribosomal back-translocase LepA),3.6.5.n1,68657,Micromonospora echinospora (Micromonospora purpurea)
GA0070618_3460,A0A1C4XZ58,Membrane protein YeaQ/YmgE (Transglycosylase-associated protein family),,9902,Micromonospora echinospora (Micromonospora purpurea)
GA0070618_3461,A0A1C4XZ68,"Carbohydrate ABC transporter substrate-binding protein, CUT1 family",,46265,Micromonospora echinospora (Micromonospora purpurea)
GA0070618_3462,A0A1C4XZX2,"N,N'-diacetylchitobiose transport system permease protein",,36695,Micromonospora echinospora (Micromonospora purpurea)
GA0070618_3463,A0A1C4XYZ3,"Carbohydrate ABC transporter membrane protein 2, CUT1 family",,30722,Micromonospora echinospora (Micromonospora purpurea)
GA0070618_3464,A0A1C4XYX7,Uncharacterized protein,,27868,Micromonospora echinospora (Micromonospora purpurea)
GA0070618_3465,A0A1C4XYY8,PucR C-terminal helix-turn-helix domain-containing protein,,39458,Micromonospora echinospora (Micromonospora purpurea)
GA0070618_3466,A0A1C4XZC4,ABC-2 type transport system permease protein,,27410,Micromonospora echinospora (Micromonospora purpurea)
GA0070618_3467,A0A1C4XZ25,ABC-2 type transport system ATP-binding protein,,34072,Micromonospora echinospora (Micromonospora purpurea)
GA0070618_3468,A0A1C4XZ38,MOSC domain-containing protein YiiM,,23190,Micromonospora echinospora (Micromonospora purpurea)
GA0070618_3469,A0A1C4XZ42,"Ectoine hydroxylase-related dioxygenase, phytanoyl-CoA dioxygenase (PhyH) family",,34846,Micromonospora echinospora (Micromonospora purpurea)
GA0070618_3470,A0A1C4XZ80,Uncharacterized protein,,30962,Micromonospora echinospora (Micromonospora purpurea)
GA0070618_3471,A0A1C4XZ86,Methylglutaconyl-CoA hydratase,,27237,Micromonospora echinospora (Micromonospora purpurea)
GA0070618_3472,A0A1C4XZ92,Heme chaperone HemW,,42641,Micromonospora echinospora (Micromonospora purpurea)
GA0070618_3473,A0A1C4Y0C2,"Uncharacterized conserved protein, Tic20 family",,33832,Micromonospora echinospora (Micromonospora purpurea)
GA0070618_3474,A0A1C4XZE9,Heat-inducible transcription repressor HrcA,,37103,Micromonospora echinospora (Micromonospora purpurea)
GA0070618_3475,A0A1C4XZF3,Chaperone protein DnaJ,,41045,Micromonospora echinospora (Micromonospora purpurea)
GA0070618_3476,A0A1C4XZS2,Ribosomal RNA small subunit methyltransferase E (EC 2.1.1.193),2.1.1.193,25268,Micromonospora echinospora (Micromonospora purpurea)
GA0070618_3477,A0A1C4XZH7,ADP/GDP-polyphosphate phosphotransferase (EC 2.7.4.-) (Polyphosphate kinase PPK2),2.7.4.-,35406,Micromonospora echinospora (Micromonospora purpurea)
GA0070618_3478,A0A1C4XZM8,"NAD(P)-dependent dehydrogenase, short-chain alcohol dehydrogenase family",,26703,Micromonospora echinospora (Micromonospora purpurea)
GA0070618_3479,A0A1C4XZK3,Histidine triad (HIT) family protein,,13699,Micromonospora echinospora (Micromonospora purpurea)
GA0070618_3480,A0A1C4XZQ9,"CubicO group peptidase, beta-lactamase class C family",,49931,Micromonospora echinospora (Micromonospora purpurea)
GA0070618_3481,A0A1C4XZN3,Extracellular small neutral protease (EC 3.4.24.77) (Snapalysin),3.4.24.77,19334,Micromonospora echinospora (Micromonospora purpurea)
GA0070618_3482,A0A1C4XZN5,PhoH-like protein,,38390,Micromonospora echinospora (Micromonospora purpurea)
GA0070618_3483,A0A1C4XZU8,Endoribonuclease YbeY (EC 3.1.-.-),3.1.-.-,16612,Micromonospora echinospora (Micromonospora purpurea)
GA0070618_3484,A0A1C4XZU4,"Hemolysin, contains CBS domains",,49204,Micromonospora echinospora (Micromonospora purpurea)
GA0070618_3485,A0A1C4Y0S0,Cytidine deaminase,,12190,Micromonospora echinospora (Micromonospora purpurea)
GA0070618_3486,A0A1C4XZV3,GTPase Era,,36464,Micromonospora echinospora (Micromonospora purpurea)
GA0070618_3487,A0A1C4XZV1,"Peptidoglycan/LPS O-acetylase OafA/YrhL, contains acyltransferase and SGNH-hydrolase domains",,44675,Micromonospora echinospora (Micromonospora purpurea)
GA0070618_3488,A0A1C4Y0V9,DNA repair protein RecO (Recombination protein O),,28378,Micromonospora echinospora (Micromonospora purpurea)
GA0070618_3489,A0A1C4Y015,Isoprenyl transferase (EC 2.5.1.-),2.5.1.-,30024,Micromonospora echinospora (Micromonospora purpurea)
GA0070618_3490,A0A1C4Y027,Secreted protein,,7052,Micromonospora echinospora (Micromonospora purpurea)
GA0070618_3491,A0A1C4Y0Z9,LPXTG-motif cell wall anchor domain-containing protein,,21640,Micromonospora echinospora (Micromonospora purpurea)
GA0070618_3492,A0A1C4Y0E9,Sortase family protein,,17541,Micromonospora echinospora (Micromonospora purpurea)
GA0070618_3493,A0A1C4Y125,Uncharacterized protein,,8096,Micromonospora echinospora (Micromonospora purpurea)
GA0070618_3494,A0A1C4Y091,Energy-coupling factor transport system permease protein,,27559,Micromonospora echinospora (Micromonospora purpurea)
GA0070618_3495,A0A1C4Y067,Energy-coupling factor transport system ATP-binding protein,,51550,Micromonospora echinospora (Micromonospora purpurea)
GA0070618_3496,A0A1C4Y170,Energy-coupling factor transport system substrate-specific component,,20713,Micromonospora echinospora (Micromonospora purpurea)
GA0070618_3497,A0A1C4Y099,Permease,,38657,Micromonospora echinospora (Micromonospora purpurea)
GA0070618_3498,A0A1C4Y0A6,TIGR03943 family protein,,26250,Micromonospora echinospora (Micromonospora purpurea)
GA0070618_3499,A0A1C4Y0F6,Pimeloyl-ACP methyl ester carboxylesterase,,29457,Micromonospora echinospora (Micromonospora purpurea)
GA0070618_3500,A0A1C4Y0Q5,Amine oxidase,,18671,Micromonospora echinospora (Micromonospora purpurea)
GA0070618_3501,A0A1C4Y0G0,Acyl-coenzyme A dehydrogenase (EC 1.3.8.7) (EC 1.3.8.8),1.3.8.7; 1.3.8.8,71263,Micromonospora echinospora (Micromonospora purpurea)
GA0070618_3502,A0A1C4Y0M5,Uncharacterized protein,,6091,Micromonospora echinospora (Micromonospora purpurea)
GA0070618_3503,A0A1C4Y0J9,Uncharacterized protein,,23563,Micromonospora echinospora (Micromonospora purpurea)
GA0070618_3504,A0A1C4Y0K6,"Zinc uptake regulator, Fur family",,14451,Micromonospora echinospora (Micromonospora purpurea)
GA0070618_3505,A0A1C4Y0N8,"Transcriptional regulator, ArsR family",,10485,Micromonospora echinospora (Micromonospora purpurea)
GA0070618_3506,A0A1C4Y111,Zinc transport system permease protein,,29391,Micromonospora echinospora (Micromonospora purpurea)
GA0070618_3507,A0A1C4Y0R9,Zinc transport system ATP-binding protein,,26012,Micromonospora echinospora (Micromonospora purpurea)
GA0070618_3508,A0A1C4Y0T2,Zinc transport system substrate-binding protein,,35036,Micromonospora echinospora (Micromonospora purpurea)
GA0070618_3509,A0A1C4Y0W1,Uncharacterized protein,,9034,Micromonospora echinospora (Micromonospora purpurea)
GA0070618_3510,A0A1C4Y0V2,Antibiotic biosynthesis monooxygenase,,12144,Micromonospora echinospora (Micromonospora purpurea)
GA0070618_3511,A0A1C4Y0Z6,DUF3887 domain-containing protein,,14033,Micromonospora echinospora (Micromonospora purpurea)
GA0070618_3512,A0A1C4Y105,Glycine--tRNA ligase (EC 6.1.1.14) (Glycyl-tRNA synthetase) (GlyRS),6.1.1.14,52554,Micromonospora echinospora (Micromonospora purpurea)
GA0070618_3513,A0A1C4Y123,"Transcriptional regulator, AbiEi antitoxin, Type IV TA system",,35657,Micromonospora echinospora (Micromonospora purpurea)
GA0070618_3514,A0A1C4Y133,tRNA-dihydrouridine synthase (EC 1.3.1.-),1.3.1.-,41234,Micromonospora echinospora (Micromonospora purpurea)
GA0070618_3515,A0A1C4Y152,Predicted ATPase,,100908,Micromonospora echinospora (Micromonospora purpurea)
GA0070618_3516,A0A1C4Y150,"DNA-binding response regulator, NarL/FixJ family, contains REC and HTH domains",,32152,Micromonospora echinospora (Micromonospora purpurea)
GA0070618_3517,A0A1C4Y251,beta-N-acetylhexosaminidase (EC 3.2.1.52),3.2.1.52,60431,Micromonospora echinospora (Micromonospora purpurea)
GA0070618_3518,A0A1C4Y278,"Pyruvate, phosphate dikinase (EC 2.7.9.1)",2.7.9.1,98962,Micromonospora echinospora (Micromonospora purpurea)
GA0070618_3519,A0A1C4Y1D0,Roadblock/LAMTOR2 domain-containing protein,,17529,Micromonospora echinospora (Micromonospora purpurea)
GA0070618_3520,A0A1C4Y1B4,Glyoxalase-like domain-containing protein,,13451,Micromonospora echinospora (Micromonospora purpurea)
GA0070618_3521,A0A1C4Y2D4,Deoxyguanosinetriphosphate triphosphohydrolase-like protein,,44999,Micromonospora echinospora (Micromonospora purpurea)
GA0070618_3522,A0A1C4Y1F2,"NADPH-dependent ferric siderophore reductase, contains FAD-binding and SIP domains",,30604,Micromonospora echinospora (Micromonospora purpurea)
GA0070618_3523,A0A1C4Y1H7,Glycerophosphoryl diester phosphodiesterase,,65055,Micromonospora echinospora (Micromonospora purpurea)
GA0070618_3524,A0A1C4Y1L1,Uncharacterized protein,,23572,Micromonospora echinospora (Micromonospora purpurea)
GA0070618_3525,A0A1C4Y1Y6,Choline/carnitine/betaine transport,,57038,Micromonospora echinospora (Micromonospora purpurea)
GA0070618_3526,A0A1C4Y1P8,DNA primase (EC 2.7.7.101),2.7.7.101,67393,Micromonospora echinospora (Micromonospora purpurea)
GA0070618_3527,A0A1C4Y1R7,Uncharacterized protein,,19188,Micromonospora echinospora (Micromonospora purpurea)
GA0070618_3528,A0A1C4Y1V9,Lipooligosaccharide transport system ATP-binding protein,,34045,Micromonospora echinospora (Micromonospora purpurea)
GA0070618_3529,A0A1C4Y1X2,Transport permease protein,,28764,Micromonospora echinospora (Micromonospora purpurea)
GA0070618_3530,A0A1C4Y1Z4,Transport permease protein,,28983,Micromonospora echinospora (Micromonospora purpurea)
GA0070618_3531,A0A1C4Y200,Membrane protein,,41314,Micromonospora echinospora (Micromonospora purpurea)
GA0070618_3532,A0A1C4Y273,ROK family protein (Putative glucokinase),,40826,Micromonospora echinospora (Micromonospora purpurea)
GA0070618_3533,A0A1C4Y332,Ribose transport system ATP-binding protein,,58799,Micromonospora echinospora (Micromonospora purpurea)
GA0070618_3534,A0A1C4Y262,Ribose transport system permease protein,,37788,Micromonospora echinospora (Micromonospora purpurea)
GA0070618_3535,A0A1C4Y2B9,"Monosaccharide ABC transporter substrate-binding protein, CUT2 family",,36589,Micromonospora echinospora (Micromonospora purpurea)
GA0070618_3536,A0A1C4Y277,Predicted dehydrogenase,,43598,Micromonospora echinospora (Micromonospora purpurea)
GA0070618_3537,A0A1C4Y2A6,"Glucose/arabinose dehydrogenase, beta-propeller fold",,98273,Micromonospora echinospora (Micromonospora purpurea)
GA0070618_3538,A0A1C4Y2B0,Type 1 glutamine amidotransferase (GATase1)-like domain,,72964,Micromonospora echinospora (Micromonospora purpurea)
GA0070618_3539,A0A1C4Y2A9,Sugar phosphate isomerase/epimerase,,38039,Micromonospora echinospora (Micromonospora purpurea)
GA0070618_3540,A0A1C4Y2C4,YtxH-like protein,,13505,Micromonospora echinospora (Micromonospora purpurea)
GA0070618_3544,A0A1C4Y2K1,Helicase conserved C-terminal domain-containing protein,,73169,Micromonospora echinospora (Micromonospora purpurea)
GA0070618_3545,A0A1C4Y2T8,"Predicted arabinose efflux permease, MFS family",,41400,Micromonospora echinospora (Micromonospora purpurea)
GA0070618_3546,A0A1C4Y2H5,"Transcriptional regulator, ArsR family",,38306,Micromonospora echinospora (Micromonospora purpurea)
GA0070618_3547,A0A1C4Y2J5,Uncharacterized protein,,12026,Micromonospora echinospora (Micromonospora purpurea)
GA0070618_3548,A0A1C4Y2Z6,CHAT domain-containing protein,,110343,Micromonospora echinospora (Micromonospora purpurea)
GA0070618_3549,A0A1C4Y2M9,Membrane dipeptidase,,38504,Micromonospora echinospora (Micromonospora purpurea)
GA0070618_3550,A0A1C4Y2W2,Peptide/nickel transport system substrate-binding protein,,59012,Micromonospora echinospora (Micromonospora purpurea)
GA0070618_3551,A0A1C4Y2U4,Tetratricopeptide repeat-containing protein,,32635,Micromonospora echinospora (Micromonospora purpurea)
GA0070618_3552,A0A1C4Y2U1,4-oxalocrotonate tautomerase,,7541,Micromonospora echinospora (Micromonospora purpurea)
GA0070618_3553,A0A1C4Y2X7,Phosphoglycerate dehydrogenase,,36256,Micromonospora echinospora (Micromonospora purpurea)
GA0070618_3554,A0A1C4Y307,dihydrolipoyllysine-residue succinyltransferase (EC 2.3.1.61),2.3.1.61,77867,Micromonospora echinospora (Micromonospora purpurea)
GA0070618_3555,A0A1C4Y418,Peptide/nickel transport system permease protein,,31601,Micromonospora echinospora (Micromonospora purpurea)
GA0070618_3556,A0A1C4Y362,Peptide/nickel transport system permease protein,,34367,Micromonospora echinospora (Micromonospora purpurea)
GA0070618_3557,A0A1C4Y3L6,"Transcriptional regulator, AsnC family",,19372,Micromonospora echinospora (Micromonospora purpurea)
GA0070618_3558,A0A1C4Y391,Oligopeptide transport system ATP-binding protein,,38014,Micromonospora echinospora (Micromonospora purpurea)
GA0070618_3559,A0A1C4Y4A4,Peptide/nickel transport system ATP-binding protein,,37642,Micromonospora echinospora (Micromonospora purpurea)
GA0070618_3560,A0A1C4Y3B4,Aldehyde dehydrogenase (NAD+),,50756,Micromonospora echinospora (Micromonospora purpurea)
GA0070618_3561,A0A1C4Y3T5,Phosphoglycerate dehydrogenase,,32140,Micromonospora echinospora (Micromonospora purpurea)
GA0070618_3562,A0A1C4Y3V5,Glutaryl-CoA dehydrogenase,,42130,Micromonospora echinospora (Micromonospora purpurea)
GA0070618_3563,A0A1C4Y3H7,Multicopper oxidase CueO (EC 1.16.3.4) (Copper efflux oxidase) (Cuprous oxidase),1.16.3.4,53728,Micromonospora echinospora (Micromonospora purpurea)
GA0070618_3564,A0A1C4Y3J5,Uncharacterized protein,,21418,Micromonospora echinospora (Micromonospora purpurea)
GA0070618_3565,A0A1C4Y3S9,DUF2993 family protein,,32843,Micromonospora echinospora (Micromonospora purpurea)
GA0070618_3566,A0A1C4Y3R0,Uncharacterized protein,,27026,Micromonospora echinospora (Micromonospora purpurea)
GA0070618_3567,A0A1C4Y3Q9,BMP family ABC transporter substrate-binding protein,,18321,Micromonospora echinospora (Micromonospora purpurea)
GA0070618_3568,A0A1C4Y3Y3,RHS repeat-associated core domain-containing protein,,384493,Micromonospora echinospora (Micromonospora purpurea)
GA0070618_3569,A0A1C4Y471,Uncharacterized protein,,10158,Micromonospora echinospora (Micromonospora purpurea)
GA0070618_3570,A0A1C4Y3W4,Uncharacterized protein,,5111,Micromonospora echinospora (Micromonospora purpurea)
GA0070618_3571,A0A1C4Y3W7,"Two component transcriptional regulator, LuxR family",,22789,Micromonospora echinospora (Micromonospora purpurea)
GA0070618_3572,A0A1C4Y436,Signal transduction histidine kinase,,42616,Micromonospora echinospora (Micromonospora purpurea)
GA0070618_3573,A0A1C4Y406,Putative ABC transport system ATP-binding protein,,26164,Micromonospora echinospora (Micromonospora purpurea)
GA0070618_3574,A0A1C4Y424,Putative ABC transport system permease protein,,86184,Micromonospora echinospora (Micromonospora purpurea)
GA0070618_3575,A0A1C4Y474,HTH cro/C1-type domain-containing protein,,28703,Micromonospora echinospora (Micromonospora purpurea)
GA0070618_3576,A0A1C4Y448,FeoB-associated Cys-rich membrane protein,,6084,Micromonospora echinospora (Micromonospora purpurea)
GA0070618_3577,A0A1C4Y461,Helix-turn-helix domain-containing protein,,33720,Micromonospora echinospora (Micromonospora purpurea)
GA0070618_3578,A0A1C4Y566,Uncharacterized protein,,11765,Micromonospora echinospora (Micromonospora purpurea)
GA0070618_3579,A0A1C4Y4I6,DUF488 domain-containing protein,,16457,Micromonospora echinospora (Micromonospora purpurea)
GA0070618_3580,A0A1C4Y4A7,Uncharacterized protein,,31801,Micromonospora echinospora (Micromonospora purpurea)
GA0070618_3581,A0A1C4Y4A8,Putative drug exporter of the RND superfamily,,78340,Micromonospora echinospora (Micromonospora purpurea)
GA0070618_3582,A0A1C4Y4H0,Acyl carrier protein,,10357,Micromonospora echinospora (Micromonospora purpurea)
GA0070618_3583,A0A1C4Y4E6,Acyl-CoA dehydrogenase,,41539,Micromonospora echinospora (Micromonospora purpurea)
GA0070618_3584,A0A1C4Y4L2,Uncharacterized protein,,22426,Micromonospora echinospora (Micromonospora purpurea)
GA0070618_3585,A0A1C4Y4J4,3-demethylubiquinone-9 3-methyltransferase,,28226,Micromonospora echinospora (Micromonospora purpurea)
GA0070618_3586,A0A1C4Y4L3,Polyketide cyclase / dehydrase and lipid transport,,17639,Micromonospora echinospora (Micromonospora purpurea)
GA0070618_3587,A0A1C4Y4X0,Isopalmitoylresorcinol synthase,,38874,Micromonospora echinospora (Micromonospora purpurea)
GA0070618_3588,A0A1C4Y4R6,Glutamate-1-semialdehyde aminotransferase,,53152,Micromonospora echinospora (Micromonospora purpurea)
GA0070618_3589,A0A1C4Y4M6,"Glutamate-1-semialdehyde 2,1-aminomutase",,52897,Micromonospora echinospora (Micromonospora purpurea)
GA0070618_3590,A0A1C4Y4R0,Acyl-CoA synthetase (AMP-forming)/AMP-acid ligase II,,61459,Micromonospora echinospora (Micromonospora purpurea)
GA0070618_3591,A0A1C4Y4V8,FMN reductase,,20370,Micromonospora echinospora (Micromonospora purpurea)
GA0070618_3592,A0A1C4Y5T5,Tocopherol O-methyltransferase,,33459,Micromonospora echinospora (Micromonospora purpurea)
GA0070618_3593,A0A1C4Y4U8,Putative copper resistance protein D,,76493,Micromonospora echinospora (Micromonospora purpurea)
GA0070618_3594,A0A1C4Y4Y2,CopC domain-containing protein,,19871,Micromonospora echinospora (Micromonospora purpurea)
GA0070618_3595,A0A1C4Y4Z4,Haloacid Dehalogenase Superfamily Class (Subfamily) IIA,,34009,Micromonospora echinospora (Micromonospora purpurea)
GA0070618_3596,A0A1C4Y516,2-isocyano-3-(4-hydroxyphenyl)propanoate synthase,,36045,Micromonospora echinospora (Micromonospora purpurea)
GA0070618_3597,A0A1C4Y518,Cytochrome P450,,45393,Micromonospora echinospora (Micromonospora purpurea)
GA0070618_3598,A0A1C4Y5C4,Uncharacterized protein,,8420,Micromonospora echinospora (Micromonospora purpurea)
GA0070618_3599,A0A1C4Y552,Uncharacterized protein,,32745,Micromonospora echinospora (Micromonospora purpurea)
GA0070618_3600,A0A1C4Y557,Sulfotransferase family protein,,24333,Micromonospora echinospora (Micromonospora purpurea)
GA0070618_3601,A0A1C4Y570,"Predicted arabinose efflux permease, MFS family",,49626,Micromonospora echinospora (Micromonospora purpurea)
GA0070618_3602,A0A1C4Y561,Iron complex transport system substrate-binding protein,,33630,Micromonospora echinospora (Micromonospora purpurea)
GA0070618_3603,A0A1C4Y597,Iron complex transport system permease protein,,37616,Micromonospora echinospora (Micromonospora purpurea)
GA0070618_3604,A0A1C4Y5A6,Iron complex transport system ATP-binding protein,,29958,Micromonospora echinospora (Micromonospora purpurea)
GA0070618_3605,A0A1C4Y5C1,Nocardicin N-oxygenase,,45123,Micromonospora echinospora (Micromonospora purpurea)
GA0070618_3606,A0A1C4Y5B1,Ferredoxin,,8128,Micromonospora echinospora (Micromonospora purpurea)
GA0070618_3607,A0A1C4Y5H3,Uncharacterized protein,,6685,Micromonospora echinospora (Micromonospora purpurea)
GA0070618_3608,A0A1C4Y5E3,Cu+-exporting ATPase,,78296,Micromonospora echinospora (Micromonospora purpurea)
GA0070618_3609,A0A1C4Y5S1,"Probable F420-dependent oxidoreductase, Rv1855c family",,33588,Micromonospora echinospora (Micromonospora purpurea)
GA0070618_3610,A0A1C4Y5K4,Xylitol oxidase,,45428,Micromonospora echinospora (Micromonospora purpurea)
GA0070618_3611,A0A1C4Y5L9,Predicted ATPase,,116141,Micromonospora echinospora (Micromonospora purpurea)
GA0070618_3612,A0A1C4Y5L3,SH3 domain-containing protein,,12320,Micromonospora echinospora (Micromonospora purpurea)
GA0070618_3613,A0A1C4Y6M8,Predicted membrane protein,,27736,Micromonospora echinospora (Micromonospora purpurea)
GA0070618_3614,A0A1C4Y5U0,Zinc metalloprotease,,39763,Micromonospora echinospora (Micromonospora purpurea)
GA0070618_3615,A0A1C4Y5S3,"20S proteasome, alpha and beta subunits",,24690,Micromonospora echinospora (Micromonospora purpurea)
GA0070618_3616,A0A1C4Y5T8,Alpha-amylase (EC 3.2.1.1),3.2.1.1,52547,Micromonospora echinospora (Micromonospora purpurea)
GA0070618_3617,A0A1C4Y5Z4,Uncharacterized protein,,26437,Micromonospora echinospora (Micromonospora purpurea)
GA0070618_3618,A0A1C4Y625,FADH2 O2-dependent halogenase,,50397,Micromonospora echinospora (Micromonospora purpurea)
GA0070618_3619,A0A1C4Y5Y8,L-prolyl-[peptidyl carrier protein] synthetase,,53388,Micromonospora echinospora (Micromonospora purpurea)
GA0070618_3620,A0A1C4Y627,L-prolyl-[peptidyl carrier protein] dehydrogenase,,40849,Micromonospora echinospora (Micromonospora purpurea)
GA0070618_3621,A0A1C4Y624,Geranyl diphosphate 2-C-methyltransferase,,31957,Micromonospora echinospora (Micromonospora purpurea)
GA0070618_3622,A0A1C4Y642,Acyl carrier protein,,10474,Micromonospora echinospora (Micromonospora purpurea)
GA0070618_3623,A0A1C4Y644,Cytochrome P450,,42192,Micromonospora echinospora (Micromonospora purpurea)
GA0070618_3624,A0A1C4Y661,Uncharacterized protein,,43596,Micromonospora echinospora (Micromonospora purpurea)
GA0070618_3625,A0A1C4Y6B9,Pimeloyl-ACP methyl ester carboxylesterase,,30812,Micromonospora echinospora (Micromonospora purpurea)
GA0070618_3626,A0A1C4Y6A5,Uncharacterized protein,,7767,Micromonospora echinospora (Micromonospora purpurea)
GA0070618_3627,A0A1C4Y6B3,serine--tRNA ligase (EC 6.1.1.11),6.1.1.11,47652,Micromonospora echinospora (Micromonospora purpurea)
GA0070618_3628,A0A1C4Y6B6,"DNA polymerase III sliding clamp (Beta) subunit, PCNA homolog",,38474,Micromonospora echinospora (Micromonospora purpurea)
GA0070618_3629,A0A1C4Y6C8,"Saccharopine dehydrogenase (NAD+, L-glutamate forming)",,43688,Micromonospora echinospora (Micromonospora purpurea)
GA0070618_3630,A0A1C4Y6D1,Threonine dehydrogenase,,40430,Micromonospora echinospora (Micromonospora purpurea)
GA0070618_3631,A0A1C4Y7D3,Uncharacterized protein,,10991,Micromonospora echinospora (Micromonospora purpurea)
GA0070618_3632,A0A1C4Y6G5,"LuxR family transcriptional regulator, maltose regulon positive regulatory protein",,96781,Micromonospora echinospora (Micromonospora purpurea)
GA0070618_3633,A0A1C4Y6F8,Protein-disulfide isomerase,,20348,Micromonospora echinospora (Micromonospora purpurea)
GA0070618_3634,A0A1C4Y6H4,"Osmotically-inducible protein OsmY, contains BON domain",,24686,Micromonospora echinospora (Micromonospora purpurea)
GA0070618_3635,A0A1C4Y6J4,4-amino-4-deoxy-L-arabinose transferase-like glycosyltransferase,,65854,Micromonospora echinospora (Micromonospora purpurea)
GA0070618_3636,A0A1C4Y6M3,Cellulose binding domain-containing protein,,96151,Micromonospora echinospora (Micromonospora purpurea)
GA0070618_3637,A0A1C4Y6K8,Mycothiol maleylpyruvate isomerase N-terminal domain-containing protein,,22065,Micromonospora echinospora (Micromonospora purpurea)
GA0070618_3638,A0A1C4Y6X2,Uncharacterized protein,,14207,Micromonospora echinospora (Micromonospora purpurea)
GA0070618_3639,A0A1C4Y6N2,Uncharacterized protein,,4748,Micromonospora echinospora (Micromonospora purpurea)
GA0070618_3640,A0A1C4Y6W9,Anti-sigma factor antagonist,,13032,Micromonospora echinospora (Micromonospora purpurea)
GA0070618_3641,A0A1C4Y6R2,N-terminal domain of peptidoglycan hydrolase CwlO-containing protein,,37436,Micromonospora echinospora (Micromonospora purpurea)
GA0070618_3642,A0A1C4Y7W1,Cobalt-zinc-cadmium efflux system protein,,31946,Micromonospora echinospora (Micromonospora purpurea)
GA0070618_3643,A0A1C4Y6U9,DNA helicase IV,,77265,Micromonospora echinospora (Micromonospora purpurea)
GA0070618_3644,A0A1C4Y6W1,Pimeloyl-ACP methyl ester carboxylesterase,,33273,Micromonospora echinospora (Micromonospora purpurea)
GA0070618_3645,A0A1C4Y6V5,Uncharacterized protein,,11485,Micromonospora echinospora (Micromonospora purpurea)
GA0070618_3646,A0A1C4Y6X3,DUF3145 domain-containing protein,,17415,Micromonospora echinospora (Micromonospora purpurea)
GA0070618_3647,A0A1C4Y786,beta-N-acetylhexosaminidase (EC 3.2.1.52),3.2.1.52,58118,Micromonospora echinospora (Micromonospora purpurea)
GA0070618_3648,A0A1C4Y794,Dolichol-phosphate mannosyltransferase,,36239,Micromonospora echinospora (Micromonospora purpurea)
GA0070618_3649,A0A1C4Y799,4-amino-4-deoxy-L-arabinose transferase-like glycosyltransferase,,79431,Micromonospora echinospora (Micromonospora purpurea)
GA0070618_3650,A0A1C4Y6Z6,"NPCBM-associated, NEW3 domain of alpha-galactosidase",,94622,Micromonospora echinospora (Micromonospora purpurea)
GA0070618_3651,A0A1C4Y716,"Sugar kinase of the NBD/HSP70 family, may contain an N-terminal HTH domain",,39782,Micromonospora echinospora (Micromonospora purpurea)
GA0070618_3652,A0A1C4Y729,Iron(III) transport system substrate-binding protein,,38409,Micromonospora echinospora (Micromonospora purpurea)
GA0070618_3653,A0A1C4Y748,Iron(III) transport system ATP-binding protein,,38600,Micromonospora echinospora (Micromonospora purpurea)
GA0070618_3654,A0A1C4Y781,Iron(III) transport system permease protein,,64481,Micromonospora echinospora (Micromonospora purpurea)
GA0070618_3655,A0A1C4Y7H8,Creatinine amidohydrolase,,36572,Micromonospora echinospora (Micromonospora purpurea)
GA0070618_3656,A0A1C4Y7E6,Amidohydrolase-related domain-containing protein,,35352,Micromonospora echinospora (Micromonospora purpurea)
GA0070618_3657,A0A1C4Y7A6,argininosuccinate lyase (EC 4.3.2.1),4.3.2.1,53639,Micromonospora echinospora (Micromonospora purpurea)
GA0070618_3658,A0A1C4Y7C0,Glucokinase,,31092,Micromonospora echinospora (Micromonospora purpurea)
GA0070618_3659,A0A1C4Y7D8,Cytochrome c-type biogenesis protein,,16527,Micromonospora echinospora (Micromonospora purpurea)
GA0070618_3660,A0A1C4Y7K7,"DNA-binding transcriptional regulator, MerR family",,33290,Micromonospora echinospora (Micromonospora purpurea)
GA0070618_3661,A0A1C4Y7H1,Methyltransferase domain-containing protein,,26023,Micromonospora echinospora (Micromonospora purpurea)
GA0070618_3662,A0A1C4Y7N4,diacetyl reductase [(S)-acetoin forming] (EC 1.1.1.304),1.1.1.304,26913,Micromonospora echinospora (Micromonospora purpurea)
GA0070618_3663,A0A1C4Y7J1,3-oxoacyl-[acyl-carrier-protein] synthase 2 (EC 2.3.1.179),2.3.1.179,41675,Micromonospora echinospora (Micromonospora purpurea)
GA0070618_3664,A0A1C4Y7R6,Acyl carrier protein (ACP),,8473,Micromonospora echinospora (Micromonospora purpurea)
GA0070618_3665,A0A1C4Y7N8,Beta-ketoacyl-[acyl-carrier-protein] synthase III (Beta-ketoacyl-ACP synthase III) (KAS III) (EC 2.3.1.180) (3-oxoacyl-[acyl-carrier-protein] synthase 3) (3-oxoacyl-[acyl-carrier-protein] synthase III),2.3.1.180,32674,Micromonospora echinospora (Micromonospora purpurea)
GA0070618_3666,A0A1C4Y7U6,[acyl-carrier-protein] S-malonyltransferase (EC 2.3.1.39),2.3.1.39,40228,Micromonospora echinospora (Micromonospora purpurea)
GA0070618_3667,A0A1C4Y7S7,PucR C-terminal helix-turn-helix domain-containing protein,,42903,Micromonospora echinospora (Micromonospora purpurea)
GA0070618_3668,A0A1C4Y7U4,Undecaprenyl-diphosphatase,,22279,Micromonospora echinospora (Micromonospora purpurea)
GA0070618_3669,A0A1C4Y7U9,Uncharacterized protein,,11924,Micromonospora echinospora (Micromonospora purpurea)
GA0070618_3670,A0A1C4Y7V8,Uncharacterized protein,,22433,Micromonospora echinospora (Micromonospora purpurea)
GA0070618_3671,A0A1C4Y7Y0,CopC domain-containing protein,,20392,Micromonospora echinospora (Micromonospora purpurea)
GA0070618_3672,A0A1C4Y952,Glutamate--tRNA ligase (EC 6.1.1.17) (Glutamyl-tRNA synthetase) (GluRS),6.1.1.17,51630,Micromonospora echinospora (Micromonospora purpurea)
GA0070618_3673,A0A1C4Y822,Major Facilitator Superfamily protein,,44017,Micromonospora echinospora (Micromonospora purpurea)
GA0070618_3674,A0A1C4Y816,Beta-glucosidase (EC 3.2.1.21),3.2.1.21,48786,Micromonospora echinospora (Micromonospora purpurea)
GA0070618_3675,A0A1C4Y898,Polyketide cyclase / dehydrase and lipid transport,,16052,Micromonospora echinospora (Micromonospora purpurea)
GA0070618_3676,A0A1C4Y850,Pyruvate dehydrogenase E1 component (EC 1.2.4.1),1.2.4.1,102470,Micromonospora echinospora (Micromonospora purpurea)
GA0070618_3677,A0A1C4Y875,Secondary thiamine-phosphate synthase enzyme,,14919,Micromonospora echinospora (Micromonospora purpurea)
GA0070618_3678,A0A1C4Y861,Mucoidy inhibitor MuiA family protein,,60351,Micromonospora echinospora (Micromonospora purpurea)
GA0070618_3679,A0A1C4Y887,"Transcriptional regulator, MarR family",,17266,Micromonospora echinospora (Micromonospora purpurea)
GA0070618_3680,A0A1C4Y8A1,dihydrolipoyllysine-residue succinyltransferase (EC 2.3.1.61),2.3.1.61,82584,Micromonospora echinospora (Micromonospora purpurea)
GA0070618_3681,A0A1C4Y8B2,DUF3052 family protein,,15558,Micromonospora echinospora (Micromonospora purpurea)
GA0070618_3682,A0A1C4Y8L0,Peroxiredoxin (Alkyl hydroperoxide reductase subunit C),,17141,Micromonospora echinospora (Micromonospora purpurea)
GA0070618_3684,A0A1C4Y8E5,Secreted protein,,11689,Micromonospora echinospora (Micromonospora purpurea)
GA0070618_3685,A0A1C4Y8E8,"DNA-binding transcriptional regulator, XRE-family HTH domain",,53358,Micromonospora echinospora (Micromonospora purpurea)
GA0070618_3686,A0A1C4Y8E4,Uncharacterized protein,,4320,Micromonospora echinospora (Micromonospora purpurea)
GA0070618_3687,A0A1C4Y8H9,"Transcriptional regulator, contains XRE-family HTH domain",,31743,Micromonospora echinospora (Micromonospora purpurea)
GA0070618_3688,A0A1C4Y8H7,Uncharacterized protein,,9729,Micromonospora echinospora (Micromonospora purpurea)
GA0070618_3689,A0A1C4Y8I4,Uncharacterized protein,,8386,Micromonospora echinospora (Micromonospora purpurea)
GA0070618_3690,A0A1C4Y8L4,SH3 domain-containing protein,,10400,Micromonospora echinospora (Micromonospora purpurea)
GA0070618_3691,A0A1C4Y8P3,Uncharacterized protein,,11479,Micromonospora echinospora (Micromonospora purpurea)
GA0070618_3692,A0A1C4Y8L3,Pentapeptide repeat-containing protein,,44278,Micromonospora echinospora (Micromonospora purpurea)
GA0070618_3693,A0A1C4Y8Q0,HEAT repeat protein,,16459,Micromonospora echinospora (Micromonospora purpurea)
GA0070618_3694,A0A1C4Y8W6,Uncharacterized protein,,11362,Micromonospora echinospora (Micromonospora purpurea)
GA0070618_3695,A0A1C4Y8S3,"Protein N-acetyltransferase, RimJ/RimL family",,21858,Micromonospora echinospora (Micromonospora purpurea)
GA0070618_3696,A0A1C4Y8T1,Pimeloyl-ACP methyl ester carboxylesterase,,28195,Micromonospora echinospora (Micromonospora purpurea)
GA0070618_3697,A0A1C4Y8T7,Phosphotransferase enzyme family protein,,33088,Micromonospora echinospora (Micromonospora purpurea)
GA0070618_3698,A0A1C4Y8U3,Polysaccharide pyruvyl transferase CsaB,,41693,Micromonospora echinospora (Micromonospora purpurea)
GA0070618_3699,A0A1C4Y8V3,Uncharacterized protein,,7132,Micromonospora echinospora (Micromonospora purpurea)
GA0070618_3700,A0A1C4Y8X7,Damage-inducible protein DinB,,19445,Micromonospora echinospora (Micromonospora purpurea)
GA0070618_3701,A0A1C4YA36,"Sugar or nucleoside kinase, ribokinase family",,27097,Micromonospora echinospora (Micromonospora purpurea)
GA0070618_3702,A0A1C4Y902,Non-specific serine/threonine protein kinase,,119902,Micromonospora echinospora (Micromonospora purpurea)
GA0070618_3703,A0A1C4Y973,"Uncharacterized conserved protein, contains Zn finger domain",,41390,Micromonospora echinospora (Micromonospora purpurea)
GA0070618_3704,A0A1C4Y928,DUF3040 family protein,,9935,Micromonospora echinospora (Micromonospora purpurea)
GA0070618_3705,A0A1C4Y935,"Uncharacterized conserved protein, DUF1800 family",,76802,Micromonospora echinospora (Micromonospora purpurea)
GA0070618_3706,A0A1C4Y960,"Uncharacterized conserved protein, DUF1501 family",,48517,Micromonospora echinospora (Micromonospora purpurea)
GA0070618_3707,A0A1C4Y987,Predicted ferric reductase,,47514,Micromonospora echinospora (Micromonospora purpurea)
GA0070618_3708,A0A1C4Y972,FMN-binding domain-containing protein,,20743,Micromonospora echinospora (Micromonospora purpurea)
GA0070618_3709,A0A1C4Y9A5,FAD:protein FMN transferase (EC 2.7.1.180) (Flavin transferase),2.7.1.180,30436,Micromonospora echinospora (Micromonospora purpurea)
GA0070618_3710,A0A1C4Y9G2,"Bifunctional DNA primase/polymerase, N-terminal",,24579,Micromonospora echinospora (Micromonospora purpurea)
GA0070618_3711,A0A1C4Y9B8,"Transcriptional regulator, contains XRE-family HTH domain",,44775,Micromonospora echinospora (Micromonospora purpurea)
GA0070618_3712,A0A1C4Y9C5,Flavoprotein,,20408,Micromonospora echinospora (Micromonospora purpurea)
GA0070618_3713,A0A1C4Y9F6,Peptidase family M23,,20023,Micromonospora echinospora (Micromonospora purpurea)
GA0070618_3714,A0A1C4Y9G1,GTP cyclohydrolase 1 type 2 homolog,,33877,Micromonospora echinospora (Micromonospora purpurea)
GA0070618_3715,A0A1C4Y9F7,C4-type zinc ribbon domain-containing protein,,27709,Micromonospora echinospora (Micromonospora purpurea)
GA0070618_3716,A0A1C4Y9I3,Probable phosphoglycerate mutase,,41792,Micromonospora echinospora (Micromonospora purpurea)
GA0070618_3717,A0A1C4Y9P5,DUF3311 domain-containing protein,,9854,Micromonospora echinospora (Micromonospora purpurea)
GA0070618_3718,A0A1C4Y9Q0,"Solute:Na+ symporter, SSS family",,59140,Micromonospora echinospora (Micromonospora purpurea)
GA0070618_3719,A0A1C4Y9K0,"CRISPR-associated protein, TIGR02710 family",,53528,Micromonospora echinospora (Micromonospora purpurea)
GA0070618_3720,A0A1C4YAR3,AAA domain-containing protein,,121798,Micromonospora echinospora (Micromonospora purpurea)
GA0070618_3721,A0A1C4YAS4,Uncharacterized protein,,42687,Micromonospora echinospora (Micromonospora purpurea)
GA0070618_3722,A0A1C4Y9U4,phospholipase D (EC 3.1.4.4),3.1.4.4,55516,Micromonospora echinospora (Micromonospora purpurea)
GA0070618_3723,A0A1C4YAV1,Probable membrane transporter protein,,25776,Micromonospora echinospora (Micromonospora purpurea)
GA0070618_3724,A0A1C4Y9Q1,Dolichyl-phosphate-mannose-protein mannosyltransferase,,51604,Micromonospora echinospora (Micromonospora purpurea)
GA0070618_3726,A0A1C4Y9T0,Uncharacterized protein,,12510,Micromonospora echinospora (Micromonospora purpurea)
GA0070618_3727,A0A1C4YAZ6,GntR family transcriptional regulator,,29263,Micromonospora echinospora (Micromonospora purpurea)
GA0070618_3728,A0A1C4YB06,Uncharacterized protein,,5597,Micromonospora echinospora (Micromonospora purpurea)
GA0070618_3729,A0A1C4Y9X6,"Transcriptional regulator, contains XRE-family HTH domain",,43697,Micromonospora echinospora (Micromonospora purpurea)
GA0070618_3730,A0A1C4Y9Y5,Phosphotransferase enzyme family protein,,30208,Micromonospora echinospora (Micromonospora purpurea)
GA0070618_3731,A0A1C4YA65,YcxB-like protein,,18250,Micromonospora echinospora (Micromonospora purpurea)
GA0070618_3732,A0A1C4YA73,Immunity protein 51,,24617,Micromonospora echinospora (Micromonospora purpurea)
GA0070618_3733,A0A1C4YA86,Uncharacterized protein,,16947,Micromonospora echinospora (Micromonospora purpurea)
GA0070618_3734,A0A1C4Y9Z8,RibD C-terminal domain-containing protein,,21707,Micromonospora echinospora (Micromonospora purpurea)
GA0070618_3735,A0A1C4YA42,"Transcriptional regulator, HxlR family",,18336,Micromonospora echinospora (Micromonospora purpurea)
GA0070618_3736,A0A1C4YA15,DUF6194 domain-containing protein,,17245,Micromonospora echinospora (Micromonospora purpurea)
GA0070618_3737,A0A1C4YA85,Organic hydroperoxide reductase OsmC/OhrA,,18357,Micromonospora echinospora (Micromonospora purpurea)
GA0070618_3738,A0A1C4YA52,"Taurine catabolism dioxygenase TauD, TfdA family",,34414,Micromonospora echinospora (Micromonospora purpurea)
GA0070618_3739,A0A1C4YA60,Roadblock/LAMTOR2 domain-containing protein,,16563,Micromonospora echinospora (Micromonospora purpurea)
GA0070618_3740,A0A1C4YA69,Secreted protein,,13305,Micromonospora echinospora (Micromonospora purpurea)
GA0070618_3741,A0A1C4YA80,SPOR domain-containing protein,,9706,Micromonospora echinospora (Micromonospora purpurea)
GA0070618_3742,A0A1C4YAH1,Histone H1-like nucleoprotein HC2,,35790,Micromonospora echinospora (Micromonospora purpurea)
GA0070618_3743,A0A1C4YAA0,Exoribonuclease R,,50406,Micromonospora echinospora (Micromonospora purpurea)
GA0070618_3744,A0A1C4YAC7,Reduced coenzyme F420:NADP oxidoreductase,,23930,Micromonospora echinospora (Micromonospora purpurea)
GA0070618_3745,A0A1C4YBG0,3-methyl-2-oxobutanoate hydroxymethyltransferase (EC 2.1.2.11) (Ketopantoate hydroxymethyltransferase) (KPHMT),2.1.2.11,30760,Micromonospora echinospora (Micromonospora purpurea)
GA0070618_3746,A0A1C4YBG9,Glutamine-dependent NAD(+) synthetase (EC 6.3.5.1) (NAD(+) synthase [glutamine-hydrolyzing]),6.3.5.1,62431,Micromonospora echinospora (Micromonospora purpurea)
GA0070618_3747,A0A1C4YAB2,L-glutamine synthetase,,50359,Micromonospora echinospora (Micromonospora purpurea)
GA0070618_3748,A0A1C4YBI4,"Uncharacterized membrane protein YjfL, UPF0719 family",,14565,Micromonospora echinospora (Micromonospora purpurea)
GA0070618_3749,A0A1C4YBJ4,AAA+ ATPase domain-containing protein,,128352,Micromonospora echinospora (Micromonospora purpurea)
GA0070618_3750,A0A1C4YAL8,Uncharacterized protein,,15119,Micromonospora echinospora (Micromonospora purpurea)
GA0070618_3751,A0A1C4YAG3,Muramoyltetrapeptide carboxypeptidase,,32300,Micromonospora echinospora (Micromonospora purpurea)
GA0070618_3752,A0A1C4YAQ9,GMP synthase-Glutamine amidotransferase,,29370,Micromonospora echinospora (Micromonospora purpurea)
GA0070618_3753,A0A1C4YAN6,Glutamate-ammonia-ligase adenylyltransferase,,106911,Micromonospora echinospora (Micromonospora purpurea)
GA0070618_3754,A0A1C4YAP5,4-amino-4-deoxy-L-arabinose transferase,,59019,Micromonospora echinospora (Micromonospora purpurea)
GA0070618_3755,A0A1C4YAK3,"Alpha-1,6-mannosyltransferase",,54267,Micromonospora echinospora (Micromonospora purpurea)
GA0070618_3756,A0A1C4YAK7,Glutamine synthetase (EC 6.3.1.2),6.3.1.2,53258,Micromonospora echinospora (Micromonospora purpurea)
GA0070618_3757,A0A1C4YAU5,RDD family protein,,14218,Micromonospora echinospora (Micromonospora purpurea)
GA0070618_3758,A0A1C4YAJ5,Uncharacterized protein,,47169,Micromonospora echinospora (Micromonospora purpurea)
GA0070618_3759,A0A1C4YBR7,"RNA polymerase sigma-70 factor, sigma-E family",,20163,Micromonospora echinospora (Micromonospora purpurea)
GA0070618_3760,A0A1C4YBS8,DUF4191 domain-containing protein,,25396,Micromonospora echinospora (Micromonospora purpurea)
GA0070618_3761,A0A1C4YAQ1,UDP-galactopyranose mutase,,55344,Micromonospora echinospora (Micromonospora purpurea)
GA0070618_3762,A0A1C4YAN7,Lipoyl synthase (EC 2.8.1.8) (Lip-syn) (LS) (Lipoate synthase) (Lipoic acid synthase) (Sulfur insertion protein LipA),2.8.1.8,36346,Micromonospora echinospora (Micromonospora purpurea)
GA0070618_3763,A0A1C4YAP6,Aspartate--tRNA(Asp/Asn) ligase (EC 6.1.1.23) (Aspartyl-tRNA synthetase) (AspRS) (Non-discriminating aspartyl-tRNA synthetase) (ND-AspRS),6.1.1.23,45898,Micromonospora echinospora (Micromonospora purpurea)
GA0070618_3764,A0A1C4YAT0,Octanoyltransferase (EC 2.3.1.181) (Lipoate-protein ligase B) (Lipoyl/octanoyl transferase) (Octanoyl-[acyl-carrier-protein]-protein N-octanoyltransferase),2.3.1.181,22875,Micromonospora echinospora (Micromonospora purpurea)
GA0070618_3765,A0A1C4YAZ7,DUF2079 domain-containing protein,,69479,Micromonospora echinospora (Micromonospora purpurea)
GA0070618_3766,A0A1C4YAV0,Feruloyl esterase,,41417,Micromonospora echinospora (Micromonospora purpurea)
GA0070618_3767,A0A1C4YB18,TIGR01777 family protein,,32045,Micromonospora echinospora (Micromonospora purpurea)
GA0070618_3768,A0A1C4YAW6,Antibiotic biosynthesis monooxygenase,,12500,Micromonospora echinospora (Micromonospora purpurea)
GA0070618_3769,A0A1C4YB44,Dihydrolipoamide acetyltransferase component of pyruvate dehydrogenase complex (EC 2.3.1.-),2.3.1.-,63606,Micromonospora echinospora (Micromonospora purpurea)
GA0070618_3770,A0A1C4YAZ4,Dihydrolipoyl dehydrogenase (EC 1.8.1.4),1.8.1.4,50958,Micromonospora echinospora (Micromonospora purpurea)
GA0070618_3771,A0A1C4YB05,Oxidoreductase,,13084,Micromonospora echinospora (Micromonospora purpurea)
GA0070618_3772,A0A1C4YB03,Probable cytosol aminopeptidase (EC 3.4.11.1) (Leucine aminopeptidase) (LAP) (EC 3.4.11.10) (Leucyl aminopeptidase),3.4.11.1; 3.4.11.10,53028,Micromonospora echinospora (Micromonospora purpurea)
GA0070618_3773,A0A1C4YBC2,aminomethyltransferase (EC 2.1.2.10) (Glycine cleavage system T protein),2.1.2.10,39790,Micromonospora echinospora (Micromonospora purpurea)
GA0070618_3774,A0A1C4YAZ1,"Uncharacterized protein, contains caspase domain",,67388,Micromonospora echinospora (Micromonospora purpurea)
GA0070618_3775,A0A1C4YB01,Uncharacterized protein,,14479,Micromonospora echinospora (Micromonospora purpurea)
GA0070618_3776,A0A1C4YBA2,DUF2314 domain-containing protein,,46164,Micromonospora echinospora (Micromonospora purpurea)
GA0070618_3777,A0A1C4YC89,Adenosylcobinamide-GDP ribazoletransferase (EC 2.7.8.26) (Cobalamin synthase) (Cobalamin-5'-phosphate synthase),2.7.8.26,25237,Micromonospora echinospora (Micromonospora purpurea)
GA0070618_3778,A0A1C4YC99,Adenosylcobinamide kinase (EC 2.7.1.156) (EC 2.7.7.62) (Adenosylcobinamide-phosphate guanylyltransferase),2.7.1.156; 2.7.7.62,65159,Micromonospora echinospora (Micromonospora purpurea)
GA0070618_3779,A0A1C4YCA7,Acyl-CoA synthetase,,66407,Micromonospora echinospora (Micromonospora purpurea)
GA0070618_3780,A0A1C4YB80,Uncharacterized protein,,7310,Micromonospora echinospora (Micromonospora purpurea)
GA0070618_3781,A0A1C4YB91,Zn-dependent protease (Includes SpoIVFB),,28891,Micromonospora echinospora (Micromonospora purpurea)
GA0070618_3782,A0A1C4YB96,Predicted oxidoreductase,,36384,Micromonospora echinospora (Micromonospora purpurea)
GA0070618_3783,A0A1C4YBA5,WG containing repeat-containing protein,,183486,Micromonospora echinospora (Micromonospora purpurea)
GA0070618_3784,A0A1C4YBB5,ABC-2 type transport system permease protein,,30911,Micromonospora echinospora (Micromonospora purpurea)
GA0070618_3785,A0A1C4YBA0,ABC-2 type transport system permease protein,,28677,Micromonospora echinospora (Micromonospora purpurea)
GA0070618_3786,A0A1C4YBH8,ABC-2 type transport system ATP-binding protein,,35467,Micromonospora echinospora (Micromonospora purpurea)
GA0070618_3787,A0A1C4YBJ1,DUF3043 family protein,,23769,Micromonospora echinospora (Micromonospora purpurea)
GA0070618_3788,A0A1C4YBG1,UDP-N-acetylglucosamine 1-carboxyvinyltransferase (EC 2.5.1.7) (Enoylpyruvate transferase) (UDP-N-acetylglucosamine enolpyruvyl transferase) (EPT),2.5.1.7,48596,Micromonospora echinospora (Micromonospora purpurea)
GA0070618_3789,A0A1C4YBH9,Quinolinate synthase (EC 2.5.1.72),2.5.1.72,44461,Micromonospora echinospora (Micromonospora purpurea)
GA0070618_3790,A0A1C4YBF5,Glycerate kinase,,37383,Micromonospora echinospora (Micromonospora purpurea)
GA0070618_3791,A0A1C4YBS4,Iron-sulfur cluster assembly accessory protein,,12924,Micromonospora echinospora (Micromonospora purpurea)
GA0070618_3792,A0A1C4YBH6,Adenosine kinase,,34967,Micromonospora echinospora (Micromonospora purpurea)
GA0070618_3794,A0A1C4YBL8,tRNA 2-thiouridine synthesizing protein A,,8084,Micromonospora echinospora (Micromonospora purpurea)
GA0070618_3795,A0A1C4YBV2,Cysteine desulfurase,,39345,Micromonospora echinospora (Micromonospora purpurea)
GA0070618_3796,A0A1C4YBL2,cytochrome-c oxidase (EC 7.1.1.9) (Cytochrome aa3 subunit 2),7.1.1.9,35796,Micromonospora echinospora (Micromonospora purpurea)
GA0070618_3797,A0A1C4YCR6,Cytochrome c oxidase polypeptide 4 (EC 7.1.1.9) (Cytochrome aa3 subunit 4) (Cytochrome c oxidase polypeptide IV),7.1.1.9,15321,Micromonospora echinospora (Micromonospora purpurea)
GA0070618_3798,A0A1C4YBQ5,Uncharacterized protein,,7398,Micromonospora echinospora (Micromonospora purpurea)
GA0070618_3799,A0A1C4YBQ8,Anthranilate phosphoribosyltransferase (EC 2.4.2.18),2.4.2.18,35861,Micromonospora echinospora (Micromonospora purpurea)
GA0070618_3800,A0A1C4YBM0,Response regulator receiver protein,,14612,Micromonospora echinospora (Micromonospora purpurea)
GA0070618_3801,A0A1C4YBN0,Putative copper resistance protein D,,34312,Micromonospora echinospora (Micromonospora purpurea)
GA0070618_3802,A0A1C4YBX0,cytochrome-c oxidase (EC 7.1.1.9) (Cytochrome aa3 subunit 3) (Cytochrome c oxidase polypeptide III),7.1.1.9,24126,Micromonospora echinospora (Micromonospora purpurea)
GA0070618_3803,A0A1C4YBS3,Cytochrome bc1 complex cytochrome c subunit (EC 7.1.1.8),7.1.1.8,29240,Micromonospora echinospora (Micromonospora purpurea)
GA0070618_3804,A0A1C4YBV6,Cytochrome bc1 complex Rieske iron-sulfur subunit (Cytochrome bc1 reductase complex subunit QcrA) (Rieske iron-sulfur protein),,39672,Micromonospora echinospora (Micromonospora purpurea)
GA0070618_3805,A0A1C4YC40,Cytochrome bc1 complex cytochrome b subunit (EC 7.1.1.8) (Cytochrome bc1 reductase complex subunit QcrB),7.1.1.8,59794,Micromonospora echinospora (Micromonospora purpurea)
GA0070618_3806,A0A1C4YC50,Predicted outer membrane protein,,24568,Micromonospora echinospora (Micromonospora purpurea)
GA0070618_3807,A0A1C4YBW8,"Transcriptional regulator, AsnC family",,10075,Micromonospora echinospora (Micromonospora purpurea)
GA0070618_3808,A0A1C4YBW3,"NDP-sugar pyrophosphorylase, includes eIF-2Bgamma, eIF-2Bepsilon, and LPS biosynthesis proteins",,29827,Micromonospora echinospora (Micromonospora purpurea)
GA0070618_3809,A0A1C4YC10,GTP pyrophosphokinase,,66119,Micromonospora echinospora (Micromonospora purpurea)
GA0070618_3810,A0A1C4YBY7,DNA polymerase-3 subunit epsilon,,61743,Micromonospora echinospora (Micromonospora purpurea)
GA0070618_3811,A0A1C4YC09,Predicted RNA-binding protein containing a PIN domain,,50744,Micromonospora echinospora (Micromonospora purpurea)
GA0070618_3812,A0A1C4YC44,Uncharacterized protein,,7344,Micromonospora echinospora (Micromonospora purpurea)
GA0070618_3813,A0A1C4YC54,STE24 endopeptidase,,44538,Micromonospora echinospora (Micromonospora purpurea)
GA0070618_3814,A0A1C4YC64,"Phosphatidylinositol alpha-1,6-mannosyltransferase",,40723,Micromonospora echinospora (Micromonospora purpurea)
GA0070618_3815,A0A1C4YC74,Diguanylate cyclase/phosphodiesterase,,61927,Micromonospora echinospora (Micromonospora purpurea)
GA0070618_3816,A0A1C4YC12,S-adenosyl methyltransferase,,29527,Micromonospora echinospora (Micromonospora purpurea)
GA0070618_3817,A0A1C4YC24,"Two component transcriptional regulator, LuxR family",,23370,Micromonospora echinospora (Micromonospora purpurea)
GA0070618_3818,A0A1C4YC34,"Histidine kinase-, DNA gyrase B-, and HSP90-like ATPase",,59742,Micromonospora echinospora (Micromonospora purpurea)
GA0070618_3819,A0A1C4YDB1,Acyl-CoA synthetase,,64637,Micromonospora echinospora (Micromonospora purpurea)
GA0070618_3820,A0A1C4YDC3,Polyketide cyclase / dehydrase and lipid transport,,17174,Micromonospora echinospora (Micromonospora purpurea)
GA0070618_3821,A0A1C4YCF3,Uncharacterized protein,,20691,Micromonospora echinospora (Micromonospora purpurea)
GA0070618_3822,A0A1C4YDE3,Glucokinase (EC 2.7.1.2) (Glucose kinase),2.7.1.2,32137,Micromonospora echinospora (Micromonospora purpurea)
GA0070618_3823,A0A1C4YCH0,"Metal-dependent hydrolase, endonuclease/exonuclease/phosphatase family",,24821,Micromonospora echinospora (Micromonospora purpurea)
GA0070618_3824,A0A1C4YCF4,Predicted flavoprotein CzcO associated with the cation diffusion facilitator CzcD,,52565,Micromonospora echinospora (Micromonospora purpurea)
GA0070618_3825,A0A1C4YCD3,"Lysophospholipase, alpha-beta hydrolase superfamily",,29238,Micromonospora echinospora (Micromonospora purpurea)
GA0070618_3826,A0A1C4YDI5,Trehalose 6-phosphate synthase,,51890,Micromonospora echinospora (Micromonospora purpurea)
GA0070618_3827,A0A1C4YCB5,DUF308 domain-containing protein,,29083,Micromonospora echinospora (Micromonospora purpurea)
GA0070618_3828,A0A1C4YCM0,1-acyl-sn-glycerol-3-phosphate acyltransferase,,25190,Micromonospora echinospora (Micromonospora purpurea)
GA0070618_3829,A0A1C4YCN1,AAA ATPase domain-containing protein,,126847,Micromonospora echinospora (Micromonospora purpurea)
GA0070618_3830,A0A1C4YCE5,Uncharacterized protein,,6428,Micromonospora echinospora (Micromonospora purpurea)
GA0070618_3831,A0A1C4YCK1,cAMP-binding domain of CRP or a regulatory subunit of cAMP-dependent protein kinases,,24920,Micromonospora echinospora (Micromonospora purpurea)
GA0070618_3832,A0A1C4YCF7,3'-5' exoribonuclease (EC 3.1.13.-),3.1.13.-,19415,Micromonospora echinospora (Micromonospora purpurea)
GA0070618_3833,A0A1C4YCM1,General stress protein 26,,18635,Micromonospora echinospora (Micromonospora purpurea)
GA0070618_3834,A0A1C4YCI0,"Pyrophosphate--fructose 6-phosphate 1-phosphotransferase (EC 2.7.1.90) (6-phosphofructokinase, pyrophosphate dependent) (PPi-dependent phosphofructokinase) (PPi-PFK) (Pyrophosphate-dependent 6-phosphofructose-1-kinase)",2.7.1.90,36649,Micromonospora echinospora (Micromonospora purpurea)
GA0070618_3835,A0A1C4YCJ1,Pyrroline-5-carboxylate reductase (P5C reductase) (P5CR) (EC 1.5.1.2) (PCA reductase),1.5.1.2,28457,Micromonospora echinospora (Micromonospora purpurea)
GA0070618_3836,A0A1C4YDT4,Putative oxidoreductase,,15529,Micromonospora echinospora (Micromonospora purpurea)
GA0070618_3837,A0A1C4YCR3,Concanavalin A-like lectin/glucanases superfamily protein,,245775,Micromonospora echinospora (Micromonospora purpurea)
GA0070618_3838,A0A1C4YCU8,DNA polymerase-3 subunit epsilon,,30403,Micromonospora echinospora (Micromonospora purpurea)
GA0070618_3839,A0A1C4YCV6,5-methylcytosine-specific restriction enzyme B,,100625,Micromonospora echinospora (Micromonospora purpurea)
GA0070618_3840,A0A1C4YCU0,5-methylcytosine-specific restriction enzyme subunit McrC,,44878,Micromonospora echinospora (Micromonospora purpurea)
GA0070618_3841,A0A1C4YCU9,GDSL-like Lipase/Acylhydrolase family protein,,27892,Micromonospora echinospora (Micromonospora purpurea)
GA0070618_3842,A0A1C4YCY6,DNA-binding MarR family transcriptional regulator,,15720,Micromonospora echinospora (Micromonospora purpurea)
GA0070618_3843,A0A1C4YCS1,Glutathione peroxidase,,17331,Micromonospora echinospora (Micromonospora purpurea)
GA0070618_3844,A0A1C4YCY1,Chitinase family 18,,56071,Micromonospora echinospora (Micromonospora purpurea)
GA0070618_3845,A0A1C4YD30,Lipoprotein,,17004,Micromonospora echinospora (Micromonospora purpurea)
GA0070618_3846,A0A1C4YD46,Phospho-2-dehydro-3-deoxyheptonate aldolase (EC 2.5.1.54),2.5.1.54,51191,Micromonospora echinospora (Micromonospora purpurea)
GA0070618_3847,A0A1C4YE65,L-threonine aldolase,,36229,Micromonospora echinospora (Micromonospora purpurea)
GA0070618_3848,A0A1C4YD26,Probable endonuclease 4 (EC 3.1.21.2) (Endodeoxyribonuclease IV) (Endonuclease IV),3.1.21.2,29498,Micromonospora echinospora (Micromonospora purpurea)
GA0070618_3849,A0A1C4YD36,non-specific serine/threonine protein kinase (EC 2.7.11.1),2.7.11.1,71685,Micromonospora echinospora (Micromonospora purpurea)
GA0070618_3850,A0A1C4YD91,Helix-turn-helix domain-containing protein,,13614,Micromonospora echinospora (Micromonospora purpurea)
GA0070618_3851,A0A1C4YE98,Lycopene cyclase domain-containing protein,,15293,Micromonospora echinospora (Micromonospora purpurea)
GA0070618_3852,A0A1C4YD61,Lycopene cyclase domain-containing protein,,13490,Micromonospora echinospora (Micromonospora purpurea)
GA0070618_3853,A0A1C4YD18,"Geranylgeranyl diphosphate synthase, type I",,38431,Micromonospora echinospora (Micromonospora purpurea)
GA0070618_3854,A0A1C4YD76,Helix-turn-helix domain,,46848,Micromonospora echinospora (Micromonospora purpurea)
GA0070618_3855,A0A1C4YDE0,Methylenetetrahydrofolate reductase (EC 1.5.1.54),1.5.1.54,33244,Micromonospora echinospora (Micromonospora purpurea)
GA0070618_3856,A0A1C4YD94,CDP-diacylglycerol--glycerol-3-phosphate 3-phosphatidyltransferase,,24701,Micromonospora echinospora (Micromonospora purpurea)
GA0070618_3857,A0A1C4YDB0,Phytoene desaturase,,53018,Micromonospora echinospora (Micromonospora purpurea)
GA0070618_3858,A0A1C4YDG8,Glycosyltransferase like family 2,,40297,Micromonospora echinospora (Micromonospora purpurea)
GA0070618_3859,A0A1C4YDC2,Putative membrane protein,,31959,Micromonospora echinospora (Micromonospora purpurea)
GA0070618_3860,A0A1C4YD93,Ribosomal protein S18 acetylase RimI,,22931,Micromonospora echinospora (Micromonospora purpurea)
GA0070618_3861,A0A1C4YDA3,Spheroidene monooxygenase,,26885,Micromonospora echinospora (Micromonospora purpurea)
GA0070618_3862,A0A1C4YDF7,Uncharacterized protein,,6286,Micromonospora echinospora (Micromonospora purpurea)
GA0070618_3863,A0A1C4YDQ8,Threonine/homoserine efflux transporter RhtA,,34432,Micromonospora echinospora (Micromonospora purpurea)
GA0070618_3864,A0A1C4YDC5,SAV-6107-like HEPN domain-containing protein,,15207,Micromonospora echinospora (Micromonospora purpurea)
GA0070618_3865,A0A1C4YDH4,Uncharacterized protein,,25046,Micromonospora echinospora (Micromonospora purpurea)
GA0070618_3866,A0A1C4YDI7,Protein ImuB,,62825,Micromonospora echinospora (Micromonospora purpurea)
GA0070618_3867,A0A1C4YDJ6,Error-prone DNA polymerase (EC 2.7.7.7),2.7.7.7,121653,Micromonospora echinospora (Micromonospora purpurea)
GA0070618_3868,A0A1C4YDJ5,Uncharacterized protein,,10349,Micromonospora echinospora (Micromonospora purpurea)
GA0070618_3869,A0A1C4YEP0,Flavin reductase,,8062,Micromonospora echinospora (Micromonospora purpurea)
GA0070618_3870,A0A1C4YDL3,"Transcriptional regulator, AlpA family",,13294,Micromonospora echinospora (Micromonospora purpurea)
GA0070618_3871,A0A1C4YDM4,Probable membrane transporter protein,,25065,Micromonospora echinospora (Micromonospora purpurea)
GA0070618_3872,A0A1C4YDN4,Uncharacterized protein,,6401,Micromonospora echinospora (Micromonospora purpurea)
GA0070618_3873,A0A1C4YDP5,Methyltransferase domain-containing protein,,26502,Micromonospora echinospora (Micromonospora purpurea)
GA0070618_3874,A0A1C4YDQ0,Type I phosphodiesterase / nucleotide pyrophosphatase,,41008,Micromonospora echinospora (Micromonospora purpurea)
GA0070618_3875,A0A1C4YE15,DNA polymerase IV (Pol IV) (EC 2.7.7.7),2.7.7.7,45016,Micromonospora echinospora (Micromonospora purpurea)
GA0070618_3876,A0A1C4YDS3,DUF3040 family protein,,14680,Micromonospora echinospora (Micromonospora purpurea)
GA0070618_3877,A0A1C4YDS8,Transglutaminase-like superfamily protein,,88143,Micromonospora echinospora (Micromonospora purpurea)
GA0070618_3878,A0A1C4YDT8,"Uncharacterized conserved protein, DUF58 family, contains vWF domain",,46116,Micromonospora echinospora (Micromonospora purpurea)
GA0070618_3880,A0A1C4YDU8,Leucine--tRNA ligase (EC 6.1.1.4) (Leucyl-tRNA synthetase) (LeuRS),6.1.1.4,105287,Micromonospora echinospora (Micromonospora purpurea)
GA0070618_3881,A0A1C4YDV7,Uncharacterized protein,,12118,Micromonospora echinospora (Micromonospora purpurea)
GA0070618_3882,A0A1C4YEZ3,Gluconokinase (EC 2.7.1.12),2.7.1.12,19604,Micromonospora echinospora (Micromonospora purpurea)
GA0070618_3883,A0A1C4YE11,D-mannonate dehydratase,,45482,Micromonospora echinospora (Micromonospora purpurea)
GA0070618_3884,A0A1C4YDY9,2-dehydro-3-deoxygluconokinase,,32851,Micromonospora echinospora (Micromonospora purpurea)
GA0070618_3885,A0A1C4YEA2,2-keto-3-deoxy-phosphogluconate aldolase,,20552,Micromonospora echinospora (Micromonospora purpurea)
GA0070618_3886,A0A1C4YEB2,Galactonate dehydratase,,41669,Micromonospora echinospora (Micromonospora purpurea)
GA0070618_3887,A0A1C4YEC1,"Carbohydrate ABC transporter membrane protein 2, CUT1 family",,29583,Micromonospora echinospora (Micromonospora purpurea)
GA0070618_3888,A0A1C4YE06,"Carbohydrate ABC transporter membrane protein 1, CUT1 family",,35049,Micromonospora echinospora (Micromonospora purpurea)
GA0070618_3889,A0A1C4YE17,"Carbohydrate ABC transporter substrate-binding protein, CUT1 family",,45506,Micromonospora echinospora (Micromonospora purpurea)
GA0070618_3890,A0A1C4YE27,"Transcriptional regulator, GntR family",,28088,Micromonospora echinospora (Micromonospora purpurea)
GA0070618_3891,A0A1C4YEC6,TVP38/TMEM64 family membrane protein,,24243,Micromonospora echinospora (Micromonospora purpurea)
GA0070618_3892,A0A1C4YED5,Lipid II isoglutaminyl synthase (glutamine-hydrolyzing) subunit GatD (EC 6.3.5.13) (Lipid II isoglutaminyl synthase glutaminase subunit) (EC 3.5.1.2),3.5.1.2; 6.3.5.13,25178,Micromonospora echinospora (Micromonospora purpurea)
GA0070618_3893,A0A1C4YE83,Lipid II isoglutaminyl synthase (glutamine-hydrolyzing) subunit MurT (EC 6.3.5.13),6.3.5.13,44724,Micromonospora echinospora (Micromonospora purpurea)
GA0070618_3894,A0A1C4YE89,Transcriptional regulator MraZ,,16005,Micromonospora echinospora (Micromonospora purpurea)
GA0070618_3895,A0A1C4YEK4,Ribosomal RNA small subunit methyltransferase H (EC 2.1.1.199) (16S rRNA m(4)C1402 methyltransferase) (rRNA (cytosine-N(4)-)-methyltransferase RsmH),2.1.1.199,40245,Micromonospora echinospora (Micromonospora purpurea)
GA0070618_3896,A0A1C4YEA4,Cell division protein FtsB,,21307,Micromonospora echinospora (Micromonospora purpurea)
GA0070618_3897,A0A1C4YE81,Peptidoglycan synthetase FtsI,,77029,Micromonospora echinospora (Micromonospora purpurea)
GA0070618_3898,A0A1C4YE92,"UDP-N-acetylmuramoyl-L-alanyl-D-glutamate--2,6-diaminopimelate ligase (EC 6.3.2.13) (Meso-A2pm-adding enzyme) (Meso-diaminopimelate-adding enzyme) (UDP-MurNAc-L-Ala-D-Glu:meso-diaminopimelate ligase) (UDP-MurNAc-tripeptide synthetase) (UDP-N-acetylmuramyl-tripeptide synthetase)",6.3.2.13,52096,Micromonospora echinospora (Micromonospora purpurea)
GA0070618_3899,A0A1C4YED6,UDP-N-acetylmuramoyl-tripeptide--D-alanyl-D-alanine ligase (EC 6.3.2.10) (D-alanyl-D-alanine-adding enzyme),6.3.2.10,48263,Micromonospora echinospora (Micromonospora purpurea)
GA0070618_3900,A0A1C4YEB1,Phospho-N-acetylmuramoyl-pentapeptide-transferase (EC 2.7.8.13) (UDP-MurNAc-pentapeptide phosphotransferase),2.7.8.13,39421,Micromonospora echinospora (Micromonospora purpurea)
GA0070618_3901,A0A1C4YFI8,Probable peptidoglycan glycosyltransferase FtsW (EC 2.4.99.28) (Cell division protein FtsW) (Cell wall polymerase) (Peptidoglycan polymerase),2.4.99.28,53874,Micromonospora echinospora (Micromonospora purpurea)
GA0070618_3902,A0A1C4YFJ7,UDP-N-acetylglucosamine--N-acetylmuramyl-(pentapeptide) pyrophosphoryl-undecaprenol N-acetylglucosamine transferase (EC 2.4.1.227) (Undecaprenyl-PP-MurNAc-pentapeptide-UDPGlcNAc GlcNAc transferase),2.4.1.227,39520,Micromonospora echinospora (Micromonospora purpurea)
GA0070618_3903,A0A1C4YEH3,UDP-N-acetylmuramate--L-alanine ligase (EC 6.3.2.8) (UDP-N-acetylmuramoyl-L-alanine synthetase),6.3.2.8,54360,Micromonospora echinospora (Micromonospora purpurea)
GA0070618_3904,A0A1C4YEN6,Cell division protein FtsQ,,29053,Micromonospora echinospora (Micromonospora purpurea)
GA0070618_3905,A0A1C4YEG7,Cell division protein FtsZ,,38314,Micromonospora echinospora (Micromonospora purpurea)
GA0070618_3906,A0A1C4YEK3,Pyridoxal phosphate homeostasis protein (PLP homeostasis protein),,25748,Micromonospora echinospora (Micromonospora purpurea)
GA0070618_3907,A0A1C4YER0,Cell division protein SepF,,26237,Micromonospora echinospora (Micromonospora purpurea)
GA0070618_3908,A0A1C4YEN2,YggT family protein,,11114,Micromonospora echinospora (Micromonospora purpurea)
GA0070618_3909,A0A1C4YEP3,Cell wall synthesis protein Wag31 (Antigen 84),,28979,Micromonospora echinospora (Micromonospora purpurea)
GA0070618_3910,A0A1C4YEW7,Uncharacterized protein,,21336,Micromonospora echinospora (Micromonospora purpurea)
GA0070618_3911,A0A1C4YER1,UPF0235 protein GA0070618_3911,,10213,Micromonospora echinospora (Micromonospora purpurea)
GA0070618_3912,A0A1C4YET2,"Potassium/proton antiporter, CPA1 family",,52467,Micromonospora echinospora (Micromonospora purpurea)
GA0070618_3913,A0A1C4YEW0,"Transcriptional regulator, TraR/DksA family",,17669,Micromonospora echinospora (Micromonospora purpurea)
GA0070618_3914,A0A1C4YEU9,Lipoprotein signal peptidase (EC 3.4.23.36) (Prolipoprotein signal peptidase) (Signal peptidase II) (SPase II),3.4.23.36,23166,Micromonospora echinospora (Micromonospora purpurea)
GA0070618_3915,A0A1C4YF02,Pseudouridine synthase (EC 5.4.99.-),5.4.99.-,33557,Micromonospora echinospora (Micromonospora purpurea)
GA0070618_3916,A0A1C4YEY9,Uncharacterized protein,,34737,Micromonospora echinospora (Micromonospora purpurea)
GA0070618_3917,A0A1C4YEZ5,MinD-like ATPase involved in chromosome partitioning or flagellar assembly,,64150,Micromonospora echinospora (Micromonospora purpurea)
GA0070618_3918,A0A1C4YG29,DUF2567 domain-containing protein,,29083,Micromonospora echinospora (Micromonospora purpurea)
GA0070618_3919,A0A1C4YF19,Lon N-terminal domain-containing protein,,25427,Micromonospora echinospora (Micromonospora purpurea)
GA0070618_3920,A0A1C4YF62,Histidinol dehydrogenase (HDH) (EC 1.1.1.23),1.1.1.23,46315,Micromonospora echinospora (Micromonospora purpurea)
GA0070618_3921,A0A1C4YF44,Histidinol-phosphate aminotransferase (EC 2.6.1.9) (Imidazole acetol-phosphate transaminase),2.6.1.9,39276,Micromonospora echinospora (Micromonospora purpurea)
GA0070618_3922,A0A1C4YFD2,Imidazoleglycerol-phosphate dehydratase (IGPD) (EC 4.2.1.19),4.2.1.19,21924,Micromonospora echinospora (Micromonospora purpurea)
GA0070618_3923,A0A1C4YF53,PEP-CTERM protein-sorting domain-containing protein,,5630,Micromonospora echinospora (Micromonospora purpurea)
GA0070618_3924,A0A1C4YF65,Imidazole glycerol phosphate synthase subunit HisH (EC 4.3.2.10) (IGP synthase glutaminase subunit) (EC 3.5.1.2) (IGP synthase subunit HisH) (ImGP synthase subunit HisH) (IGPS subunit HisH),3.5.1.2; 4.3.2.10,21033,Micromonospora echinospora (Micromonospora purpurea)
GA0070618_3925,A0A1C4YF71,DUF3040 family protein,,12415,Micromonospora echinospora (Micromonospora purpurea)
GA0070618_3926,A0A1C4YF81,1-(5-phosphoribosyl)-5-[(5-phosphoribosylamino)methylideneamino] imidazole-4-carboxamide isomerase (EC 5.3.1.16) (Phosphoribosylformimino-5-aminoimidazole carboxamide ribotide isomerase),5.3.1.16,25171,Micromonospora echinospora (Micromonospora purpurea)
GA0070618_3927,A0A1C4YFI2,"Transcriptional regulator, MarR family",,16548,Micromonospora echinospora (Micromonospora purpurea)
GA0070618_3928,A0A1C4YFA2,"Peroxiredoxin, Ohr subfamily",,14687,Micromonospora echinospora (Micromonospora purpurea)
GA0070618_3929,A0A1C4YFC8,Enoyl reductase (ER) domain-containing protein,,35293,Micromonospora echinospora (Micromonospora purpurea)
GA0070618_3930,A0A1C4YFF8,Imidazole glycerol phosphate synthase subunit HisF (EC 4.3.2.10) (IGP synthase cyclase subunit) (IGP synthase subunit HisF) (ImGP synthase subunit HisF) (IGPS subunit HisF),4.3.2.10,27852,Micromonospora echinospora (Micromonospora purpurea)
GA0070618_3931,A0A1C4YFI9,Uncharacterized protein,,16794,Micromonospora echinospora (Micromonospora purpurea)
GA0070618_3932,A0A1C4YFQ3,Uncharacterized membrane protein YczE,,22261,Micromonospora echinospora (Micromonospora purpurea)
GA0070618_3933,A0A1C4YFJ3,"Transcriptional regulator, GntR family",,52081,Micromonospora echinospora (Micromonospora purpurea)
GA0070618_3934,A0A1C4YFL4,Acyl-CoA synthetase,,65024,Micromonospora echinospora (Micromonospora purpurea)
GA0070618_3935,A0A1C4YFK8,Terpene synthase (EC 4.2.3.-),4.2.3.-,32542,Micromonospora echinospora (Micromonospora purpurea)
GA0070618_3936,A0A1C4YGQ1,TIGR03085 family protein,,24698,Micromonospora echinospora (Micromonospora purpurea)
GA0070618_3937,A0A1C4YFN3,"ABC-type multidrug transport system, ATPase and permease component",,66131,Micromonospora echinospora (Micromonospora purpurea)
GA0070618_3938,A0A1C4YFW4,"ABC-type multidrug transport system, ATPase and permease component",,64786,Micromonospora echinospora (Micromonospora purpurea)
GA0070618_3939,A0A1C4YFN7,DUF2470 domain-containing protein,,26820,Micromonospora echinospora (Micromonospora purpurea)
GA0070618_3940,A0A1C4YGV5,"Transcriptional regulator, TetR family",,21821,Micromonospora echinospora (Micromonospora purpurea)
GA0070618_3941,A0A1C4YFV6,Transport permease protein,,26607,Micromonospora echinospora (Micromonospora purpurea)
GA0070618_3942,A0A1C4YFW9,ABC-2 type transport system ATP-binding protein,,25644,Micromonospora echinospora (Micromonospora purpurea)
GA0070618_3943,A0A1C4YFX6,Phosphoribosyl-AMP cyclohydrolase (PRA-CH) (EC 3.5.4.19),3.5.4.19,17508,Micromonospora echinospora (Micromonospora purpurea)
GA0070618_3944,A0A1C4YFY6,Anthranilate synthase component 1 (EC 4.1.3.27),4.1.3.27,54859,Micromonospora echinospora (Micromonospora purpurea)
GA0070618_3945,A0A1C4YFZ1,Tryptophan-associated transmembrane protein (Trp_oprn_chp),,20041,Micromonospora echinospora (Micromonospora purpurea)
GA0070618_3946,A0A1C4YG04,Uncharacterized protein,,9352,Micromonospora echinospora (Micromonospora purpurea)
GA0070618_3947,A0A1C4YG40,Indole-3-glycerol phosphate synthase (IGPS) (EC 4.1.1.48),4.1.1.48,30120,Micromonospora echinospora (Micromonospora purpurea)
GA0070618_3948,A0A1C4YG46,Tryptophan synthase beta chain (EC 4.2.1.20),4.2.1.20,43568,Micromonospora echinospora (Micromonospora purpurea)
GA0070618_3949,A0A1C4YG60,Tryptophan synthase alpha chain (EC 4.2.1.20),4.2.1.20,27013,Micromonospora echinospora (Micromonospora purpurea)
GA0070618_3950,A0A1C4YG51,8-oxo-dGTP diphosphatase,,20910,Micromonospora echinospora (Micromonospora purpurea)
GA0070618_3951,A0A1C4YH88,Phosphatidylglycerol--prolipoprotein diacylglyceryl transferase (EC 2.5.1.145),2.5.1.145,41933,Micromonospora echinospora (Micromonospora purpurea)
GA0070618_3952,A0A1C4YHA0,2-polyprenyl-6-methoxyphenol hydroxylase,,41960,Micromonospora echinospora (Micromonospora purpurea)
GA0070618_3953,A0A1C4YGD2,FR47-like protein,,29372,Micromonospora echinospora (Micromonospora purpurea)
GA0070618_3954,A0A1C4YG88,Glutamate synthase (NADH) large subunit,,168269,Micromonospora echinospora (Micromonospora purpurea)
GA0070618_3955,A0A1C4YGC1,Glutamate synthase (NADH) small subunit,,52508,Micromonospora echinospora (Micromonospora purpurea)
GA0070618_3956,A0A1C4YGJ5,ABC-type branched-subunit amino acid transport system substrate-binding protein,,99335,Micromonospora echinospora (Micromonospora purpurea)
GA0070618_3957,A0A1C4YGE2,GDSL-like Lipase/Acylhydrolase family protein,,27683,Micromonospora echinospora (Micromonospora purpurea)
GA0070618_3958,A0A1C4YGC7,FtsK/SpoIIIE family protein,,88216,Micromonospora echinospora (Micromonospora purpurea)
GA0070618_3959,A0A1C4YHH4,Uncharacterized protein,,27942,Micromonospora echinospora (Micromonospora purpurea)
GA0070618_3960,A0A1C4YGJ9,Uncharacterized protein,,28749,Micromonospora echinospora (Micromonospora purpurea)
GA0070618_3961,A0A1C4YGG6,Uncharacterized protein,,6389,Micromonospora echinospora (Micromonospora purpurea)
GA0070618_3962,A0A1C4YGI2,"Regulatory protein, gntR family",,7467,Micromonospora echinospora (Micromonospora purpurea)
GA0070618_3963,A0A1C4YGJ1,Uncharacterized protein,,14788,Micromonospora echinospora (Micromonospora purpurea)
GA0070618_3964,A0A1C4YGI7,Transposase,,30786,Micromonospora echinospora (Micromonospora purpurea)
GA0070618_3965,A0A1C4YGP9,Uncharacterized protein,,8940,Micromonospora echinospora (Micromonospora purpurea)
GA0070618_3966,A0A1C4YGL7,Uncharacterized protein,,21897,Micromonospora echinospora (Micromonospora purpurea)
GA0070618_3968,A0A1C4YGM7,AIPR protein,,78832,Micromonospora echinospora (Micromonospora purpurea)
GA0070618_3969,A0A1C4YGN5,Type I restriction enzyme endonuclease subunit (R protein) (EC 3.1.21.3),3.1.21.3,119935,Micromonospora echinospora (Micromonospora purpurea)
GA0070618_3970,A0A1C4YHU8,"Type I restriction enzyme, S subunit",,43277,Micromonospora echinospora (Micromonospora purpurea)
GA0070618_3971,A0A1C4YGR6,site-specific DNA-methyltransferase (adenine-specific) (EC 2.1.1.72),2.1.1.72,60317,Micromonospora echinospora (Micromonospora purpurea)
GA0070618_3972,A0A1C4YGT3,N-6 DNA methylase,,73349,Micromonospora echinospora (Micromonospora purpurea)
GA0070618_3974,A0A1C4YGT5,Uncharacterized protein,,18442,Micromonospora echinospora (Micromonospora purpurea)
GA0070618_3975,A0A1C4YH03,TerD domain,,77867,Micromonospora echinospora (Micromonospora purpurea)
GA0070618_3976,A0A1C4YGV6,SH3 domain-containing protein,,10940,Micromonospora echinospora (Micromonospora purpurea)
GA0070618_3977,A0A1C4YGZ8,Uncharacterized protein,,6328,Micromonospora echinospora (Micromonospora purpurea)
GA0070618_3978,A0A1C4YH71,Uncharacterized protein,,15287,Micromonospora echinospora (Micromonospora purpurea)
GA0070618_3979,A0A1C4YGZ2,"Membrane protein TerC, possibly involved in tellurium resistance",,29301,Micromonospora echinospora (Micromonospora purpurea)
GA0070618_3980,A0A1C4YHA2,Dihydrofolate reductase,,18683,Micromonospora echinospora (Micromonospora purpurea)
GA0070618_3981,A0A1C4YH57,"Triacylglycerol esterase/lipase EstA, alpha/beta hydrolase fold",,27052,Micromonospora echinospora (Micromonospora purpurea)
GA0070618_3982,A0A1C4YI83,Peptidase inhibitor family I36,,20393,Micromonospora echinospora (Micromonospora purpurea)
GA0070618_3983,A0A1C4YI92,Predicted oxidoreductase,,31735,Micromonospora echinospora (Micromonospora purpurea)
GA0070618_3984,A0A1C4YH62,Choline dehydrogenase,,56807,Micromonospora echinospora (Micromonospora purpurea)
GA0070618_3985,A0A1C4YHG0,Uncharacterized protein,,7764,Micromonospora echinospora (Micromonospora purpurea)
GA0070618_3986,A0A1C4YHB7,Pyruvate kinase (EC 2.7.1.40),2.7.1.40,51301,Micromonospora echinospora (Micromonospora purpurea)
GA0070618_3987,A0A1C4YIE5,Acyl-CoA thioesterase-2,,32144,Micromonospora echinospora (Micromonospora purpurea)
GA0070618_3988,A0A1C4YH99,"Transcriptional regulator, BadM/Rrf2 family",,16841,Micromonospora echinospora (Micromonospora purpurea)
GA0070618_3989,A0A1C4YHD0,Aromatic-L-amino-acid decarboxylase,,51595,Micromonospora echinospora (Micromonospora purpurea)
GA0070618_3990,A0A1C4YHE3,Cellulose binding domain-containing protein,,79373,Micromonospora echinospora (Micromonospora purpurea)
GA0070618_3991,A0A1C4YHE0,"Luciferase family oxidoreductase, group 1",,36770,Micromonospora echinospora (Micromonospora purpurea)
GA0070618_3992,A0A1C4YHG2,"Transcriptional regulator, AsnC family",,16865,Micromonospora echinospora (Micromonospora purpurea)
GA0070618_3993,A0A1C4YHG3,Methionine-gamma-lyase,,40364,Micromonospora echinospora (Micromonospora purpurea)
GA0070618_3994,A0A1C4YHH3,Uncharacterized conserved protein,,12798,Micromonospora echinospora (Micromonospora purpurea)
GA0070618_3995,A0A1C4YIL2,"RNA polymerase, sigma subunit, ECF family",,44121,Micromonospora echinospora (Micromonospora purpurea)
GA0070618_3996,A0A1C4YHI2,DOD-type homing endonuclease domain-containing protein,,23213,Micromonospora echinospora (Micromonospora purpurea)
GA0070618_3998,A0A1C4YHJ3,Response regulator receiver and ANTAR domain protein,,22504,Micromonospora echinospora (Micromonospora purpurea)
GA0070618_3999,A0A1C4YHK2,Uncharacterized protein,,39535,Micromonospora echinospora (Micromonospora purpurea)
GA0070618_4000,A0A1C4YHL2,Branched-chain amino acid transport system substrate-binding protein,,39297,Micromonospora echinospora (Micromonospora purpurea)
GA0070618_4001,A0A1C4YHM8,"Amino acid/amide ABC transporter membrane protein 1, HAAT family",,33173,Micromonospora echinospora (Micromonospora purpurea)
GA0070618_4002,A0A1C4YHT1,Branched-chain amino acid transport system permease protein,,40679,Micromonospora echinospora (Micromonospora purpurea)
GA0070618_4003,A0A1C4YHU3,Branched-chain amino acid transport system ATP-binding protein,,31305,Micromonospora echinospora (Micromonospora purpurea)
GA0070618_4004,A0A1C4YHZ4,"Amino acid/amide ABC transporter ATP-binding protein 2, HAAT family",,25554,Micromonospora echinospora (Micromonospora purpurea)
GA0070618_4005,A0A1C4YHS3,Polar amino acid transport system substrate-binding protein,,31197,Micromonospora echinospora (Micromonospora purpurea)
GA0070618_4006,A0A1C4YHS2,"Amino acid ABC transporter membrane protein, PAAT family",,35976,Micromonospora echinospora (Micromonospora purpurea)
GA0070618_4007,A0A1C4YHU9,Polar amino acid transport system ATP-binding protein,,30615,Micromonospora echinospora (Micromonospora purpurea)
GA0070618_4008,A0A1C4YHY5,DNA polymerase I (EC 2.7.7.7),2.7.7.7,98293,Micromonospora echinospora (Micromonospora purpurea)
GA0070618_4009,A0A1C4YI14,DNA-binding protein,,16485,Micromonospora echinospora (Micromonospora purpurea)
GA0070618_4010,A0A1C4YI42,Hypervirulence associated protein TUDOR domain-containing protein,,8286,Micromonospora echinospora (Micromonospora purpurea)
GA0070618_4011,A0A1C4YHZ7,"Endonuclease, Uma2 family (Restriction endonuclease fold)",,20254,Micromonospora echinospora (Micromonospora purpurea)
GA0070618_4012,A0A1C4YI96,Methyltransferase domain-containing protein,,29569,Micromonospora echinospora (Micromonospora purpurea)
GA0070618_4013,A0A1C4YI78,Small subunit ribosomal protein S1,,55017,Micromonospora echinospora (Micromonospora purpurea)
GA0070618_4014,A0A1C4YI34,Dephospho-CoA kinase (EC 2.7.1.24) (Dephosphocoenzyme A kinase),2.7.1.24,42720,Micromonospora echinospora (Micromonospora purpurea)
GA0070618_4015,A0A1C4YI84,Type VII secretion protein EccB,,63355,Micromonospora echinospora (Micromonospora purpurea)
GA0070618_4016,A0A1C4YI94,UvrABC system protein B (Protein UvrB) (Excinuclease ABC subunit B),,79617,Micromonospora echinospora (Micromonospora purpurea)
GA0070618_4017,A0A1C4YIF6,Helix-turn-helix domain-containing protein,,31722,Micromonospora echinospora (Micromonospora purpurea)
GA0070618_4018,A0A1C4YI85,3-oxoacyl-[acyl-carrier protein] reductase,,26484,Micromonospora echinospora (Micromonospora purpurea)
GA0070618_4019,A0A1C4YI67,Heme-degrading monooxygenase HmoA,,15433,Micromonospora echinospora (Micromonospora purpurea)
GA0070618_4020,A0A1C4YI99,Tellurite resistance protein TerC,,36742,Micromonospora echinospora (Micromonospora purpurea)
GA0070618_4021,A0A1C4YIF7,NlpC/P60 family protein,,33812,Micromonospora echinospora (Micromonospora purpurea)
GA0070618_4022,A0A1C4YIJ6,Dipeptide epimerase (EC 5.1.1.-),5.1.1.-,38231,Micromonospora echinospora (Micromonospora purpurea)
GA0070618_4023,A0A1C4YID9,Protein-tyrosine phosphatase,,28729,Micromonospora echinospora (Micromonospora purpurea)
GA0070618_4024,A0A1C4YJL8,Uncharacterized membrane protein YhhN,,23140,Micromonospora echinospora (Micromonospora purpurea)
GA0070618_4025,A0A1C4YIG8,Beta-lactamase class A,,29711,Micromonospora echinospora (Micromonospora purpurea)
GA0070618_4026,A0A1C4YIP3,Large ribosomal subunit assembly factor BipA (EC 3.6.5.-) (GTP-binding protein BipA),3.6.5.-,68434,Micromonospora echinospora (Micromonospora purpurea)
GA0070618_4027,A0A1C4YIJ3,Undecaprenyl-diphosphatase,,54630,Micromonospora echinospora (Micromonospora purpurea)
GA0070618_4028,A0A1C4YIT0,Transglycosylase SLT domain-containing protein,,30633,Micromonospora echinospora (Micromonospora purpurea)
GA0070618_4029,A0A1C4YIQ0,DUF839 domain-containing protein,,52681,Micromonospora echinospora (Micromonospora purpurea)
GA0070618_4030,A0A1C4YIT3,Putative drug exporter of the RND superfamily,,73201,Micromonospora echinospora (Micromonospora purpurea)
GA0070618_4031,A0A1C4YIZ4,"DNA-binding transcriptional regulator, MarR family",,19410,Micromonospora echinospora (Micromonospora purpurea)
GA0070618_4032,A0A1C4YIT6,Xaa-Pro dipeptidyl-peptidase C-terminal domain-containing protein,,59482,Micromonospora echinospora (Micromonospora purpurea)
GA0070618_4033,A0A1C4YIT9,Cold-shock DNA-binding protein family,,7322,Micromonospora echinospora (Micromonospora purpurea)
GA0070618_4034,A0A1C4YIT5,Predicted nicotinamide N-methyase,,25046,Micromonospora echinospora (Micromonospora purpurea)
GA0070618_4035,A0A1C4YIZ3,"Membrane protein DedA, SNARE-associated domain",,21247,Micromonospora echinospora (Micromonospora purpurea)
GA0070618_4036,A0A1C4YJ69,Uncharacterized protein,,7516,Micromonospora echinospora (Micromonospora purpurea)
GA0070618_4037,A0A1C4YJ94,"Glyoxylase, beta-lactamase superfamily II",,23295,Micromonospora echinospora (Micromonospora purpurea)
GA0070618_4038,A0A1C4YIZ9,Maleylpyruvate isomerase,,25329,Micromonospora echinospora (Micromonospora purpurea)
GA0070618_4039,A0A1C4YJ08,Small ribosomal subunit biogenesis GTPase RsgA (EC 3.6.1.-),3.6.1.-,36279,Micromonospora echinospora (Micromonospora purpurea)
GA0070618_4040,A0A1C4YJ58,UvrABC system protein A (UvrA protein) (Excinuclease ABC subunit A),,107489,Micromonospora echinospora (Micromonospora purpurea)
GA0070618_4041,A0A1C4YJ39,Cytochrome bc1 complex Rieske iron-sulfur subunit (Cytochrome bc1 reductase complex subunit QcrA) (Rieske iron-sulfur protein),,15454,Micromonospora echinospora (Micromonospora purpurea)
GA0070618_4042,A0A1C4YJF9,Acyl-homoserine lactone (AHL) acylase PvdQ,,114608,Micromonospora echinospora (Micromonospora purpurea)
GA0070618_4043,A0A1C4YJE6,"Metal-dependent hydrolase, endonuclease/exonuclease/phosphatase family",,32780,Micromonospora echinospora (Micromonospora purpurea)
GA0070618_4044,A0A1C4YJ81,UvrABC system protein C (Protein UvrC) (Excinuclease ABC subunit C),,71813,Micromonospora echinospora (Micromonospora purpurea)
GA0070618_4045,A0A1C4YJC6,Secreted protein,,16587,Micromonospora echinospora (Micromonospora purpurea)
GA0070618_4046,A0A1C4YJK8,Uncharacterized protein,,6234,Micromonospora echinospora (Micromonospora purpurea)
GA0070618_4047,A0A1C4YJI4,DNA helicase RecQ (EC 5.6.2.4),5.6.2.4,67108,Micromonospora echinospora (Micromonospora purpurea)
GA0070618_4048,A0A1C4YJE7,Carboxypeptidase regulatory-like domain-containing protein,,16459,Micromonospora echinospora (Micromonospora purpurea)
GA0070618_4049,A0A1C4YJP9,Serine protease (EC 3.4.21.-),3.4.21.-,32390,Micromonospora echinospora (Micromonospora purpurea)
GA0070618_4050,A0A1C4YJF5,UPF0042 nucleotide-binding protein,,34450,Micromonospora echinospora (Micromonospora purpurea)
GA0070618_4051,A0A1C4YJI1,Putative gluconeogenesis factor,,38165,Micromonospora echinospora (Micromonospora purpurea)
GA0070618_4052,A0A1C4YJU0,Probable cell division protein WhiA,,34909,Micromonospora echinospora (Micromonospora purpurea)
GA0070618_4053,A0A1C4YJU7,Glyceraldehyde-3-phosphate dehydrogenase (EC 1.2.1.-),1.2.1.-,35334,Micromonospora echinospora (Micromonospora purpurea)
GA0070618_4054,A0A1C4YJL7,Phosphoglycerate kinase (EC 2.7.2.3),2.7.2.3,41648,Micromonospora echinospora (Micromonospora purpurea)
GA0070618_4055,A0A1C4YJX7,Triosephosphate isomerase (TIM) (TPI) (EC 5.3.1.1) (Triose-phosphate isomerase),5.3.1.1,28039,Micromonospora echinospora (Micromonospora purpurea)
GA0070618_4056,A0A1C4YJW3,Protein-export membrane protein SecG,,9597,Micromonospora echinospora (Micromonospora purpurea)
GA0070618_4057,A0A1C4YJS8,6-phosphogluconolactonase (6PGL) (EC 3.1.1.31),3.1.1.31,26857,Micromonospora echinospora (Micromonospora purpurea)
GA0070618_4058,A0A1C4YK05,Glucose-6-phosphate dehydrogenase assembly protein OpcA,,36749,Micromonospora echinospora (Micromonospora purpurea)
GA0070618_4059,A0A1C4YK15,Glucose-6-phosphate 1-dehydrogenase (G6PD) (EC 1.1.1.49),1.1.1.49,56146,Micromonospora echinospora (Micromonospora purpurea)
GA0070618_4060,A0A1C4YJS3,Glucose-6-phosphate isomerase (EC 5.3.1.9),5.3.1.9,56163,Micromonospora echinospora (Micromonospora purpurea)
GA0070618_4061,A0A1C4YL14,Transaldolase (EC 2.2.1.2),2.2.1.2,40776,Micromonospora echinospora (Micromonospora purpurea)
GA0070618_4062,A0A1C4YK22,transketolase (EC 2.2.1.1),2.2.1.1,76944,Micromonospora echinospora (Micromonospora purpurea)
GA0070618_4063,A0A1C4YJZ2,Protoheme IX farnesyltransferase (EC 2.5.1.141) (Heme B farnesyltransferase) (Heme O synthase),2.5.1.141,34097,Micromonospora echinospora (Micromonospora purpurea)
GA0070618_4064,A0A1C4YK76,Uncharacterized protein,,11727,Micromonospora echinospora (Micromonospora purpurea)
GA0070618_4065,A0A1C4YK58,"Glutathione synthase/RimK-type ligase, ATP-grasp superfamily",,32804,Micromonospora echinospora (Micromonospora purpurea)
GA0070618_4066,A0A1C4YK93,Cytochrome c oxidase assembly protein subunit 15,,33204,Micromonospora echinospora (Micromonospora purpurea)
GA0070618_4067,A0A1C4YK04,"Predicted transcriptional regulator, ArsR family",,26010,Micromonospora echinospora (Micromonospora purpurea)
GA0070618_4068,A0A1C4YK63,Iron-regulated ABC transporter membrane component SufB,,52889,Micromonospora echinospora (Micromonospora purpurea)
GA0070618_4069,A0A1C4YK74,Iron-regulated ABC transporter permease protein SufD,,41130,Micromonospora echinospora (Micromonospora purpurea)
GA0070618_4070,A0A1C4YK34,3-phenylpropionate/trans-cinnamate dioxygenase ferredoxin subunit,,11273,Micromonospora echinospora (Micromonospora purpurea)
GA0070618_4071,A0A1C4YK98,Fe-S cluster assembly ATP-binding protein,,27681,Micromonospora echinospora (Micromonospora purpurea)
GA0070618_4072,A0A1C4YK54,cysteine desulfurase (EC 2.8.1.7),2.8.1.7,46661,Micromonospora echinospora (Micromonospora purpurea)
GA0070618_4073,A0A1C4YK64,Nitrogen fixation protein NifU,,16783,Micromonospora echinospora (Micromonospora purpurea)
GA0070618_4074,A0A1C4YKH2,Metal-sulfur cluster biosynthetic enzyme,,16223,Micromonospora echinospora (Micromonospora purpurea)
GA0070618_4075,A0A1C4YKD7,Arginine exporter protein ArgO,,20458,Micromonospora echinospora (Micromonospora purpurea)
GA0070618_4076,A0A1C4YK94,Actinobacteria/chloroflexi VLRF1 release factor domain-containing protein,,22682,Micromonospora echinospora (Micromonospora purpurea)
GA0070618_4077,A0A1C4YKA5,"DNA-binding transcriptional regulator, MerR family",,35713,Micromonospora echinospora (Micromonospora purpurea)
GA0070618_4078,A0A1C4YKB8,HEAT repeat protein,,24244,Micromonospora echinospora (Micromonospora purpurea)
GA0070618_4079,A0A1C4YKK3,Uncharacterized protein,,19097,Micromonospora echinospora (Micromonospora purpurea)
GA0070618_4080,A0A1C4YKL1,WD40-like Beta Propeller Repeat,,46564,Micromonospora echinospora (Micromonospora purpurea)
GA0070618_4081,A0A1C4YKM1,DUF1963 domain-containing protein,,34214,Micromonospora echinospora (Micromonospora purpurea)
GA0070618_4082,A0A1C4YKN1,Uncharacterized protein,,26082,Micromonospora echinospora (Micromonospora purpurea)
GA0070618_4083,A0A1C4YKG7,Group 1 truncated hemoglobin,,12960,Micromonospora echinospora (Micromonospora purpurea)
GA0070618_4084,A0A1C4YKG6,DUF559 domain-containing protein,,36541,Micromonospora echinospora (Micromonospora purpurea)
GA0070618_4085,A0A1C4YLP3,Uncharacterized protein,,9975,Micromonospora echinospora (Micromonospora purpurea)
GA0070618_4086,A0A1C4YKS9,DivIVA domain-containing protein,,10844,Micromonospora echinospora (Micromonospora purpurea)
GA0070618_4087,A0A1C4YKM3,"Regulatory protein, gntR family",,8965,Micromonospora echinospora (Micromonospora purpurea)
GA0070618_4088,A0A1C4YKT1,Neutral zinc metallopeptidase,,32495,Micromonospora echinospora (Micromonospora purpurea)
GA0070618_4089,A0A1C4YKL2,ATPase components of ABC transporters with duplicated ATPase domains,,57482,Micromonospora echinospora (Micromonospora purpurea)
GA0070618_4090,A0A1C4YKS5,"Protein N-acetyltransferase, RimJ/RimL family",,21747,Micromonospora echinospora (Micromonospora purpurea)
GA0070618_4091,A0A1C4YKY6,"Cadmium resistance protein CadD, predicted permease",,20276,Micromonospora echinospora (Micromonospora purpurea)
GA0070618_4092,A0A1C4YKP5,Helix-turn-helix domain-containing protein,,8118,Micromonospora echinospora (Micromonospora purpurea)
GA0070618_4093,A0A1C4YKV5,Enoyl-CoA hydratase/carnithine racemase,,26518,Micromonospora echinospora (Micromonospora purpurea)
GA0070618_4094,A0A1C4YKQ7,"ATP-binding cassette, subfamily B",,71268,Micromonospora echinospora (Micromonospora purpurea)
GA0070618_4095,A0A1C4YKW8,G/U mismatch-specific uracil-DNA glycosylase,,21659,Micromonospora echinospora (Micromonospora purpurea)
GA0070618_4096,A0A1C4YKS7,3-oxoacyl-[acyl-carrier protein] reductase,,26729,Micromonospora echinospora (Micromonospora purpurea)
GA0070618_4097,A0A1C4YKU8,Uncharacterized protein,,17769,Micromonospora echinospora (Micromonospora purpurea)
GA0070618_4098,A0A1C4YL03,Uncharacterized protein,,30111,Micromonospora echinospora (Micromonospora purpurea)
GA0070618_4099,A0A1C4YKW9,TIGR04222 domain-containing protein,,30995,Micromonospora echinospora (Micromonospora purpurea)
GA0070618_4100,A0A1C4YKX1,"Transcriptional regulator, TetR family",,21186,Micromonospora echinospora (Micromonospora purpurea)
GA0070618_4101,A0A1C4YL33,Predicted amidohydrolase,,30152,Micromonospora echinospora (Micromonospora purpurea)
GA0070618_4102,A0A1C4YKZ4,non-specific serine/threonine protein kinase (EC 2.7.11.1),2.7.11.1,34924,Micromonospora echinospora (Micromonospora purpurea)
GA0070618_4103,A0A1C4YL54,DUF2630 family protein,,9579,Micromonospora echinospora (Micromonospora purpurea)
GA0070618_4104,A0A1C4YL64,Mycothiol synthase,,32921,Micromonospora echinospora (Micromonospora purpurea)
GA0070618_4105,A0A1C4YM92,Cytochrome P450,,51799,Micromonospora echinospora (Micromonospora purpurea)
GA0070618_4106,A0A1C4YMA2,"Terpene synthase family, metal binding domain",,32865,Micromonospora echinospora (Micromonospora purpurea)
GA0070618_4107,A0A1C4YL62,Squalene-hopene cyclase C-terminal domain-containing protein,,56772,Micromonospora echinospora (Micromonospora purpurea)
GA0070618_4108,A0A1C4YLC9,histidine kinase (EC 2.7.13.3),2.7.13.3,91547,Micromonospora echinospora (Micromonospora purpurea)
GA0070618_4109,A0A1C4YLG4,"Predicted regulator of Ras-like GTPase activity, Roadblock/LC7/MglB family",,14721,Micromonospora echinospora (Micromonospora purpurea)
GA0070618_4110,A0A1C4YLE0,DUF742 domain-containing protein,,12957,Micromonospora echinospora (Micromonospora purpurea)
GA0070618_4111,A0A1C4YL96,"Signal recognition particle receptor subunit beta, a GTPase",,21430,Micromonospora echinospora (Micromonospora purpurea)
GA0070618_4112,A0A1C4YLG8,Pectate lyase,,70307,Micromonospora echinospora (Micromonospora purpurea)
GA0070618_4113,A0A1C4YLB6,Aconitate hydratase,,101267,Micromonospora echinospora (Micromonospora purpurea)
GA0070618_4114,A0A1C4U678,Peptidase_C39 like family protein,,23437,Micromonospora echinospora (Micromonospora purpurea)
GA0070618_4115,A0A1C4YLK7,Arsenate reductase,,13888,Micromonospora echinospora (Micromonospora purpurea)
GA0070618_4116,A0A1C4YMJ8,Peptidase_C39 like family protein,,23280,Micromonospora echinospora (Micromonospora purpurea)
GA0070618_4117,A0A1C4YLD7,Pectate lyase superfamily protein,,58643,Micromonospora echinospora (Micromonospora purpurea)
GA0070618_4118,A0A1C4YLE9,Secreted protein,,6902,Micromonospora echinospora (Micromonospora purpurea)
GA0070618_4119,A0A1C4YLL2,Guanylate cyclase,,25124,Micromonospora echinospora (Micromonospora purpurea)
GA0070618_4120,A0A1C4YLH5,SnoaL-like domain-containing protein,,13544,Micromonospora echinospora (Micromonospora purpurea)
GA0070618_4121,A0A1C4YLJ1,Cellulose binding domain-containing protein,,22640,Micromonospora echinospora (Micromonospora purpurea)
GA0070618_4122,A0A1C4YLK0,alpha-amylase (EC 3.2.1.1),3.2.1.1,196648,Micromonospora echinospora (Micromonospora purpurea)
GA0070618_4123,A0A1C4YLK4,Outer membrane repeat protein,,53233,Micromonospora echinospora (Micromonospora purpurea)
GA0070618_4124,A0A1C4YMT9,Xaa-Pro aminopeptidase,,54447,Micromonospora echinospora (Micromonospora purpurea)
GA0070618_4125,A0A1C4YMU9,asparagine synthase (glutamine-hydrolyzing) (EC 6.3.5.4),6.3.5.4,73332,Micromonospora echinospora (Micromonospora purpurea)
GA0070618_4126,A0A1C4YLQ3,Fructokinase,,31466,Micromonospora echinospora (Micromonospora purpurea)
GA0070618_4127,A0A1C4YLX5,Metallo-beta-lactamase type 2 (EC 3.5.2.6) (B2 metallo-beta-lactamase) (Metallo-beta-lactamase type II),3.5.2.6,29265,Micromonospora echinospora (Micromonospora purpurea)
GA0070618_4128,A0A1C4YLN9,Thioesterase superfamily,,13703,Micromonospora echinospora (Micromonospora purpurea)
GA0070618_4129,A0A1C4YLU7,PAP2 superfamily protein,,37029,Micromonospora echinospora (Micromonospora purpurea)
GA0070618_4130,A0A1C4YLR1,Putative membrane protein,,49178,Micromonospora echinospora (Micromonospora purpurea)
GA0070618_4131,A0A1C4YLX1,YdbS-like PH domain-containing protein,,18966,Micromonospora echinospora (Micromonospora purpurea)
GA0070618_4132,A0A1C4YM15,Acetone carboxylase,,9728,Micromonospora echinospora (Micromonospora purpurea)
GA0070618_4133,A0A1C4YLU1,MoxR-like ATPase,,40270,Micromonospora echinospora (Micromonospora purpurea)
GA0070618_4134,A0A1C4YLV3,DUF58 domain-containing protein,,35282,Micromonospora echinospora (Micromonospora purpurea)
GA0070618_4135,A0A1C4YM66,Ca-activated chloride channel family protein,,33788,Micromonospora echinospora (Micromonospora purpurea)
GA0070618_4136,A0A1C4YM76,3-oxoacyl-[acyl-carrier-protein] reductase,,24429,Micromonospora echinospora (Micromonospora purpurea)
GA0070618_4137,A0A1C4YM91,Enoyl-[acyl-carrier-protein] reductase [NADH] (EC 1.3.1.9),1.3.1.9,26726,Micromonospora echinospora (Micromonospora purpurea)
GA0070618_4138,A0A1C4YN73,Coproporphyrin III ferrochelatase (EC 4.99.1.9),4.99.1.9,37205,Micromonospora echinospora (Micromonospora purpurea)
GA0070618_4139,A0A1C4YM00,NagD protein,,27882,Micromonospora echinospora (Micromonospora purpurea)
GA0070618_4140,A0A1C4YM06,Uncharacterized protein,,25559,Micromonospora echinospora (Micromonospora purpurea)
GA0070618_4141,A0A1C4YM22,DUF3097 family protein,,30025,Micromonospora echinospora (Micromonospora purpurea)
GA0070618_4142,A0A1C4YM29,"CubicO group peptidase, beta-lactamase class C family",,47149,Micromonospora echinospora (Micromonospora purpurea)
GA0070618_4143,A0A1C4YMB4,Membrane protein implicated in regulation of membrane protease activity,,17108,Micromonospora echinospora (Micromonospora purpurea)
GA0070618_4144,A0A1C4YME0,"Regulator of protease activity HflC, stomatin/prohibitin superfamily",,39866,Micromonospora echinospora (Micromonospora purpurea)
GA0070618_4145,A0A1C4YMF0,Uncharacterized protein,,26431,Micromonospora echinospora (Micromonospora purpurea)
GA0070618_4146,A0A1C4YME7,Membrane carboxypeptidase (Penicillin-binding protein),,79140,Micromonospora echinospora (Micromonospora purpurea)
GA0070618_4147,A0A1C4YM93,DUF4352 domain-containing protein,,20577,Micromonospora echinospora (Micromonospora purpurea)
GA0070618_4148,A0A1C4YML0,2-dehydro-3-deoxy-phosphogluconate aldolase (EC 4.1.2.14),4.1.2.14,20934,Micromonospora echinospora (Micromonospora purpurea)
GA0070618_4149,A0A1C4YMI5,Xylulokinase,,45885,Micromonospora echinospora (Micromonospora purpurea)
GA0070618_4150,A0A1C4YMJ3,1-phosphofructokinase,,32966,Micromonospora echinospora (Micromonospora purpurea)
GA0070618_4151,A0A1C4YMP0,Sugar phosphate isomerase/epimerase,,36504,Micromonospora echinospora (Micromonospora purpurea)
GA0070618_4152,A0A1C4YML3,Ribose transport system permease protein,,35596,Micromonospora echinospora (Micromonospora purpurea)
GA0070618_4153,A0A1C4YMQ2,Autoinducer 2 import ATP-binding protein LsrA (EC 7.6.2.13),7.6.2.13,55083,Micromonospora echinospora (Micromonospora purpurea)
GA0070618_4154,A0A1C4YMP7,"Monosaccharide ABC transporter substrate-binding protein, CUT2 family",,36305,Micromonospora echinospora (Micromonospora purpurea)
GA0070618_4155,A0A1C4YMK1,glucose-6-phosphate isomerase (EC 5.3.1.9),5.3.1.9,21100,Micromonospora echinospora (Micromonospora purpurea)
GA0070618_4156,A0A1C4YMT4,deoxyribose-phosphate aldolase (EC 4.1.2.4),4.1.2.4,23310,Micromonospora echinospora (Micromonospora purpurea)
GA0070618_4157,A0A1C4YMQ3,Shikimate 5-dehydrogenase,,33695,Micromonospora echinospora (Micromonospora purpurea)
GA0070618_4158,A0A1C4YMR2,"L-ascorbate metabolism protein UlaG, beta-lactamase superfamily",,29039,Micromonospora echinospora (Micromonospora purpurea)
GA0070618_4159,A0A1C4YMT5,"Transcriptional regulator, RpiR family",,31268,Micromonospora echinospora (Micromonospora purpurea)
GA0070618_4160,A0A1C4YMX0,Xylulokinase,,52005,Micromonospora echinospora (Micromonospora purpurea)
GA0070618_4161,A0A1C4YMZ5,"Fructose-bisphosphate aldolase, class II",,29768,Micromonospora echinospora (Micromonospora purpurea)
GA0070618_4162,A0A1C4YNX7,D-3-phosphoglycerate dehydrogenase,,31732,Micromonospora echinospora (Micromonospora purpurea)
GA0070618_4163,A0A1C4YMZ3,Alpha/beta hydrolase,,43781,Micromonospora echinospora (Micromonospora purpurea)
GA0070618_4164,A0A1C4YNZ6,"Uncharacterized conserved protein YndB, AHSA1/START domain",,28952,Micromonospora echinospora (Micromonospora purpurea)
GA0070618_4165,A0A1C4YN37,"Transcriptional regulator, ArsR family",,22526,Micromonospora echinospora (Micromonospora purpurea)
GA0070618_4166,A0A1C4YN56,Methyltransferase family protein,,11847,Micromonospora echinospora (Micromonospora purpurea)
GA0070618_4167,A0A1C4YN19,Amino acid adenylation domain-containing protein/natural product biosynthesis luciferase-like monooxygenase domain-containing protein,,393149,Micromonospora echinospora (Micromonospora purpurea)
GA0070618_4168,A0A1C4YN32,Multidrug efflux pump Tap,,43098,Micromonospora echinospora (Micromonospora purpurea)
GA0070618_4169,A0A1C4YN89,tRNA G18 (Ribose-2'-O)-methylase SpoU,,29026,Micromonospora echinospora (Micromonospora purpurea)
GA0070618_4170,A0A1C4YN52,"Transcriptional regulator, CdaR family",,60334,Micromonospora echinospora (Micromonospora purpurea)
GA0070618_4171,A0A1C4YNB0,Sulfotransferase domain-containing protein,,33420,Micromonospora echinospora (Micromonospora purpurea)
GA0070618_4172,A0A1C4YP71,UDP-N-acetyl-alpha-D-muramoyl-L-alanyl-L-glutamate epimerase (EC 5.1.1.23) (UDP-MurNAc-L-Ala-L-Glu epimerase),5.1.1.23,47037,Micromonospora echinospora (Micromonospora purpurea)
GA0070618_4173,A0A1C4YND9,UDP-N-acetylmuramoyl-L-alanine--L-glutamate ligase (EC 6.3.2.53) (UDP-N-acetylmuramoyl-L-alanyl-L-glutamate synthetase) (UDP-MurNAc-L-Ala-L-Glu synthetase),6.3.2.53,47018,Micromonospora echinospora (Micromonospora purpurea)
GA0070618_4174,A0A1C4YNE9,Predicted branched-chain amino acid permease (Azaleucine resistance),,30491,Micromonospora echinospora (Micromonospora purpurea)
GA0070618_4175,A0A1C4YN60,Branched-chain amino acid transport protein (AzlD),,10096,Micromonospora echinospora (Micromonospora purpurea)
GA0070618_4176,A0A1C4YND8,Diamine N-acetyltransferase,,19738,Micromonospora echinospora (Micromonospora purpurea)
GA0070618_4177,A0A1C4YPC6,Fucose 4-O-acetylase,,53871,Micromonospora echinospora (Micromonospora purpurea)
GA0070618_4178,A0A1C4YN76,BadF-type ATPase,,33533,Micromonospora echinospora (Micromonospora purpurea)
GA0070618_4179,A0A1C4YN75,"Transcriptional regulator, RpiR family",,33327,Micromonospora echinospora (Micromonospora purpurea)
GA0070618_4180,A0A1C4YNH6,N-acetylglucosamine transport system substrate-binding protein,,51055,Micromonospora echinospora (Micromonospora purpurea)
GA0070618_4181,A0A1C4YNI7,N-acetylglucosamine transport system permease protein,,33005,Micromonospora echinospora (Micromonospora purpurea)
GA0070618_4182,A0A1C4YNJ2,N-acetylglucosamine transport system permease protein,,33451,Micromonospora echinospora (Micromonospora purpurea)
GA0070618_4183,A0A1C4YNB2,Helix-turn-helix domain-containing protein,,45143,Micromonospora echinospora (Micromonospora purpurea)
GA0070618_4184,A0A1C4YPJ6,Tetratricopeptide repeat,,53995,Micromonospora echinospora (Micromonospora purpurea)
GA0070618_4185,A0A1C4YPK6,Dihydrofolate reductase,,17765,Micromonospora echinospora (Micromonospora purpurea)
GA0070618_4186,A0A1C4YNF5,Helix-turn-helix domain-containing protein,,26865,Micromonospora echinospora (Micromonospora purpurea)
GA0070618_4187,A0A1C4YNP3,DNA polymerase-1,,58120,Micromonospora echinospora (Micromonospora purpurea)
GA0070618_4188,A0A1C4YNR5,Molybdenum cofactor cytidylyltransferase,,20466,Micromonospora echinospora (Micromonospora purpurea)
GA0070618_4189,A0A1C4YPQ9,D-alanyl-D-alanine carboxypeptidase,,22739,Micromonospora echinospora (Micromonospora purpurea)
GA0070618_4190,A0A1C4YNV2,"Carbohydrate ABC transporter substrate-binding protein, CUT1 family",,44270,Micromonospora echinospora (Micromonospora purpurea)
GA0070618_4191,A0A1C4YNL5,"Carbohydrate ABC transporter membrane protein 1, CUT1 family",,32767,Micromonospora echinospora (Micromonospora purpurea)
GA0070618_4192,A0A1C4YNU8,"Carbohydrate ABC transporter membrane protein 2, CUT1 family",,32275,Micromonospora echinospora (Micromonospora purpurea)
GA0070618_4193,A0A1C4YNV4,Uncharacterized protein,,56006,Micromonospora echinospora (Micromonospora purpurea)
GA0070618_4194,A0A1C4YP20,"Xylan 1,4-beta-xylosidase",,67009,Micromonospora echinospora (Micromonospora purpurea)
GA0070618_4195,A0A1C4YP31,"Transcriptional regulator, LacI family",,37069,Micromonospora echinospora (Micromonospora purpurea)
GA0070618_4196,A0A1C4YP21,"LexA-binding, inner membrane-associated putative hydrolase",,28548,Micromonospora echinospora (Micromonospora purpurea)
GA0070618_4197,A0A1C4YP54,"Glucose/arabinose dehydrogenase, beta-propeller fold",,39058,Micromonospora echinospora (Micromonospora purpurea)
GA0070618_4198,A0A1C4YNX2,Peptidase inhibitor I9,,45580,Micromonospora echinospora (Micromonospora purpurea)
GA0070618_4199,A0A1C4YQ35,Mutator family transposase,,47564,Micromonospora echinospora (Micromonospora purpurea)
GA0070618_4200,A0A1C4YPA8,RHS repeat-associated core domain-containing protein,,34241,Micromonospora echinospora (Micromonospora purpurea)
GA0070618_4201,A0A1C4YNZ9,Uncharacterized protein,,20466,Micromonospora echinospora (Micromonospora purpurea)
GA0070618_4202,A0A1C4YPE3,Uncharacterized protein,,18769,Micromonospora echinospora (Micromonospora purpurea)
GA0070618_4203,A0A1C4YPC2,(1->4)-alpha-D-glucan synthase (UDP-glucose),,46922,Micromonospora echinospora (Micromonospora purpurea)
GA0070618_4204,A0A1C4YPA7,"Glycogen debranching enzyme, putative",,69753,Micromonospora echinospora (Micromonospora purpurea)
GA0070618_4205,A0A1C4YPJ3,Mannosyl oligosaccharide glucosidase,,99008,Micromonospora echinospora (Micromonospora purpurea)
GA0070618_4206,A0A1C4YP56,Four-helix bundle copper-binding protein,,14468,Micromonospora echinospora (Micromonospora purpurea)
GA0070618_4207,A0A1C4YPE6,Putative hydrolase of the HAD superfamily,,26672,Micromonospora echinospora (Micromonospora purpurea)
GA0070618_4208,A0A1C4YPG8,Cellulose binding domain-containing protein,,13235,Micromonospora echinospora (Micromonospora purpurea)
GA0070618_4209,A0A1C4YPP5,Uncharacterized protein,,9951,Micromonospora echinospora (Micromonospora purpurea)
GA0070618_4210,A0A1C4YPN4,Uncharacterized protein,,15225,Micromonospora echinospora (Micromonospora purpurea)
GA0070618_4211,A0A1C4YQM3,Glyoxalase-like domain-containing protein,,27232,Micromonospora echinospora (Micromonospora purpurea)
GA0070618_4212,A0A1C4YQN3,"Predicted dithiol-disulfide isomerase, DsbA family",,21020,Micromonospora echinospora (Micromonospora purpurea)
GA0070618_4213,A0A1C4YPD6,"Carbohydrate ABC transporter substrate-binding protein, CUT1 family",,46613,Micromonospora echinospora (Micromonospora purpurea)
GA0070618_4214,A0A1C4YQQ9,"Carbohydrate ABC transporter membrane protein 1, CUT1 family",,35414,Micromonospora echinospora (Micromonospora purpurea)
GA0070618_4215,A0A1C4YPP4,"Carbohydrate ABC transporter membrane protein 2, CUT1 family",,30502,Micromonospora echinospora (Micromonospora purpurea)
GA0070618_4216,A0A1C4YPQ5,"Carbohydrate ABC transporter ATP-binding protein, CUT1 family",,43967,Micromonospora echinospora (Micromonospora purpurea)
GA0070618_4217,A0A1C4YPX8,Conserved domain-containing protein,,27966,Micromonospora echinospora (Micromonospora purpurea)
GA0070618_4218,A0A1C4YPY7,DUF4190 domain-containing protein,,13164,Micromonospora echinospora (Micromonospora purpurea)
GA0070618_4219,A0A1C4YPM0,O-antigen ligase like membrane protein,,47413,Micromonospora echinospora (Micromonospora purpurea)
GA0070618_4220,A0A1C4YPN5,L-amino acid N-acyltransferase YncA,,18165,Micromonospora echinospora (Micromonospora purpurea)
GA0070618_4221,A0A1C4YQX8,NAD(P)H dehydrogenase (Quinone),,21772,Micromonospora echinospora (Micromonospora purpurea)
GA0070618_4222,A0A1C4YPN2,Anthranilate synthase component 1 (EC 4.1.3.27),4.1.3.27,67699,Micromonospora echinospora (Micromonospora purpurea)
GA0070618_4223,A0A1C4YPP0,Gluconokinase,,48332,Micromonospora echinospora (Micromonospora purpurea)
GA0070618_4224,A0A1C4YPS1,histidine kinase (EC 2.7.13.3),2.7.13.3,92991,Micromonospora echinospora (Micromonospora purpurea)
GA0070618_4225,A0A1C4YQ33,Roadblock/LAMTOR2 domain-containing protein,,14734,Micromonospora echinospora (Micromonospora purpurea)
GA0070618_4226,A0A1C4YR27,Beta-glucosidase (EC 3.2.1.21),3.2.1.21,54874,Micromonospora echinospora (Micromonospora purpurea)
GA0070618_4227,A0A1C4YPW2,"Cellulose 1,4-beta-cellobiosidase",,105302,Micromonospora echinospora (Micromonospora purpurea)
GA0070618_4228,A0A1C4YQ61,Repeat domain-containing protein,,52924,Micromonospora echinospora (Micromonospora purpurea)
GA0070618_4229,A0A1C4YR56,Acyl-CoA:diacylglycerol acyltransferase (EC 2.3.1.122) (EC 2.3.1.20),2.3.1.122; 2.3.1.20,36642,Micromonospora echinospora (Micromonospora purpurea)
GA0070618_4230,A0A1C4YQ55,N-acetylmuramoyl-L-alanine amidase (EC 3.5.1.28),3.5.1.28,73248,Micromonospora echinospora (Micromonospora purpurea)
GA0070618_4231,A0A1C4YQ68,FG-GAP repeat-containing protein,,51203,Micromonospora echinospora (Micromonospora purpurea)
GA0070618_4232,A0A1C4YQ39,Repeat domain-containing protein,,115109,Micromonospora echinospora (Micromonospora purpurea)
GA0070618_4233,A0A1C4YQ49,Glycosyl hydrolases family 43,,75654,Micromonospora echinospora (Micromonospora purpurea)
GA0070618_4234,A0A1C4YQ95,"Monosaccharide ABC transporter ATP-binding protein, CUT2 family",,56257,Micromonospora echinospora (Micromonospora purpurea)
GA0070618_4235,A0A1C4YQG7,"Monosaccharide ABC transporter membrane protein, CUT2 family",,36387,Micromonospora echinospora (Micromonospora purpurea)
GA0070618_4236,A0A1C4YQF2,"Monosaccharide ABC transporter substrate-binding protein, CUT2 family",,34609,Micromonospora echinospora (Micromonospora purpurea)
GA0070618_4237,A0A1C4YQF8,L-fucose isomerase,,59193,Micromonospora echinospora (Micromonospora purpurea)
GA0070618_4238,A0A1C4YQ63,"Transcriptional regulator, LacI family",,41942,Micromonospora echinospora (Micromonospora purpurea)
GA0070618_4239,A0A1C4YQ98,DUF3159 domain-containing protein,,24496,Micromonospora echinospora (Micromonospora purpurea)
GA0070618_4240,A0A1C4YQA2,PAP2 superfamily protein,,29259,Micromonospora echinospora (Micromonospora purpurea)
GA0070618_4241,A0A1C4YRI7,Phosphatidylethanolamine-binding protein,,16295,Micromonospora echinospora (Micromonospora purpurea)
GA0070618_4242,A0A1C4YRJ6,TIGR03083 family protein,,23564,Micromonospora echinospora (Micromonospora purpurea)
GA0070618_4243,A0A1C4YQL2,Low temperature requirement protein LtrA,,42613,Micromonospora echinospora (Micromonospora purpurea)
GA0070618_4244,A0A1C4YQM0,"Probable F420-dependent oxidoreductase, Rv3093c family",,34910,Micromonospora echinospora (Micromonospora purpurea)
GA0070618_4245,A0A1C4YQN7,NADP-dependent 3-hydroxy acid dehydrogenase YdfG,,27331,Micromonospora echinospora (Micromonospora purpurea)
GA0070618_4246,A0A1C4YQJ6,CAAX protease self-immunity,,27463,Micromonospora echinospora (Micromonospora purpurea)
GA0070618_4247,A0A1C4YQT6,Flavin-dependent monooxygenase (TetX monooxygenase) (TetX) (EC 1.14.13.-),1.14.13.-,40444,Micromonospora echinospora (Micromonospora purpurea)
GA0070618_4248,A0A1C4YQJ1,"Transcriptional regulator, TetR family",,27274,Micromonospora echinospora (Micromonospora purpurea)
GA0070618_4249,A0A1C4YQV1,Uncharacterized protein,,11774,Micromonospora echinospora (Micromonospora purpurea)
GA0070618_4250,A0A1C4YQW1,"Transcriptional regulator, ArsR family",,11504,Micromonospora echinospora (Micromonospora purpurea)
GA0070618_4251,A0A1C4YQK7,Transglutaminase-like superfamily protein,,81097,Micromonospora echinospora (Micromonospora purpurea)
GA0070618_4252,A0A1C4YQL5,"Uncharacterized conserved protein, DUF58 family, contains vWF domain",,39561,Micromonospora echinospora (Micromonospora purpurea)
GA0070618_4253,A0A1C4YR07,MoxR-like ATPase,,35566,Micromonospora echinospora (Micromonospora purpurea)
GA0070618_4254,A0A1C4YR17,Fibronectin type III domain-containing protein,,90920,Micromonospora echinospora (Micromonospora purpurea)
GA0070618_4255,A0A1C4YQQ0,Fibronectin type III domain-containing protein,,21632,Micromonospora echinospora (Micromonospora purpurea)
GA0070618_4256,A0A1C4YQP8,LigA,,41813,Micromonospora echinospora (Micromonospora purpurea)
GA0070618_4257,A0A1C4YR48,Uncharacterized protein,,11559,Micromonospora echinospora (Micromonospora purpurea)
GA0070618_4259,A0A1C4YR35,Uncharacterized protein,,16358,Micromonospora echinospora (Micromonospora purpurea)
GA0070618_4260,A0A1C4YQX4,Site-specific recombinase XerD,,39153,Micromonospora echinospora (Micromonospora purpurea)
GA0070618_4261,A0A1C4YR51,Uncharacterized protein,,25589,Micromonospora echinospora (Micromonospora purpurea)
GA0070618_4262,A0A1C4YS63,Uncharacterized protein,,32652,Micromonospora echinospora (Micromonospora purpurea)
GA0070618_4263,A0A1C4YQY9,Uncharacterized protein,,39940,Micromonospora echinospora (Micromonospora purpurea)
GA0070618_4267,A0A1C4YR21,Integrase-like protein,,7110,Micromonospora echinospora (Micromonospora purpurea)
GA0070618_4268,A0A1C4YRA0,Tetratricopeptide (TPR) repeat,,36836,Micromonospora echinospora (Micromonospora purpurea)
GA0070618_4269,A0A1C4WGH8,Mutator family transposase,,47179,Micromonospora echinospora (Micromonospora purpurea)
GA0070618_4270,A0A1C4YRE9,Uncharacterized protein,,33452,Micromonospora echinospora (Micromonospora purpurea)
GA0070618_4271,A0A1C4YR69,Acetyltransferase (GNAT) family protein,,19854,Micromonospora echinospora (Micromonospora purpurea)
GA0070618_4272,A0A1C4YRE4,Uncharacterized protein,,23027,Micromonospora echinospora (Micromonospora purpurea)
GA0070618_4273,A0A1C4YR33,Uncharacterized protein,,7131,Micromonospora echinospora (Micromonospora purpurea)
GA0070618_4276,A0A1C4VLA0,Uncharacterized protein,,14758,Micromonospora echinospora (Micromonospora purpurea)
GA0070618_4277,A0A1C4VL90,Transposase,,30756,Micromonospora echinospora (Micromonospora purpurea)
GA0070618_4278,A0A1C4VL90,Transposase,,30756,Micromonospora echinospora (Micromonospora purpurea)
GA0070618_4279,A0A1C4VLA0,Uncharacterized protein,,14758,Micromonospora echinospora (Micromonospora purpurea)
GA0070618_4280,A0A1C4YRC7,"Uncharacterized conserved protein YbjT, contains NAD(P)-binding and DUF2867 domains",,32646,Micromonospora echinospora (Micromonospora purpurea)
GA0070618_4281,A0A1C4YRD6,"Transcriptional regulator, TetR family",,21236,Micromonospora echinospora (Micromonospora purpurea)
GA0070618_4282,A0A1C4YRP4,Transposase,,6901,Micromonospora echinospora (Micromonospora purpurea)
GA0070618_4283,A0A1C4YRQ5,Predicted oxidoreductase,,36031,Micromonospora echinospora (Micromonospora purpurea)
GA0070618_4284,A0A1C4YRI0,"Transcriptional regulator, TetR family",,22375,Micromonospora echinospora (Micromonospora purpurea)
GA0070618_4285,A0A1C4YRQ6,Glyoxalase-like domain-containing protein,,13928,Micromonospora echinospora (Micromonospora purpurea)
GA0070618_4286,A0A1C4YSP7,Uncharacterized protein,,17284,Micromonospora echinospora (Micromonospora purpurea)
GA0070618_4287,A0A1C4YSQ8,2OG-Fe(II) oxygenase superfamily protein,,26375,Micromonospora echinospora (Micromonospora purpurea)
GA0070618_4288,A0A1C4YRL6,Amino acid adenylation domain-containing protein,,245620,Micromonospora echinospora (Micromonospora purpurea)
GA0070618_4289,A0A1C4YRM7,"Beta-1,4-N-acetylglucosamine oligosaccharide 6-O-carbamoyltransferase NodU",,60512,Micromonospora echinospora (Micromonospora purpurea)
GA0070618_4290,A0A1C4YRV3,Gamma-glutamyltranspeptidase / glutathione hydrolase,,62913,Micromonospora echinospora (Micromonospora purpurea)
GA0070618_4291,A0A1C4YRJ9,L-tyrosine 3-hydroxylase,,35783,Micromonospora echinospora (Micromonospora purpurea)
GA0070618_4292,A0A1C4YRZ1,"Catechol 2,3-dioxygenase",,18942,Micromonospora echinospora (Micromonospora purpurea)
GA0070618_4293,A0A1C4YRR8,Cytochrome P450,,45795,Micromonospora echinospora (Micromonospora purpurea)
GA0070618_4294,A0A1C4YS02,"Transcriptional regulator, LysR family",,33741,Micromonospora echinospora (Micromonospora purpurea)
GA0070618_4295,A0A1C4YS21,Acetyltransferase (Isoleucine patch superfamily),,19536,Micromonospora echinospora (Micromonospora purpurea)
GA0070618_4296,A0A1C4YS24,Surfactin synthase thioesterase subunit,,26871,Micromonospora echinospora (Micromonospora purpurea)
GA0070618_4297,A0A1C4YS49,MbtH protein,,7344,Micromonospora echinospora (Micromonospora purpurea)
GA0070618_4298,A0A1C4YS52,"L-proline 3-hydroxylase, C-terminal",,33607,Micromonospora echinospora (Micromonospora purpurea)
GA0070618_4299,A0A1C4YS91,Luciferase-like monooxygenase,,32982,Micromonospora echinospora (Micromonospora purpurea)
GA0070618_4300,A0A1C4YS86,FAD/FMN-containing dehydrogenase,,49658,Micromonospora echinospora (Micromonospora purpurea)
GA0070618_4301,A0A1C4YS00,Amino acid adenylation domain-containing protein,,85474,Micromonospora echinospora (Micromonospora purpurea)
GA0070618_4302,A0A1C4YS10,Non-ribosomal peptide synthetase component F,,124129,Micromonospora echinospora (Micromonospora purpurea)
GA0070618_4303,A0A1C4YS26,Surfactin synthase thioesterase subunit,,31954,Micromonospora echinospora (Micromonospora purpurea)
GA0070618_4304,A0A1C4YSC8,Acetyltransferase (GNAT) family protein,,24000,Micromonospora echinospora (Micromonospora purpurea)
GA0070618_4305,A0A1C4YSD7,Amino acid adenylation domain-containing protein,,52442,Micromonospora echinospora (Micromonospora purpurea)
GA0070618_4306,A0A1C4YSF0,"Lantibiotic dehydratase, C terminus",,85751,Micromonospora echinospora (Micromonospora purpurea)
GA0070618_4307,A0A1C4YS71,Non-ribosomal peptide synthetase component F,,114770,Micromonospora echinospora (Micromonospora purpurea)
GA0070618_4308,A0A1C4YS78,Damage-inducible protein DinB,,19893,Micromonospora echinospora (Micromonospora purpurea)
GA0070618_4309,A0A1C4YSI6,Surfactin synthase thioesterase subunit,,26986,Micromonospora echinospora (Micromonospora purpurea)
GA0070618_4310,A0A1C4YSJ6,Cytochrome P450,,46478,Micromonospora echinospora (Micromonospora purpurea)
GA0070618_4311,A0A1C4YSB1,Amino acid adenylation domain-containing protein,,65720,Micromonospora echinospora (Micromonospora purpurea)
GA0070618_4312,A0A1C4YSL1,Multidrug efflux pump Tap,,48035,Micromonospora echinospora (Micromonospora purpurea)
GA0070618_4313,A0A1C4YSM2,MbtH protein,,8168,Micromonospora echinospora (Micromonospora purpurea)
GA0070618_4314,A0A1C4YSN5,Capreomycidine synthase,,41801,Micromonospora echinospora (Micromonospora purpurea)
GA0070618_4315,A0A1C4YSR3,Non-ribosomal peptide synthase domain TIGR01720/amino acid adenylation domain-containing protein,,170049,Micromonospora echinospora (Micromonospora purpurea)
GA0070618_4316,A0A1C4YTP0,branched-chain-amino-acid transaminase (EC 2.6.1.42),2.6.1.42,39690,Micromonospora echinospora (Micromonospora purpurea)
GA0070618_4317,A0A1C4YTQ0,Cytochrome P450,,46595,Micromonospora echinospora (Micromonospora purpurea)
GA0070618_4318,A0A1C4YTR0,Aspartate/methionine/tyrosine aminotransferase,,41224,Micromonospora echinospora (Micromonospora purpurea)
GA0070618_4319,A0A1C4YSF2,"Arginine beta-hydroxylase, Fe(II)/alpha-ketoglutarate-dependent",,38736,Micromonospora echinospora (Micromonospora purpurea)
GA0070618_4320,A0A1C4YSG2,Aminotransferase (EC 2.6.1.-),2.6.1.-,42431,Micromonospora echinospora (Micromonospora purpurea)
GA0070618_4321,A0A1C4YSL4,"DNA-binding response regulator, NarL/FixJ family, contains REC and HTH domains",,21292,Micromonospora echinospora (Micromonospora purpurea)
GA0070618_4322,A0A1C4YSV5,Penicillin amidase,,95829,Micromonospora echinospora (Micromonospora purpurea)
GA0070618_4323,A0A1C4YSN6,Polyketide cyclase / dehydrase and lipid transport,,15186,Micromonospora echinospora (Micromonospora purpurea)
GA0070618_4324,A0A1C4YT00,DUF4862 family protein,,33398,Micromonospora echinospora (Micromonospora purpurea)
GA0070618_4327,A0A1C4YSZ8,Peptidase M20 domain-containing protein 2,,41320,Micromonospora echinospora (Micromonospora purpurea)
GA0070618_4328,A0A1C4YSW8,Major Facilitator Superfamily protein,,50058,Micromonospora echinospora (Micromonospora purpurea)
GA0070618_4329,A0A1C4YSP1,"DNA-binding transcriptional regulator, Lrp family",,37333,Micromonospora echinospora (Micromonospora purpurea)
GA0070618_4330,A0A1C4YSU5,L-serine dehydratase (EC 4.3.1.17),4.3.1.17,49122,Micromonospora echinospora (Micromonospora purpurea)
GA0070618_4331,A0A1C4YT61,Imidazolonepropionase,,42835,Micromonospora echinospora (Micromonospora purpurea)
GA0070618_4332,A0A1C4YSS3,Pimeloyl-ACP methyl ester carboxylesterase,,27359,Micromonospora echinospora (Micromonospora purpurea)
GA0070618_4333,A0A1C4YT75,Enoyl-CoA hydratase/carnithine racemase,,32131,Micromonospora echinospora (Micromonospora purpurea)
GA0070618_4334,A0A1C4YT80,"Transcriptional regulator, TetR family",,22246,Micromonospora echinospora (Micromonospora purpurea)
GA0070618_4335,A0A1C4YU68,"Predicted arabinose efflux permease, MFS family",,46266,Micromonospora echinospora (Micromonospora purpurea)
GA0070618_4336,A0A1C4YT99,"RNA polymerase sigma-70 factor, sigma-E family",,19988,Micromonospora echinospora (Micromonospora purpurea)
GA0070618_4337,A0A1C4YU88,Cell shape-determining protein MreC (Cell shape protein MreC),,44162,Micromonospora echinospora (Micromonospora purpurea)
GA0070618_4338,A0A1C4YT31,Uncharacterized protein,,21773,Micromonospora echinospora (Micromonospora purpurea)
GA0070618_4339,A0A1C4YTE1,"Predicted oxidoreductase, contains short-chain dehydrogenase (SDR) and DUF2520 domains",,32046,Micromonospora echinospora (Micromonospora purpurea)
GA0070618_4340,A0A1C4YT54,3-methyl-2-oxobutanoate hydroxymethyltransferase (EC 2.1.2.11),2.1.2.11,6568,Micromonospora echinospora (Micromonospora purpurea)
GA0070618_4341,A0A1C4YT71,Putative cyclase,,34664,Micromonospora echinospora (Micromonospora purpurea)
GA0070618_4343,A0A1C4YTC3,"Two component transcriptional regulator, LuxR family",,23697,Micromonospora echinospora (Micromonospora purpurea)
GA0070618_4344,A0A1C4YUF1,Signal transduction histidine kinase,,46622,Micromonospora echinospora (Micromonospora purpurea)
GA0070618_4345,A0A1C4YUG2,"CubicO group peptidase, beta-lactamase class C family",,70003,Micromonospora echinospora (Micromonospora purpurea)
GA0070618_4347,A0A1C4YTM5,"Glyoxylase, beta-lactamase superfamily II",,32160,Micromonospora echinospora (Micromonospora purpurea)
GA0070618_4348,A0A1C4YTL7,"Predicted arabinose efflux permease, MFS family",,41388,Micromonospora echinospora (Micromonospora purpurea)
GA0070618_4349,A0A1C4YTD7,Amidase,,7444,Micromonospora echinospora (Micromonospora purpurea)
GA0070618_4350,A0A1C4YTE4,Aspartyl-tRNA(Asn)/glutamyl-tRNA(Gln) amidotransferase subunit A,,45636,Micromonospora echinospora (Micromonospora purpurea)
GA0070618_4351,A0A1C4YTK1,"Transcriptional regulator, TetR family",,20735,Micromonospora echinospora (Micromonospora purpurea)
GA0070618_4352,A0A1C4YTQ8,Transposase,,42175,Micromonospora echinospora (Micromonospora purpurea)
GA0070618_4355,A0A1C4YTT9,DUF4158 domain-containing protein,,12330,Micromonospora echinospora (Micromonospora purpurea)
GA0070618_4357,A0A1C4YTP2,Lysophospholipase L1,,25901,Micromonospora echinospora (Micromonospora purpurea)
GA0070618_4359,A0A1C4YUR6,Helix-turn-helix domain-containing protein,,31563,Micromonospora echinospora (Micromonospora purpurea)
GA0070618_4360,A0A1C4YTJ7,Uncharacterized protein,,11542,Micromonospora echinospora (Micromonospora purpurea)
GA0070618_4362,A0A1C4YU02,Zinc-finger of transposase IS204/IS1001/IS1096/IS1165,,15863,Micromonospora echinospora (Micromonospora purpurea)
GA0070618_4363,A0A1C4YTP3,Putative transposase,,22516,Micromonospora echinospora (Micromonospora purpurea)
GA0070618_4364,A0A1C4YU16,Putative transposase,,17442,Micromonospora echinospora (Micromonospora purpurea)
GA0070618_4365,A0A1C4YU26,"NADH dehydrogenase, FAD-containing subunit",,41948,Micromonospora echinospora (Micromonospora purpurea)
GA0070618_4366,A0A1C4YU35,"RNA polymerase sigma-70 factor, ECF subfamily",,34304,Micromonospora echinospora (Micromonospora purpurea)
GA0070618_4367,A0A1C4YTU1,"Transcriptional regulator, TetR family",,19591,Micromonospora echinospora (Micromonospora purpurea)
GA0070618_4368,A0A1C4YTV1,Short-chain dehydrogenase,,32807,Micromonospora echinospora (Micromonospora purpurea)
GA0070618_4369,A0A1C4YTV8,"Transcriptional regulator, HxlR family",,14385,Micromonospora echinospora (Micromonospora purpurea)
GA0070618_4370,A0A1C4YU47,VOC domain-containing protein,,13819,Micromonospora echinospora (Micromonospora purpurea)
GA0070618_4371,A0A1C4YU17,Peptide/nickel transport system substrate-binding protein,,59012,Micromonospora echinospora (Micromonospora purpurea)
GA0070618_4372,A0A1C4YTX7,Peptide/nickel transport system permease protein,,32725,Micromonospora echinospora (Micromonospora purpurea)
GA0070618_4373,A0A1C4YU69,Peptide/nickel transport system permease protein,,30504,Micromonospora echinospora (Micromonospora purpurea)
GA0070618_4374,A0A1C4YTZ7,Peptide/nickel transport system ATP-binding protein,,57179,Micromonospora echinospora (Micromonospora purpurea)
GA0070618_4375,A0A1C4YU90,"Flavin-dependent oxidoreductase, luciferase family (Includes alkanesulfonate monooxygenase SsuD and methylene tetrahydromethanopterin reductase)",,43244,Micromonospora echinospora (Micromonospora purpurea)
GA0070618_4376,A0A1C4YU18,"FMN-dependent oxidoreductase, nitrilotriacetate monooxygenase family",,49577,Micromonospora echinospora (Micromonospora purpurea)
GA0070618_4377,A0A1C4YUA6,Uncharacterized protein,,11388,Micromonospora echinospora (Micromonospora purpurea)
GA0070618_4378,A0A1C4YV77,"Flavin-dependent oxidoreductase, luciferase family (Includes alkanesulfonate monooxygenase SsuD and methylene tetrahydromethanopterin reductase)",,39861,Micromonospora echinospora (Micromonospora purpurea)
GA0070618_4379,A0A1C4YUB5,"Luciferase family oxidoreductase, group 1",,39284,Micromonospora echinospora (Micromonospora purpurea)
GA0070618_4380,A0A1C4YU36,"NADH-FMN oxidoreductase RutF, flavin reductase (DIM6/NTAB) family",,18756,Micromonospora echinospora (Micromonospora purpurea)
GA0070618_4381,A0A1C4YUG9,Alkanesulfonate monooxygenase,,40251,Micromonospora echinospora (Micromonospora purpurea)
GA0070618_4382,A0A1C4YUH9,DUF1684 domain-containing protein,,30468,Micromonospora echinospora (Micromonospora purpurea)
GA0070618_4383,A0A1C4YUH2,FMN reductase,,19703,Micromonospora echinospora (Micromonospora purpurea)
GA0070618_4384,A0A1C4VL90,Transposase,,30756,Micromonospora echinospora (Micromonospora purpurea)
GA0070618_4385,A0A1C4VLA0,Uncharacterized protein,,14758,Micromonospora echinospora (Micromonospora purpurea)
GA0070618_4386,A0A1C4YU91,DUF4333 domain-containing protein,,9146,Micromonospora echinospora (Micromonospora purpurea)
GA0070618_4388,A0A1C4YUA0,Uncharacterized protein,,6462,Micromonospora echinospora (Micromonospora purpurea)
GA0070618_4389,A0A1C4YUJ6,DNA-binding transcriptional activator of the SARP family,,78379,Micromonospora echinospora (Micromonospora purpurea)
GA0070618_4390,A0A1C4YVH0,Secreted protein,,21218,Micromonospora echinospora (Micromonospora purpurea)
GA0070618_4392,A0A1C4YUK7,ABC-2 family transporter protein,,24651,Micromonospora echinospora (Micromonospora purpurea)
GA0070618_4393,A0A1C4YUQ4,ABC-2 family transporter protein,,26919,Micromonospora echinospora (Micromonospora purpurea)
GA0070618_4394,A0A1C4YUP6,ABC-2 type transport system ATP-binding protein,,24930,Micromonospora echinospora (Micromonospora purpurea)
GA0070618_4395,A0A1C4YUL1,Signal transduction histidine kinase,,29748,Micromonospora echinospora (Micromonospora purpurea)
GA0070618_4396,A0A1C4YUE0,"Two component transcriptional regulator, LuxR family",,23900,Micromonospora echinospora (Micromonospora purpurea)
GA0070618_4397,A0A1C4YUN6,3-oxoacyl-[acyl-carrier protein] reductase,,24474,Micromonospora echinospora (Micromonospora purpurea)
GA0070618_4398,A0A1C4YUV0,"DNA-binding transcriptional regulator, MarR family",,19709,Micromonospora echinospora (Micromonospora purpurea)
GA0070618_4400,A0A1C4YUU1,Uncharacterized protein,,28401,Micromonospora echinospora (Micromonospora purpurea)
GA0070618_4401,A0A1C4YUT2,Acyl-coenzyme A thioesterase THEM4 (EC 3.1.2.2) (Thioesterase superfamily member 4),3.1.2.2,21153,Micromonospora echinospora (Micromonospora purpurea)
GA0070618_4402,A0A1C4YUU2,3-oxoacyl-[acyl-carrier protein] reductase,,25658,Micromonospora echinospora (Micromonospora purpurea)
GA0070618_4403,A0A1C4YUP0,SnoaL-like domain-containing protein,,17478,Micromonospora echinospora (Micromonospora purpurea)
GA0070618_4404,A0A1C4YUM8,"Probable F420-dependent oxidoreductase, MSMEG_2256 family",,38284,Micromonospora echinospora (Micromonospora purpurea)
GA0070618_4405,A0A1C4YUW7,Acyl-CoA dehydrogenase,,42883,Micromonospora echinospora (Micromonospora purpurea)
GA0070618_4406,A0A1C4YUZ6,3-hydroxy-3-methylglutaryl CoA synthase,,48938,Micromonospora echinospora (Micromonospora purpurea)
GA0070618_4407,A0A1C4YV25,Acetyl-CoA C-acetyltransferase,,41816,Micromonospora echinospora (Micromonospora purpurea)
GA0070618_4408,A0A1C4YUS1,"Transcriptional regulator, TetR family",,21142,Micromonospora echinospora (Micromonospora purpurea)
GA0070618_4409,A0A1C4YUZ8,Acyl-CoA dehydrogenase,,40253,Micromonospora echinospora (Micromonospora purpurea)
GA0070618_4410,A0A1C4YUY5,Acyl dehydratase,,31077,Micromonospora echinospora (Micromonospora purpurea)
GA0070618_4411,A0A1C4YV33,Branched-chain amino acid transport system substrate-binding protein,,39701,Micromonospora echinospora (Micromonospora purpurea)
GA0070618_4412,A0A1C4YV21,Branched-chain amino acid transport system substrate-binding protein,,40689,Micromonospora echinospora (Micromonospora purpurea)
GA0070618_4413,A0A1C4YUS9,Luciferase-like monooxygenase,,27687,Micromonospora echinospora (Micromonospora purpurea)
GA0070618_4414,A0A1C4YV10,"Flavin-dependent oxidoreductase, luciferase family (Includes alkanesulfonate monooxygenase SsuD and methylene tetrahydromethanopterin reductase)",,34001,Micromonospora echinospora (Micromonospora purpurea)
GA0070618_4415,A0A1C4YV65,Acyl-CoA dehydrogenase,,45331,Micromonospora echinospora (Micromonospora purpurea)
GA0070618_4416,A0A1C4YV48,Acyl-CoA dehydrogenase,,36445,Micromonospora echinospora (Micromonospora purpurea)
GA0070618_4417,A0A1C4YUX3,Long-chain acyl-CoA synthetase,,54732,Micromonospora echinospora (Micromonospora purpurea)
GA0070618_4418,A0A1C4YUY0,Zn-ribbon domain-containing OB-fold protein,,14446,Micromonospora echinospora (Micromonospora purpurea)
GA0070618_4419,A0A1C4YUX9,Acetyl-CoA acetyltransferase,,39886,Micromonospora echinospora (Micromonospora purpurea)
GA0070618_4420,A0A1C4YV62,"Probable F420-dependent oxidoreductase, MSMEG_4141 family",,31517,Micromonospora echinospora (Micromonospora purpurea)
GA0070618_4421,A0A1C4YV24,SnoaL-like domain-containing protein,,18979,Micromonospora echinospora (Micromonospora purpurea)
GA0070618_4422,A0A1C4YV42,Acyl dehydratase,,17743,Micromonospora echinospora (Micromonospora purpurea)
GA0070618_4423,A0A1C4YV32,4-hydroxybutyrate CoA-transferase,,44238,Micromonospora echinospora (Micromonospora purpurea)
GA0070618_4424,A0A1C4YV40,"Amino acid/amide ABC transporter membrane protein 1, HAAT family",,30252,Micromonospora echinospora (Micromonospora purpurea)
GA0070618_4425,A0A1C4YV35,"Amino acid/amide ABC transporter membrane protein 2, HAAT family",,31210,Micromonospora echinospora (Micromonospora purpurea)
GA0070618_4426,A0A1C4YVJ1,"Amino acid/amide ABC transporter ATP-binding protein 1, HAAT family",,31147,Micromonospora echinospora (Micromonospora purpurea)
GA0070618_4427,A0A1C4YVE7,Branched-chain amino acid transport system ATP-binding protein,,24897,Micromonospora echinospora (Micromonospora purpurea)
GA0070618_4428,A0A1C4YV64,"NAD(P)-dependent dehydrogenase, short-chain alcohol dehydrogenase family",,30930,Micromonospora echinospora (Micromonospora purpurea)
GA0070618_4429,A0A1C4YV63,Acyl-CoA dehydrogenase,,42660,Micromonospora echinospora (Micromonospora purpurea)
GA0070618_4430,A0A1C4YVI9,"NAD(P)-dependent dehydrogenase, short-chain alcohol dehydrogenase family",,28453,Micromonospora echinospora (Micromonospora purpurea)
GA0070618_4431,A0A1C4YVH1,Acetyl-CoA acetyltransferase,,40790,Micromonospora echinospora (Micromonospora purpurea)
GA0070618_4432,A0A1C4YVB4,Amidohydrolase-related domain-containing protein,,35756,Micromonospora echinospora (Micromonospora purpurea)
GA0070618_4433,A0A1C4YVA1,Long-chain acyl-CoA synthetase,,56129,Micromonospora echinospora (Micromonospora purpurea)
GA0070618_4434,A0A1C4YVA2,"Probable F420-dependent oxidoreductase, Rv2161c family",,33226,Micromonospora echinospora (Micromonospora purpurea)
GA0070618_4435,A0A1C4YVR6,Predicted flavoprotein CzcO associated with the cation diffusion facilitator CzcD,,64212,Micromonospora echinospora (Micromonospora purpurea)
GA0070618_4436,A0A1C4YVN6,Electron transfer flavoprotein subunit beta (Electron transfer flavoprotein small subunit),,27331,Micromonospora echinospora (Micromonospora purpurea)
GA0070618_4437,A0A1C4YVF6,Electron transfer flavoprotein alpha subunit apoprotein,,32984,Micromonospora echinospora (Micromonospora purpurea)
GA0070618_4438,A0A1C4YVN4,Reduced coenzyme F420:NADP oxidoreductase,,23189,Micromonospora echinospora (Micromonospora purpurea)
GA0070618_4439,A0A1C4YWM0,TAP-like protein,,11527,Micromonospora echinospora (Micromonospora purpurea)
GA0070618_4440,A0A1C4YVP1,Uncharacterized protein,,10737,Micromonospora echinospora (Micromonospora purpurea)
GA0070618_4442,A0A1C4YVF7,Uncharacterized protein,,11810,Micromonospora echinospora (Micromonospora purpurea)
GA0070618_4443,A0A1C4YVG7,DUF4303 domain-containing protein,,20709,Micromonospora echinospora (Micromonospora purpurea)
GA0070618_4444,A0A1C4YVQ5,SUKH-4 immunity protein,,18513,Micromonospora echinospora (Micromonospora purpurea)
GA0070618_4447,A0A1C4YWR8,Uncharacterized protein,,19552,Micromonospora echinospora (Micromonospora purpurea)
GA0070618_4448,A0A1C4YWT0,Cold-shock DNA-binding protein family,,7212,Micromonospora echinospora (Micromonospora purpurea)
GA0070618_4449,A0A1C4YVU6,Uncharacterized protein,,16709,Micromonospora echinospora (Micromonospora purpurea)
GA0070618_4450,A0A1C4YVV4,Uncharacterized protein,,22559,Micromonospora echinospora (Micromonospora purpurea)
GA0070618_4451,A0A1C4YVV3,Uncharacterized protein,,9827,Micromonospora echinospora (Micromonospora purpurea)
GA0070618_4452,A0A1C4YVP4,Tat pathway signal sequence domain protein,,53046,Micromonospora echinospora (Micromonospora purpurea)
GA0070618_4453,A0A1C4YWX4,"CubicO group peptidase, beta-lactamase class C family",,66774,Micromonospora echinospora (Micromonospora purpurea)
GA0070618_4454,A0A1C4YVY3,beta-N-acetylhexosaminidase (EC 3.2.1.52),3.2.1.52,63557,Micromonospora echinospora (Micromonospora purpurea)
GA0070618_4455,A0A1C4YVU8,Uncharacterized protein,,9015,Micromonospora echinospora (Micromonospora purpurea)
GA0070618_4456,A0A1C4YVW0,"Uncharacterized conserved protein YbbC, DUF1343 family",,46881,Micromonospora echinospora (Micromonospora purpurea)
GA0070618_4457,A0A1C4YVT2,S-adenosyl methyltransferase,,30338,Micromonospora echinospora (Micromonospora purpurea)
GA0070618_4458,A0A1C4YVT5,Acetyltransferase (GNAT) domain-containing protein,,15472,Micromonospora echinospora (Micromonospora purpurea)
GA0070618_4459,A0A1C4YVU5,Sugar-specific transcriptional regulator TrmB,,37548,Micromonospora echinospora (Micromonospora purpurea)
GA0070618_4460,A0A1C4YW84,"Serine protease, subtilisin family",,154576,Micromonospora echinospora (Micromonospora purpurea)
GA0070618_4461,A0A1C4YVW3,"Enamine deaminase RidA, house cleaning of reactive enamine intermediates, YjgF/YER057c/UK114 family",,14298,Micromonospora echinospora (Micromonospora purpurea)
GA0070618_4463,A0A1C4YVY7,NitT/TauT family transport system permease protein,,29193,Micromonospora echinospora (Micromonospora purpurea)
GA0070618_4464,A0A1C4YW72,NitT/TauT family transport system ATP-binding protein,,28881,Micromonospora echinospora (Micromonospora purpurea)
GA0070618_4465,A0A1C4YW70,NitT/TauT family transport system permease protein,,28625,Micromonospora echinospora (Micromonospora purpurea)
GA0070618_4466,A0A1C4YW36,Thiamine pyrimidine synthase,,41878,Micromonospora echinospora (Micromonospora purpurea)
GA0070618_4467,A0A1C4YW38,"Transcriptional regulator, IclR family",,28470,Micromonospora echinospora (Micromonospora purpurea)
GA0070618_4468,A0A1C4YX94,Succinate-semialdehyde dehydrogenase / glutarate-semialdehyde dehydrogenase,,51754,Micromonospora echinospora (Micromonospora purpurea)
GA0070618_4469,A0A1C4YWA2,Predicted amidohydrolase,,29752,Micromonospora echinospora (Micromonospora purpurea)
GA0070618_4470,A0A1C4YWB2,Amino acid synthesis,,20039,Micromonospora echinospora (Micromonospora purpurea)
GA0070618_4471,A0A1C4YWJ2,Taurine---2-oxoglutarate transaminase,,49251,Micromonospora echinospora (Micromonospora purpurea)
GA0070618_4472,A0A1C4YWI6,Dihydropyrimidinase,,50607,Micromonospora echinospora (Micromonospora purpurea)
GA0070618_4473,A0A1C4YW92,"5,10-methylenetetrahydromethanopterin reductase",,36972,Micromonospora echinospora (Micromonospora purpurea)
GA0070618_4474,A0A1C4YWG7,Reduced coenzyme F420:NADP oxidoreductase,,23519,Micromonospora echinospora (Micromonospora purpurea)
GA0070618_4475,A0A1C4YW97,N-carbamoylputrescine amidase,,30587,Micromonospora echinospora (Micromonospora purpurea)
GA0070618_4476,A0A1C4YWA7,2-phospho-L-lactate guanylyltransferase,,22759,Micromonospora echinospora (Micromonospora purpurea)
GA0070618_4477,A0A1C4YWB7,EamA-like transporter family protein,,33321,Micromonospora echinospora (Micromonospora purpurea)
GA0070618_4478,A0A1C4YWJ3,Peptidase family M23,,44447,Micromonospora echinospora (Micromonospora purpurea)
GA0070618_4479,A0A1C4YWK3,Phage tail lysozyme domain-containing protein,,46622,Micromonospora echinospora (Micromonospora purpurea)
GA0070618_4480,A0A1C4YWC9,Uncharacterized protein,,13279,Micromonospora echinospora (Micromonospora purpurea)
GA0070618_4482,A0A1C4YXL7,"AAA+-type ATPase, SpoVK/Ycf46/Vps4 family",,103346,Micromonospora echinospora (Micromonospora purpurea)
GA0070618_4483,A0A1C4YXM7,Uncharacterized protein,,9461,Micromonospora echinospora (Micromonospora purpurea)
GA0070618_4484,A0A1C4YWG9,Uncharacterized protein,,51625,Micromonospora echinospora (Micromonospora purpurea)
GA0070618_4485,A0A1C4YWQ4,Uncharacterized protein,,65754,Micromonospora echinospora (Micromonospora purpurea)
GA0070618_4486,A0A1C4YWI4,DUF6603 domain-containing protein,,154674,Micromonospora echinospora (Micromonospora purpurea)
GA0070618_4487,A0A1C4YWJ4,Metallo-beta-lactamase domain-containing protein,,49605,Micromonospora echinospora (Micromonospora purpurea)
GA0070618_4488,A0A1C4YWK4,Concanavalin A-like lectin/glucanases superfamily protein,,94172,Micromonospora echinospora (Micromonospora purpurea)
GA0070618_4489,A0A1C4YWS9,Uncharacterized protein,,7246,Micromonospora echinospora (Micromonospora purpurea)
GA0070618_4490,A0A1C4YWT5,Uncharacterized protein,,129506,Micromonospora echinospora (Micromonospora purpurea)
GA0070618_4491,A0A1C4YWN6,Mn2+ and Fe2+ transporters of the NRAMP family,,52078,Micromonospora echinospora (Micromonospora purpurea)
GA0070618_4492,A0A1C4YWW6,Zinc carboxypeptidase,,44632,Micromonospora echinospora (Micromonospora purpurea)
GA0070618_4493,A0A1C4YWX7,Uncharacterized protein,,7514,Micromonospora echinospora (Micromonospora purpurea)
GA0070618_4494,A0A1C4YWY4,Uncharacterized protein,,22190,Micromonospora echinospora (Micromonospora purpurea)
GA0070618_4496,A0A1C4YWT1,Multidrug efflux pump Tap,,44551,Micromonospora echinospora (Micromonospora purpurea)
GA0070618_4497,A0A1C4YWT4,"Transcriptional regulator, LacI family",,38414,Micromonospora echinospora (Micromonospora purpurea)
GA0070618_4498,A0A1C4YY05,"Amino acid/amide ABC transporter substrate-binding protein, HAAT family",,43406,Micromonospora echinospora (Micromonospora purpurea)
GA0070618_4499,A0A1C4YX50,"Amino acid/amide ABC transporter membrane protein 1, HAAT family",,31581,Micromonospora echinospora (Micromonospora purpurea)
GA0070618_4500,A0A1C4YWZ1,"Amino acid/amide ABC transporter membrane protein 2, HAAT family",,40416,Micromonospora echinospora (Micromonospora purpurea)
GA0070618_4501,A0A1C4YX01,Branched-chain amino acid transport system ATP-binding protein,,26213,Micromonospora echinospora (Micromonospora purpurea)
GA0070618_4502,A0A1C4YY38,"Amino acid/amide ABC transporter ATP-binding protein 2, HAAT family",,26171,Micromonospora echinospora (Micromonospora purpurea)
GA0070618_4503,A0A1C4YX00,Concanavalin A-like lectin/glucanases superfamily protein,,34153,Micromonospora echinospora (Micromonospora purpurea)
GA0070618_4504,A0A1C4YXG0,"Glucose/arabinose dehydrogenase, beta-propeller fold",,75337,Micromonospora echinospora (Micromonospora purpurea)
GA0070618_4505,A0A1C4YXG4,Predicted dehydrogenase,,42910,Micromonospora echinospora (Micromonospora purpurea)
GA0070618_4506,A0A1C4YX97,Dihydrodipicolinate synthase/N-acetylneuraminate lyase,,40350,Micromonospora echinospora (Micromonospora purpurea)
GA0070618_4507,A0A1C4YXA7,Sugar phosphate isomerase/epimerase,,28356,Micromonospora echinospora (Micromonospora purpurea)
GA0070618_4508,A0A1C4YXK0,"Membrane protein DedA, SNARE-associated domain",,24400,Micromonospora echinospora (Micromonospora purpurea)
GA0070618_4509,A0A1C4YXK2,"Uncharacterized membrane protein YbhN, UPF0104 family",,81962,Micromonospora echinospora (Micromonospora purpurea)
GA0070618_4510,A0A1C4YX73,MYXO-CTERM domain-containing protein,,6250,Micromonospora echinospora (Micromonospora purpurea)
GA0070618_4511,A0A1C4YXF2,Cytochrome c-type biogenesis protein,,33387,Micromonospora echinospora (Micromonospora purpurea)
GA0070618_4512,A0A1C4YX91,"Cytochrome c biogenesis protein CcmG, thiol:disulfide interchange protein DsbE",,19809,Micromonospora echinospora (Micromonospora purpurea)
GA0070618_4513,A0A1C4YYG1,Cytochrome c-type biogenesis protein CcmF,,64930,Micromonospora echinospora (Micromonospora purpurea)
GA0070618_4514,A0A1C4YYH1,Cytochrome c-type biogenesis protein CcmE,,14495,Micromonospora echinospora (Micromonospora purpurea)
GA0070618_4515,A0A1C4YXG3,Heme exporter protein C,,27302,Micromonospora echinospora (Micromonospora purpurea)
GA0070618_4516,A0A1C4YXC8,cytochrome-c oxidase (EC 7.1.1.9) (Cytochrome aa3 subunit 2),7.1.1.9,36904,Micromonospora echinospora (Micromonospora purpurea)
GA0070618_4517,A0A1C4YXM9,Cytochrome c oxidase subunit 1 (EC 7.1.1.9),7.1.1.9,70677,Micromonospora echinospora (Micromonospora purpurea)
GA0070618_4518,A0A1C4YXJ1,cytochrome-c oxidase (EC 7.1.1.9) (Cytochrome aa3 subunit 3) (Cytochrome c oxidase polypeptide III),7.1.1.9,22817,Micromonospora echinospora (Micromonospora purpurea)
GA0070618_4519,A0A1C4YXF6,Uncharacterized protein,,13766,Micromonospora echinospora (Micromonospora purpurea)
GA0070618_4520,A0A1C4YXL1,Cytochrome c oxidase assembly factor CtaG,,31078,Micromonospora echinospora (Micromonospora purpurea)
GA0070618_4521,A0A1C4YXM1,Cytochrome c,,13618,Micromonospora echinospora (Micromonospora purpurea)
GA0070618_4522,A0A1C4YXN0,Ubiquinol-cytochrome c reductase cytochrome c subunit,,26978,Micromonospora echinospora (Micromonospora purpurea)
GA0070618_4523,A0A1C4YXU5,Cytochrome bc1 complex Rieske iron-sulfur subunit (Cytochrome bc1 reductase complex subunit QcrA) (Rieske iron-sulfur protein),,29988,Micromonospora echinospora (Micromonospora purpurea)
GA0070618_4524,A0A1C4YXV6,Cytochrome bc1 complex cytochrome b subunit (EC 7.1.1.8) (Cytochrome bc1 reductase complex subunit QcrB),7.1.1.8,63348,Micromonospora echinospora (Micromonospora purpurea)
GA0070618_4525,A0A1C4YXW4,Pyruvate oxidase,,63287,Micromonospora echinospora (Micromonospora purpurea)
GA0070618_4526,A0A1C4YXS7,Short-chain dehydrogenase,,36704,Micromonospora echinospora (Micromonospora purpurea)
GA0070618_4527,A0A1C4YY33,Anti-anti-sigma factor,,10022,Micromonospora echinospora (Micromonospora purpurea)
GA0070618_4528,A0A1C4YXR9,histidine kinase (EC 2.7.13.3),2.7.13.3,149268,Micromonospora echinospora (Micromonospora purpurea)
GA0070618_4529,A0A1C4YXS9,histidine kinase (EC 2.7.13.3),2.7.13.3,59689,Micromonospora echinospora (Micromonospora purpurea)
GA0070618_4530,A0A1C4YY02,Uncharacterized protein,,28326,Micromonospora echinospora (Micromonospora purpurea)
GA0070618_4531,A0A1C4YXU7,Uncharacterized protein,,180362,Micromonospora echinospora (Micromonospora purpurea)
GA0070618_4532,A0A1C4YXV2,Secreted protein,,111028,Micromonospora echinospora (Micromonospora purpurea)
GA0070618_4533,A0A1C4YY72,Methyltransferase domain-containing protein,,22391,Micromonospora echinospora (Micromonospora purpurea)
GA0070618_4534,A0A1C4YY08,Glycosyltransferase A (GT-A) superfamily protein (DUF2064 family),,23493,Micromonospora echinospora (Micromonospora purpurea)
GA0070618_4535,A0A1C4YY17,Glycosyl transferase family 2,,24002,Micromonospora echinospora (Micromonospora purpurea)
GA0070618_4536,A0A1C4YY25,Integral membrane protein,,50629,Micromonospora echinospora (Micromonospora purpurea)
GA0070618_4537,A0A1C4YY35,dTDP-L-rhamnose 4-epimerase,,36991,Micromonospora echinospora (Micromonospora purpurea)
GA0070618_4538,A0A1C4YYB4,Sulfoxide reductase catalytic subunit YedY,,50683,Micromonospora echinospora (Micromonospora purpurea)
GA0070618_4539,A0A1C4YYC4,Lipoprotein,,17411,Micromonospora echinospora (Micromonospora purpurea)
GA0070618_4540,A0A1C4YYD5,Aspartate racemase,,26824,Micromonospora echinospora (Micromonospora purpurea)
GA0070618_4541,A0A1C4YYE4,Predicted acetyltransferase,,45626,Micromonospora echinospora (Micromonospora purpurea)
GA0070618_4542,A0A1C4YYA4,HEAT repeat protein,,53261,Micromonospora echinospora (Micromonospora purpurea)
GA0070618_4543,A0A1C4YYB3,Uncharacterized protein,,34337,Micromonospora echinospora (Micromonospora purpurea)
GA0070618_4544,A0A1C4YYH3,Multidrug efflux pump Tap,,41063,Micromonospora echinospora (Micromonospora purpurea)
GA0070618_4545,A0A1C4YYI1,Chitinase,,38362,Micromonospora echinospora (Micromonospora purpurea)
GA0070618_4546,A0A1C4YYJ0,L-lactate dehydrogenase complex protein LldG,,22455,Micromonospora echinospora (Micromonospora purpurea)
GA0070618_4547,A0A1C4YYC5,L-lactate dehydrogenase complex protein LldF,,56294,Micromonospora echinospora (Micromonospora purpurea)
GA0070618_4548,A0A1C4YYK9,L-lactate dehydrogenase complex protein LldE,,26804,Micromonospora echinospora (Micromonospora purpurea)
GA0070618_4549,A0A1C4YYC0,"Transcriptional regulator, GntR family",,25999,Micromonospora echinospora (Micromonospora purpurea)
GA0070618_4550,A0A1C4YYD0,sn-glycerol-3-phosphate transport system permease protein UgpA,,35206,Micromonospora echinospora (Micromonospora purpurea)
GA0070618_4551,A0A1C4YYG5,Multiple sugar transport system permease protein,,32229,Micromonospora echinospora (Micromonospora purpurea)
GA0070618_4552,A0A1C4YYQ3,Multiple sugar transport system substrate-binding protein,,47260,Micromonospora echinospora (Micromonospora purpurea)
GA0070618_4553,A0A1C4YYL5,Glycosyl hydrolases family 43,,44603,Micromonospora echinospora (Micromonospora purpurea)
GA0070618_4554,A0A1C4YYY0,Beta-galactosidase (Beta-gal) (EC 3.2.1.23),3.2.1.23,74422,Micromonospora echinospora (Micromonospora purpurea)
GA0070618_4555,A0A1C4YYL4,Rhamnulokinase,,52003,Micromonospora echinospora (Micromonospora purpurea)
GA0070618_4556,A0A1C4YYM0,Rhamnulose-1-phosphate aldolase/alcohol dehydrogenase,,71779,Micromonospora echinospora (Micromonospora purpurea)
GA0070618_4557,A0A1C4YYQ0,L-rhamnose isomerase / sugar isomerase,,44036,Micromonospora echinospora (Micromonospora purpurea)
GA0070618_4558,A0A1C4YYT0,L-rhamnose mutarotase,,13001,Micromonospora echinospora (Micromonospora purpurea)
GA0070618_4559,A0A1C4YYP0,"Transcriptional regulator, LacI family",,36814,Micromonospora echinospora (Micromonospora purpurea)
GA0070618_4560,A0A1C4YYW6,Uncharacterized protein,,27978,Micromonospora echinospora (Micromonospora purpurea)
GA0070618_4561,A0A1C4YYR1,N-acetylglucosamine transport system permease protein,,33110,Micromonospora echinospora (Micromonospora purpurea)
GA0070618_4562,A0A1C4YYQ4,N-acetylglucosamine transport system permease protein,,33201,Micromonospora echinospora (Micromonospora purpurea)
GA0070618_4563,A0A1C4YYR3,N-acetylglucosamine transport system substrate-binding protein,,50582,Micromonospora echinospora (Micromonospora purpurea)
GA0070618_4564,A0A1C4YZ21,Peptidase inhibitor family I36,,16828,Micromonospora echinospora (Micromonospora purpurea)
GA0070618_4565,A0A1C4YZ80,S-adenosyl methyltransferase,,29848,Micromonospora echinospora (Micromonospora purpurea)
GA0070618_4566,A0A1C4YZ22,Large ribosomal subunit protein bL31B,,9915,Micromonospora echinospora (Micromonospora purpurea)
GA0070618_4567,A0A1C4YZ30,"GTPase, G3E family",,48274,Micromonospora echinospora (Micromonospora purpurea)
GA0070618_4568,A0A1C4YZ36,Large ribosomal subunit protein bL28,,9079,Micromonospora echinospora (Micromonospora purpurea)
GA0070618_4569,A0A1C4YYY3,Large ribosomal subunit protein bL33,,6624,Micromonospora echinospora (Micromonospora purpurea)
GA0070618_4570,A0A1C4YZ91,Small ribosomal subunit protein uS14,,11639,Micromonospora echinospora (Micromonospora purpurea)
GA0070618_4571,A0A1C4YZF5,FAD-NAD(P)-binding,,72906,Micromonospora echinospora (Micromonospora purpurea)
GA0070618_4572,A0A1C4YZ89,D-methionine transport system ATP-binding protein,,35217,Micromonospora echinospora (Micromonospora purpurea)
GA0070618_4573,A0A1C4YZ40,D-methionine transport system permease protein,,23615,Micromonospora echinospora (Micromonospora purpurea)
GA0070618_4574,A0A1C4YZ92,D-methionine transport system substrate-binding protein,,29442,Micromonospora echinospora (Micromonospora purpurea)
GA0070618_4575,A0A1C4YZF9,Tautomerase enzyme,,13104,Micromonospora echinospora (Micromonospora purpurea)
GA0070618_4576,A0A1C4YZH2,Methylglyoxal reductase,,35589,Micromonospora echinospora (Micromonospora purpurea)
GA0070618_4577,A0A1C4YZD3,Hippurate hydrolase,,43540,Micromonospora echinospora (Micromonospora purpurea)
GA0070618_4578,A0A1C4YZM4,"DNA-binding transcriptional regulator, LysR family",,34417,Micromonospora echinospora (Micromonospora purpurea)
GA0070618_4579,A0A1C4YZP4,L-alanine-DL-glutamate epimerase,,40425,Micromonospora echinospora (Micromonospora purpurea)
GA0070618_4580,A0A1C4YZI8,Aldehyde dehydrogenase (NAD+),,51758,Micromonospora echinospora (Micromonospora purpurea)
GA0070618_4581,A0A1C4Z0L8,5-dehydro-2-deoxygluconokinase,,33348,Micromonospora echinospora (Micromonospora purpurea)
GA0070618_4582,A0A1C4YZI5,Sugar (Pentulose or hexulose) kinase,,51493,Micromonospora echinospora (Micromonospora purpurea)
GA0070618_4583,A0A1C4YZK8,"Carbohydrate ABC transporter substrate-binding protein, CUT1 family",,43390,Micromonospora echinospora (Micromonospora purpurea)
GA0070618_4584,A0A1C4YZV5,"Carbohydrate ABC transporter membrane protein 1, CUT1 family",,34324,Micromonospora echinospora (Micromonospora purpurea)
GA0070618_4585,A0A1C4YZV8,"Carbohydrate ABC transporter membrane protein 2, CUT1 family",,29760,Micromonospora echinospora (Micromonospora purpurea)
GA0070618_4586,A0A1C4YZT9,Secreted protein,,36921,Micromonospora echinospora (Micromonospora purpurea)
GA0070618_4587,A0A1C4Z0S6,Chitinase family 18,,83870,Micromonospora echinospora (Micromonospora purpurea)
GA0070618_4588,A0A1C4YZR6,Ca-activated chloride channel family protein,,63262,Micromonospora echinospora (Micromonospora purpurea)
GA0070618_4589,A0A1C4YZR8,FtsX-like permease family protein,,79760,Micromonospora echinospora (Micromonospora purpurea)
GA0070618_4590,A0A1C4YZZ7,Putative ABC transport system ATP-binding protein,,24588,Micromonospora echinospora (Micromonospora purpurea)
GA0070618_4591,A0A1C4YZR9,"DNA-binding transcriptional regulator, PadR family",,20050,Micromonospora echinospora (Micromonospora purpurea)
GA0070618_4592,A0A1C4YZU3,ArsR family transcriptional regulator,,13288,Micromonospora echinospora (Micromonospora purpurea)
GA0070618_4593,A0A1C4YZR0,"Uncharacterized protein YjbI, contains pentapeptide repeats",,25030,Micromonospora echinospora (Micromonospora purpurea)
GA0070618_4594,A0A1C4YZV7,Uncharacterized protein,,7214,Micromonospora echinospora (Micromonospora purpurea)
GA0070618_4595,A0A1C4Z058,Pentalenolactone synthase,,42817,Micromonospora echinospora (Micromonospora purpurea)
GA0070618_4596,A0A1C4Z067,Uncharacterized protein,,34719,Micromonospora echinospora (Micromonospora purpurea)
GA0070618_4597,A0A1C4Z049,Uncharacterized protein,,8291,Micromonospora echinospora (Micromonospora purpurea)
GA0070618_4598,A0A1C4Z059,"ATP-binding cassette, subfamily B",,64313,Micromonospora echinospora (Micromonospora purpurea)
GA0070618_4599,A0A1C4YZZ0,Septum formation,,18768,Micromonospora echinospora (Micromonospora purpurea)
GA0070618_4600,A0A1C4Z003,Calcineurin-like phosphoesterase,,49831,Micromonospora echinospora (Micromonospora purpurea)
GA0070618_4601,A0A1C4Z023,MYXO-CTERM domain-containing protein,,22663,Micromonospora echinospora (Micromonospora purpurea)
GA0070618_4602,A0A1C4Z026,Nickel/cobalt efflux system,,29343,Micromonospora echinospora (Micromonospora purpurea)
GA0070618_4603,A0A1C4Z034,Uncharacterized protein,,48844,Micromonospora echinospora (Micromonospora purpurea)
GA0070618_4604,A0A1C4Z046,Uncharacterized protein,,21474,Micromonospora echinospora (Micromonospora purpurea)
GA0070618_4605,A0A1C4Z053,AAA ATPase domain-containing protein,,90711,Micromonospora echinospora (Micromonospora purpurea)
GA0070618_4606,A0A1C4Z021,N-acetylmuramoyl-L-alanine amidase,,22131,Micromonospora echinospora (Micromonospora purpurea)
GA0070618_4607,A0A1C4Z084,Uncharacterized protein,,22254,Micromonospora echinospora (Micromonospora purpurea)
GA0070618_4608,A0A1C4Z042,Integral membrane protein,,80890,Micromonospora echinospora (Micromonospora purpurea)
GA0070618_4609,A0A1C4Z0J0,Ankyrin repeat-containing protein,,15628,Micromonospora echinospora (Micromonospora purpurea)
GA0070618_4610,A0A1C4Z0G2,Probable potassium transport system protein Kup,,70116,Micromonospora echinospora (Micromonospora purpurea)
GA0070618_4611,A0A1C4Z0A4,"Transcriptional regulator, TetR family",,24475,Micromonospora echinospora (Micromonospora purpurea)
GA0070618_4612,A0A1C4Z0C7,Pimeloyl-ACP methyl ester carboxylesterase,,31857,Micromonospora echinospora (Micromonospora purpurea)
GA0070618_4613,A0A1C4Z0I7,"Esterase, PHB depolymerase family",,33548,Micromonospora echinospora (Micromonospora purpurea)
GA0070618_4614,A0A1C4Z0B7,Cu2+-exporting ATPase,,73878,Micromonospora echinospora (Micromonospora purpurea)
GA0070618_4615,A0A1C4Z0D5,Carbohydrate binding module (Family 6),,49903,Micromonospora echinospora (Micromonospora purpurea)
GA0070618_4616,A0A1C4Z071,"Monosaccharide ABC transporter substrate-binding protein, CUT2 family",,40139,Micromonospora echinospora (Micromonospora purpurea)
GA0070618_4617,A0A1C4Z0P4,"Monosaccharide ABC transporter ATP-binding protein, CUT2 family",,55786,Micromonospora echinospora (Micromonospora purpurea)
GA0070618_4618,A0A1C4Z0M2,Xylose transport system permease protein XylH,,43213,Micromonospora echinospora (Micromonospora purpurea)
GA0070618_4619,A0A1C4Z091,Alpha-galactosidase (EC 3.2.1.22) (Melibiase),3.2.1.22,59079,Micromonospora echinospora (Micromonospora purpurea)
GA0070618_4620,A0A1C4Z0I4,Beta-xylanase (EC 3.2.1.8),3.2.1.8,53134,Micromonospora echinospora (Micromonospora purpurea)
GA0070618_4621,A0A1C4Z0I9,Beta-xylosidase,,76241,Micromonospora echinospora (Micromonospora purpurea)
GA0070618_4622,A0A1C4Z0T2,non-reducing end alpha-L-arabinofuranosidase (EC 3.2.1.55),3.2.1.55,54633,Micromonospora echinospora (Micromonospora purpurea)
GA0070618_4623,A0A1C4Z0U0,Ribulokinase (EC 2.7.1.16),2.7.1.16,59285,Micromonospora echinospora (Micromonospora purpurea)
GA0070618_4624,A0A1C4Z0J3,L-ribulose-5-phosphate 4-epimerase (EC 5.1.3.4) (Phosphoribulose isomerase),5.1.3.4,24766,Micromonospora echinospora (Micromonospora purpurea)
GA0070618_4625,A0A1C4Z1P9,"Monosaccharide ABC transporter substrate-binding protein, CUT2 family",,34973,Micromonospora echinospora (Micromonospora purpurea)
GA0070618_4626,A0A1C4Z0N8,"Monosaccharide ABC transporter ATP-binding protein, CUT2 family (TC 3.A.1.2.-)",,56041,Micromonospora echinospora (Micromonospora purpurea)
GA0070618_4627,A0A1C4Z0J1,"Monosaccharide ABC transporter membrane protein, CUT2 family (TC 3.A.1.2.-)",,37008,Micromonospora echinospora (Micromonospora purpurea)
GA0070618_4628,A0A1C4Z0Y1,"Monosaccharide ABC transporter membrane protein, CUT2 family (TC 3.A.1.2.-)",,34869,Micromonospora echinospora (Micromonospora purpurea)
GA0070618_4629,A0A1C4Z0W2,L-arabinose isomerase (EC 5.3.1.4),5.3.1.4,54485,Micromonospora echinospora (Micromonospora purpurea)
GA0070618_4630,A0A1C4Z0W8,"Transcriptional regulator, LacI family",,36609,Micromonospora echinospora (Micromonospora purpurea)
GA0070618_4631,A0A1C4Z0R6,"Beta-xylosidase, GH43 family",,55673,Micromonospora echinospora (Micromonospora purpurea)
GA0070618_4632,A0A1C4Z1W8,"Arabinan endo-1,5-alpha-L-arabinosidase",,38928,Micromonospora echinospora (Micromonospora purpurea)
GA0070618_4633,A0A1C4Z0P2,"Beta-xylosidase, GH43 family",,55735,Micromonospora echinospora (Micromonospora purpurea)
GA0070618_4634,A0A1C4Z0U6,Ricin B lectin domain-containing protein,,97615,Micromonospora echinospora (Micromonospora purpurea)
GA0070618_4635,A0A1C4Z108,Alpha-L-arabinofuranosidase B (ABFB) domain-containing protein,,51291,Micromonospora echinospora (Micromonospora purpurea)
GA0070618_4636,A0A1C4Z129,Effector-binding domain-containing protein,,30652,Micromonospora echinospora (Micromonospora purpurea)
GA0070618_4637,A0A1C4Z0W3,"Butirosin biosynthesis protein H, N-terminal",,36061,Micromonospora echinospora (Micromonospora purpurea)
GA0070618_4638,A0A1C4Z0X1,PhnB protein,,14879,Micromonospora echinospora (Micromonospora purpurea)
GA0070618_4639,A0A1C4Z159,Phenazine biosynthesis protein PhzF family,,32183,Micromonospora echinospora (Micromonospora purpurea)
GA0070618_4640,A0A1C4Z113,"Two component transcriptional regulator, LuxR family",,23785,Micromonospora echinospora (Micromonospora purpurea)
GA0070618_4641,A0A1C4Z0T1,Histidine kinase,,70283,Micromonospora echinospora (Micromonospora purpurea)
GA0070618_4642,A0A1C4Z114,DNA-binding transcriptional activator of the SARP family,,80825,Micromonospora echinospora (Micromonospora purpurea)
GA0070618_4643,A0A1C4Z0U9,"Enamine deaminase RidA, house cleaning of reactive enamine intermediates, YjgF/YER057c/UK114 family",,16926,Micromonospora echinospora (Micromonospora purpurea)
GA0070618_4644,A0A1C4Z0V8,Amidohydrolase 3 domain-containing protein,,57422,Micromonospora echinospora (Micromonospora purpurea)
GA0070618_4645,A0A1C4Z0W5,Succinate-semialdehyde dehydrogenase / glutarate-semialdehyde dehydrogenase,,50817,Micromonospora echinospora (Micromonospora purpurea)
GA0070618_4646,A0A1C4Z0X5,Cupin domain-containing protein,,14360,Micromonospora echinospora (Micromonospora purpurea)
GA0070618_4647,A0A1C4Z186,Pyridine nucleotide-disulfide oxidoreductase domain-containing protein 2,,57761,Micromonospora echinospora (Micromonospora purpurea)
GA0070618_4648,A0A1C4Z196,SnoaL-like domain-containing protein,,13660,Micromonospora echinospora (Micromonospora purpurea)
GA0070618_4649,A0A1C4Z2C8,L-cysteine desulfhydrase Cds1 (EC 4.4.1.1),4.4.1.1,40686,Micromonospora echinospora (Micromonospora purpurea)
GA0070618_4650,A0A1C4Z2D9,Putative spermidine/putrescine transport system substrate-binding protein,,38575,Micromonospora echinospora (Micromonospora purpurea)
GA0070618_4651,A0A1C4Z1C4,Putative spermidine/putrescine transport system permease protein,,62950,Micromonospora echinospora (Micromonospora purpurea)
GA0070618_4652,A0A1C4Z2G2,Spermidine/putrescine import ATP-binding protein PotA (EC 7.6.2.11),7.6.2.11,40235,Micromonospora echinospora (Micromonospora purpurea)
GA0070618_4653,A0A1C4Z2H5,"Transcriptional regulator, IclR family",,26909,Micromonospora echinospora (Micromonospora purpurea)
GA0070618_4654,A0A1C4Z1E1,Succinate semialdehyde dehydrogenase,,52084,Micromonospora echinospora (Micromonospora purpurea)
GA0070618_4655,A0A1C4Z179,Uncharacterized protein,,8561,Micromonospora echinospora (Micromonospora purpurea)
GA0070618_4656,A0A1C4Z1N3,DUF397 domain-containing protein,,9614,Micromonospora echinospora (Micromonospora purpurea)
GA0070618_4657,A0A1C4Z1E4,Uncharacterized protein,,7574,Micromonospora echinospora (Micromonospora purpurea)
GA0070618_4658,A0A1C4Z1N2,DUF397 domain-containing protein,,8568,Micromonospora echinospora (Micromonospora purpurea)
GA0070618_4659,A0A1C4Z1P2,Aldehyde dehydrogenase family protein,,5969,Micromonospora echinospora (Micromonospora purpurea)
GA0070618_4660,A0A1C4Z1Q2,"Transcriptional regulator, TetR family",,25860,Micromonospora echinospora (Micromonospora purpurea)
GA0070618_4661,A0A1C4Z1R4,NADPH:quinone reductase,,34972,Micromonospora echinospora (Micromonospora purpurea)
GA0070618_4662,A0A1C4Z1S1,"Fur family transcriptional regulator, ferric uptake regulator",,15341,Micromonospora echinospora (Micromonospora purpurea)
GA0070618_4663,A0A1C4Z1K1,Catalase-peroxidase (CP) (EC 1.11.1.21) (Peroxidase/catalase),1.11.1.21,82688,Micromonospora echinospora (Micromonospora purpurea)
GA0070618_4664,A0A1C4Z1P0,HTH cro/C1-type domain-containing protein,,55883,Micromonospora echinospora (Micromonospora purpurea)
GA0070618_4665,A0A1C4Z1V1,DUF2690 domain-containing protein,,16607,Micromonospora echinospora (Micromonospora purpurea)
GA0070618_4666,A0A1C4Z1N4,TROVE domain-containing protein,,55611,Micromonospora echinospora (Micromonospora purpurea)
GA0070618_4667,A0A1C4Z1Z3,"Serine protease, subtilisin family",,150214,Micromonospora echinospora (Micromonospora purpurea)
GA0070618_4668,A0A1C4Z204,cysteine-S-conjugate beta-lyase (EC 4.4.1.13),4.4.1.13,43941,Micromonospora echinospora (Micromonospora purpurea)
GA0070618_4669,A0A1C4Z1Z1,"NPCBM-associated, NEW3 domain of alpha-galactosidase",,120659,Micromonospora echinospora (Micromonospora purpurea)
GA0070618_4670,A0A1C4Z1S6,Glycosyl hydrolase family 67 C-terminus,,109926,Micromonospora echinospora (Micromonospora purpurea)
GA0070618_4671,A0A1C4Z1W4,FAD/FMN-containing dehydrogenase,,101664,Micromonospora echinospora (Micromonospora purpurea)
GA0070618_4672,A0A1C4Z1X4,"Transcriptional regulator, GntR family",,25083,Micromonospora echinospora (Micromonospora purpurea)
GA0070618_4673,A0A1C4Z1Y6,Acetyltransferase (GNAT) family protein,,17302,Micromonospora echinospora (Micromonospora purpurea)
GA0070618_4675,A0A1C4Z240,Short chain dehydrogenase,,51793,Micromonospora echinospora (Micromonospora purpurea)
GA0070618_4676,A0A1C4Z248,Leucine Rich repeat,,39284,Micromonospora echinospora (Micromonospora purpurea)
GA0070618_4677,A0A1C4Z210,Ankyrin repeat-containing protein,,61952,Micromonospora echinospora (Micromonospora purpurea)
GA0070618_4678,A0A1C4Z214,AAA domain (Dynein-related subfamily),,40698,Micromonospora echinospora (Micromonospora purpurea)
GA0070618_4679,A0A1C4Z227,Predicted metal-dependent peptidase,,42930,Micromonospora echinospora (Micromonospora purpurea)
GA0070618_4680,A0A1C4Z291,Sugar phosphate permease,,44775,Micromonospora echinospora (Micromonospora purpurea)
GA0070618_4681,A0A1C4Z298,"DNA-binding transcriptional regulator, GntR family",,22706,Micromonospora echinospora (Micromonospora purpurea)
GA0070618_4682,A0A1C4Z263,Poly-gamma-glutamate synthesis protein (Capsule biosynthesis protein),,39186,Micromonospora echinospora (Micromonospora purpurea)
GA0070618_4683,A0A1C4Z271,DNA-binding transcriptional activator of the SARP family,,99271,Micromonospora echinospora (Micromonospora purpurea)
GA0070618_4684,A0A1C4Z2C5,Endonuclease/Exonuclease/phosphatase family protein,,34888,Micromonospora echinospora (Micromonospora purpurea)
GA0070618_4685,A0A1C4Z398,Peptidoglycan-binding protein,,28950,Micromonospora echinospora (Micromonospora purpurea)
GA0070618_4686,A0A1C4Z211,Uncharacterized protein,,14001,Micromonospora echinospora (Micromonospora purpurea)
GA0070618_4687,A0A1C4Z2B1,GAF domain-containing protein,,66948,Micromonospora echinospora (Micromonospora purpurea)
GA0070618_4688,A0A1C4Z2G5,NIPSNAP protein,,10977,Micromonospora echinospora (Micromonospora purpurea)
GA0070618_4689,A0A1C4Z241,Amidohydrolase 3 domain-containing protein,,58188,Micromonospora echinospora (Micromonospora purpurea)
GA0070618_4690,A0A1C4Z251,Succinate-semialdehyde dehydrogenase / glutarate-semialdehyde dehydrogenase,,50429,Micromonospora echinospora (Micromonospora purpurea)
GA0070618_4691,A0A1C4Z3F1,"Flavin-dependent oxidoreductase, luciferase family (Includes alkanesulfonate monooxygenase SsuD and methylene tetrahydromethanopterin reductase)",,38254,Micromonospora echinospora (Micromonospora purpurea)
GA0070618_4692,A0A1C4Z2F5,"NADH-FMN oxidoreductase RutF, flavin reductase (DIM6/NTAB) family",,35989,Micromonospora echinospora (Micromonospora purpurea)
GA0070618_4693,A0A1C4Z2G3,Cupin domain-containing protein,,15819,Micromonospora echinospora (Micromonospora purpurea)
GA0070618_4694,A0A1C4Z2L8,"Amino acid ABC transporter ATP-binding protein, PAAT family",,28076,Micromonospora echinospora (Micromonospora purpurea)
GA0070618_4695,A0A1C4Z2M6,ABC-type amino acid transport substrate-binding protein,,31363,Micromonospora echinospora (Micromonospora purpurea)
GA0070618_4696,A0A1C4Z2H1,"Amino acid ABC transporter membrane protein, PAAT family",,25396,Micromonospora echinospora (Micromonospora purpurea)
GA0070618_4697,A0A1C4Z2P5,Polar amino acid transport system permease protein,,23977,Micromonospora echinospora (Micromonospora purpurea)
GA0070618_4698,A0A1C4Z2L5,Trypsin,,60045,Micromonospora echinospora (Micromonospora purpurea)
GA0070618_4699,A0A1C4Z2N2,OLD protein-like TOPRIM domain-containing protein,,23617,Micromonospora echinospora (Micromonospora purpurea)
GA0070618_4700,A0A1C4Z2E3,DUF4365 domain-containing protein,,19188,Micromonospora echinospora (Micromonospora purpurea)
GA0070618_4701,A0A1C4Z2N0,YjbR protein,,14157,Micromonospora echinospora (Micromonospora purpurea)
GA0070618_4702,A0A1C4Z2H3,HEAT repeat domain-containing protein,,27967,Micromonospora echinospora (Micromonospora purpurea)
GA0070618_4703,A0A1C4Z2H7,Streptomycin adenylyltransferase,,28959,Micromonospora echinospora (Micromonospora purpurea)
GA0070618_4704,A0A1C4Z2W2,Trypsin-like peptidase domain-containing protein,,43755,Micromonospora echinospora (Micromonospora purpurea)
GA0070618_4705,A0A1C4Z2W3,DUF397 domain-containing protein,,6625,Micromonospora echinospora (Micromonospora purpurea)
GA0070618_4706,A0A1C4Z2X3,Helix-turn-helix domain-containing protein,,32805,Micromonospora echinospora (Micromonospora purpurea)
GA0070618_4707,A0A1C4Z2U0,"Predicted DNA-binding transcriptional regulator YafY, contains an HTH and WYL domains",,34909,Micromonospora echinospora (Micromonospora purpurea)
GA0070618_4708,A0A1C4Z2Z4,"Uncharacterized conserved protein YbjT, contains NAD(P)-binding and DUF2867 domains",,29244,Micromonospora echinospora (Micromonospora purpurea)
GA0070618_4709,A0A1C4Z311,Acetyltransferase (GNAT) family protein,,29600,Micromonospora echinospora (Micromonospora purpurea)
GA0070618_4710,A0A1C4Z2W9,Glyoxalase-like domain,,24782,Micromonospora echinospora (Micromonospora purpurea)
GA0070618_4711,A0A1C4Z334,ABC transporter,,17584,Micromonospora echinospora (Micromonospora purpurea)
GA0070618_4712,A0A1C4Z344,Carboxypeptidase regulatory-like domain-containing protein,,23740,Micromonospora echinospora (Micromonospora purpurea)
GA0070618_4713,A0A1C4Z2Y5,"DNA-binding transcriptional regulator, MarR family",,15574,Micromonospora echinospora (Micromonospora purpurea)
GA0070618_4714,A0A1C4Z352,"ATP-binding cassette, subfamily B",,63800,Micromonospora echinospora (Micromonospora purpurea)
GA0070618_4715,A0A1C4Z363,"NADH dehydrogenase, FAD-containing subunit",,41378,Micromonospora echinospora (Micromonospora purpurea)
GA0070618_4717,A0A1C4Z331,Adenylyl cyclase,,67392,Micromonospora echinospora (Micromonospora purpurea)
GA0070618_4718,A0A1C4Z337,"Transcriptional regulator, TetR family",,20910,Micromonospora echinospora (Micromonospora purpurea)
GA0070618_4719,A0A1C4Z2Z2,"MFS transporter, DHA2 family, multidrug resistance protein",,52299,Micromonospora echinospora (Micromonospora purpurea)
GA0070618_4720,A0A1C4Z467,Cupin domain protein,,14617,Micromonospora echinospora (Micromonospora purpurea)
GA0070618_4721,A0A1C4Z309,Pyridoxamine 5'-phosphate oxidase,,15977,Micromonospora echinospora (Micromonospora purpurea)
GA0070618_4722,A0A1C4Z3B0,DUF4132 domain-containing protein,,31187,Micromonospora echinospora (Micromonospora purpurea)
GA0070618_4723,A0A1C4Z328,DNA-binding protein,,178203,Micromonospora echinospora (Micromonospora purpurea)
GA0070618_4724,A0A1C4Z340,AAA domain (Dynein-related subfamily),,42572,Micromonospora echinospora (Micromonospora purpurea)
GA0070618_4725,A0A1C4Z3E0,VWA domain containing CoxE-like protein,,127476,Micromonospora echinospora (Micromonospora purpurea)
GA0070618_4726,A0A1C4Z3B2,SWIM zinc finger,,65387,Micromonospora echinospora (Micromonospora purpurea)
GA0070618_4727,A0A1C4Z3K2,Chitobiase/beta-hexosaminidase C-terminal domain-containing protein,,89298,Micromonospora echinospora (Micromonospora purpurea)
GA0070618_4728,A0A1C4Z3J8,"Transcriptional regulator, ArsR family",,30055,Micromonospora echinospora (Micromonospora purpurea)
GA0070618_4729,A0A1C4Z3A5,"NADH-FMN oxidoreductase RutF, flavin reductase (DIM6/NTAB) family",,24270,Micromonospora echinospora (Micromonospora purpurea)
GA0070618_4730,A0A1C4Z3G6,Regulatory P domain of the subtilisin-like proprotein convertase,,74420,Micromonospora echinospora (Micromonospora purpurea)
GA0070618_4731,A0A1C4Z3B8,Dipeptidase E,,26858,Micromonospora echinospora (Micromonospora purpurea)
GA0070618_4732,A0A1C4Z3Q7,"Transcriptional regulator, IclR family",,29933,Micromonospora echinospora (Micromonospora purpurea)
GA0070618_4733,A0A1C4Z3I7,Peptide/nickel transport system permease protein,,36085,Micromonospora echinospora (Micromonospora purpurea)
GA0070618_4734,A0A1C4Z3J6,Peptide/nickel transport system permease protein,,31495,Micromonospora echinospora (Micromonospora purpurea)
GA0070618_4735,A0A1C4Z3K6,Peptide/nickel transport system substrate-binding protein,,57022,Micromonospora echinospora (Micromonospora purpurea)
GA0070618_4736,A0A1C4Z3U7,Probable succinyl-diaminopimelate desuccinylase,,46745,Micromonospora echinospora (Micromonospora purpurea)
GA0070618_4737,A0A1C4Z3U6,DUF1177 domain-containing protein,,32389,Micromonospora echinospora (Micromonospora purpurea)
GA0070618_4738,A0A1C4Z3N5,Peptide/nickel transport system ATP-binding protein,,64455,Micromonospora echinospora (Micromonospora purpurea)
GA0070618_4739,A0A1C4Z3X3,Protein AroM,,24896,Micromonospora echinospora (Micromonospora purpurea)
GA0070618_4740,A0A1C4Z3R3,methylmalonate-semialdehyde dehydrogenase (CoA acylating) (EC 1.2.1.27),1.2.1.27,53623,Micromonospora echinospora (Micromonospora purpurea)
GA0070618_4741,A0A1C4Z3S3,Aspartyl-tRNA(Asn)/glutamyl-tRNA(Gln) amidotransferase subunit A,,44099,Micromonospora echinospora (Micromonospora purpurea)
GA0070618_4742,A0A1C4Z3T4,NitT/TauT family transport system permease protein,,30179,Micromonospora echinospora (Micromonospora purpurea)
GA0070618_4743,A0A1C4Z3Y7,NitT/TauT family transport system ATP-binding protein,,29469,Micromonospora echinospora (Micromonospora purpurea)
GA0070618_4744,A0A1C4Z435,Amidohydrolase,,49964,Micromonospora echinospora (Micromonospora purpurea)
GA0070618_4745,A0A1C4Z3W0,Thiamine pyrimidine synthase,,39213,Micromonospora echinospora (Micromonospora purpurea)
GA0070618_4747,A0A1C4Z3X1,"Transcriptional regulator, IclR family",,27943,Micromonospora echinospora (Micromonospora purpurea)
GA0070618_4748,A0A1C4Z478,Dimerisation domain-containing protein,,39550,Micromonospora echinospora (Micromonospora purpurea)
GA0070618_4749,A0A1C4VQ42,Secreted protein,,20790,Micromonospora echinospora (Micromonospora purpurea)
GA0070618_4750,A0A1C4Z415,S-adenosyl methyltransferase,,29748,Micromonospora echinospora (Micromonospora purpurea)
GA0070618_4751,A0A1C4Z424,Diguanylate cyclase (GGDEF) domain-containing protein,,62116,Micromonospora echinospora (Micromonospora purpurea)
GA0070618_4752,A0A1C4Z575,NB-ARC domain-containing protein,,74414,Micromonospora echinospora (Micromonospora purpurea)
GA0070618_4753,A0A1C4Z584,RIP homotypic interaction motif,,15206,Micromonospora echinospora (Micromonospora purpurea)
GA0070618_4754,A0A1C4Z4A1,Low temperature requirement protein LtrA,,56050,Micromonospora echinospora (Micromonospora purpurea)
GA0070618_4755,A0A1C4Z4D2,Probable membrane transporter protein,,32697,Micromonospora echinospora (Micromonospora purpurea)
GA0070618_4756,A0A1C4Z482,cysteine desulfurase (EC 2.8.1.7),2.8.1.7,44378,Micromonospora echinospora (Micromonospora purpurea)
GA0070618_4757,A0A1C4Z5D0,"Glycosyltransferase, MGT family",,42527,Micromonospora echinospora (Micromonospora purpurea)
GA0070618_4759,A0A1C4Z4G2,Uncharacterized protein,,4187,Micromonospora echinospora (Micromonospora purpurea)
GA0070618_4760,A0A1C4Z4K1,Uncharacterized protein,,36248,Micromonospora echinospora (Micromonospora purpurea)
GA0070618_4761,A0A1C4Z4C3,Uncharacterized protein,,33491,Micromonospora echinospora (Micromonospora purpurea)
GA0070618_4762,A0A1C4Z4L4,"Carbohydrate ABC transporter substrate-binding protein, CUT1 family",,49550,Micromonospora echinospora (Micromonospora purpurea)
GA0070618_4763,A0A1C4Z4P9,"Carbohydrate ABC transporter membrane protein 2, CUT1 family",,30069,Micromonospora echinospora (Micromonospora purpurea)
GA0070618_4764,A0A1C4Z4C0,"Carbohydrate ABC transporter membrane protein 1, CUT1 family",,33169,Micromonospora echinospora (Micromonospora purpurea)
GA0070618_4765,A0A1C4Z5N4,Uncharacterized protein,,21341,Micromonospora echinospora (Micromonospora purpurea)
GA0070618_4766,A0A1C4Z4H8,Glutamate dehydrogenase,,48732,Micromonospora echinospora (Micromonospora purpurea)
GA0070618_4767,A0A1C4Z4S7,Right handed beta helix region,,58024,Micromonospora echinospora (Micromonospora purpurea)
GA0070618_4768,A0A1C4Z4J9,Uncharacterized protein,,41644,Micromonospora echinospora (Micromonospora purpurea)
GA0070618_4769,A0A1C4Z4M9,"B12-binding domain/radical SAM domain protein, MJ_1487 family",,48270,Micromonospora echinospora (Micromonospora purpurea)
GA0070618_4770,A0A1C4Z4H0,Uncharacterized protein,,16482,Micromonospora echinospora (Micromonospora purpurea)
GA0070618_4771,A0A1C4Z4P1,Uncharacterized protein,,6064,Micromonospora echinospora (Micromonospora purpurea)
GA0070618_4772,A0A1C4Z4P8,Peptidoglycan-binding (PGRP) domain of peptidoglycan hydrolases-containing protein,,32837,Micromonospora echinospora (Micromonospora purpurea)
GA0070618_4773,A0A1C4Z4U1,Thioredoxin domain-containing protein,,19068,Micromonospora echinospora (Micromonospora purpurea)
GA0070618_4774,A0A1C4Z5Z4,Methylamine utilisation protein MauE domain-containing protein,,19330,Micromonospora echinospora (Micromonospora purpurea)
GA0070618_4775,A0A1C4Z603,Uncharacterized protein,,25951,Micromonospora echinospora (Micromonospora purpurea)
GA0070618_4776,A0A1C4Z4P2,Concanavalin A-like lectin/glucanases superfamily protein,,209119,Micromonospora echinospora (Micromonospora purpurea)
GA0070618_4777,A0A1C4Z4Q4,RHS repeat-associated core domain-containing protein,,203293,Micromonospora echinospora (Micromonospora purpurea)
GA0070618_4778,A0A1C4Z4R2,"Transcriptional regulator GlxA family, contains an amidase domain and an AraC-type DNA-binding HTH domain",,41117,Micromonospora echinospora (Micromonospora purpurea)
GA0070618_4779,A0A1C4Z504,"Transcriptional regulator, MerR family",,30643,Micromonospora echinospora (Micromonospora purpurea)
GA0070618_4780,A0A1C4Z4V5,Putative ABC transport system permease protein,,83834,Micromonospora echinospora (Micromonospora purpurea)
GA0070618_4781,A0A1C4Z591,Putative ABC transport system ATP-binding protein,,27956,Micromonospora echinospora (Micromonospora purpurea)
GA0070618_4782,A0A1C4Z5A2,"Two component transcriptional regulator, LuxR family",,23591,Micromonospora echinospora (Micromonospora purpurea)
GA0070618_4783,A0A1C4Z510,Putative transposase,,45414,Micromonospora echinospora (Micromonospora purpurea)
GA0070618_4784,A0A1C4Z599,"Histidine kinase-, DNA gyrase B-, and HSP90-like ATPase",,45961,Micromonospora echinospora (Micromonospora purpurea)
GA0070618_4785,A0A1C4Z5D1,Permease of the drug/metabolite transporter (DMT) superfamily,,31339,Micromonospora echinospora (Micromonospora purpurea)
GA0070618_4786,A0A1C4Z512,"DNA-binding transcriptional regulator, MocR family, contains an aminotransferase domain",,48958,Micromonospora echinospora (Micromonospora purpurea)
GA0070618_4787,A0A1C4Z4Z7,Phosphotransferase enzyme family protein,,34130,Micromonospora echinospora (Micromonospora purpurea)
GA0070618_4788,A0A1C4Z508,Pectate lyase,,53696,Micromonospora echinospora (Micromonospora purpurea)
GA0070618_4789,A0A1C4Z518,Na+/melibiose symporter,,43593,Micromonospora echinospora (Micromonospora purpurea)
GA0070618_4790,A0A1C4Z528,"DNA-binding transcriptional regulator, MerR family",,26935,Micromonospora echinospora (Micromonospora purpurea)
GA0070618_4791,A0A1C4Z538,Uncharacterized protein,,15991,Micromonospora echinospora (Micromonospora purpurea)
GA0070618_4792,A0A1C4Z548,Iron complex transport system substrate-binding protein,,33445,Micromonospora echinospora (Micromonospora purpurea)
GA0070618_4793,A0A1C4Z6F6,Iron complex transport system ATP-binding protein,,31026,Micromonospora echinospora (Micromonospora purpurea)
GA0070618_4794,A0A1C4Z6G8,Iron complex transport system permease protein,,36765,Micromonospora echinospora (Micromonospora purpurea)
GA0070618_4795,A0A1C4Z5G2,Iron complex transport system permease protein,,34514,Micromonospora echinospora (Micromonospora purpurea)
GA0070618_4796,A0A1C4Z5H1,"Two component transcriptional regulator, LuxR family",,22946,Micromonospora echinospora (Micromonospora purpurea)
GA0070618_4797,A0A1C4Z6J5,Signal transduction histidine kinase,,41139,Micromonospora echinospora (Micromonospora purpurea)
GA0070618_4798,A0A1C4Z5D2,Uncharacterized protein,,10280,Micromonospora echinospora (Micromonospora purpurea)
GA0070618_4799,A0A1C4Z5S6,"Acetyl/propionyl-CoA carboxylase, alpha subunit",,196268,Micromonospora echinospora (Micromonospora purpurea)
GA0070618_4800,A0A1C4Z5R1,"Amino acid/amide ABC transporter substrate-binding protein, HAAT family",,40815,Micromonospora echinospora (Micromonospora purpurea)
GA0070618_4801,A0A1C4Z5S0,"Amino acid/amide ABC transporter membrane protein 1, HAAT family",,29481,Micromonospora echinospora (Micromonospora purpurea)
GA0070618_4802,A0A1C4Z5L2,"Amino acid/amide ABC transporter membrane protein 2, HAAT family",,36526,Micromonospora echinospora (Micromonospora purpurea)
GA0070618_4803,A0A1C4Z5R3,Branched-chain amino acid transport system ATP-binding protein,,26994,Micromonospora echinospora (Micromonospora purpurea)
GA0070618_4804,A0A1C4Z5S5,"Amino acid/amide ABC transporter ATP-binding protein 2, HAAT family",,25946,Micromonospora echinospora (Micromonospora purpurea)
GA0070618_4805,A0A1C4Z5H7,Polyketide cyclase / dehydrase and lipid transport,,18116,Micromonospora echinospora (Micromonospora purpurea)
GA0070618_4806,A0A1C4Z5S7,Enoyl-CoA hydratase/carnithine racemase,,30108,Micromonospora echinospora (Micromonospora purpurea)
GA0070618_4807,A0A1C4Z5R2,Putrescine aminotransferase,,43128,Micromonospora echinospora (Micromonospora purpurea)
GA0070618_4808,A0A1C4Z609,Thioester reductase domain-containing protein,,36385,Micromonospora echinospora (Micromonospora purpurea)
GA0070618_4809,A0A1C4Z623,Ribosome association toxin PasT (RatA) of the RatAB toxin-antitoxin module,,16888,Micromonospora echinospora (Micromonospora purpurea)
GA0070618_4810,A0A1C4Z5T5,Acyl transferase domain-containing protein,,194621,Micromonospora echinospora (Micromonospora purpurea)
GA0070618_4811,A0A1C4Z5M4,Fatty-acyl-CoA synthase,,57880,Micromonospora echinospora (Micromonospora purpurea)
GA0070618_4812,A0A1C4Z5R7,Acyl-CoA dehydrogenase,,87416,Micromonospora echinospora (Micromonospora purpurea)
GA0070618_4813,A0A1C4Z5V8,Putative drug exporter of the RND superfamily,,75971,Micromonospora echinospora (Micromonospora purpurea)
GA0070618_4814,A0A1C4Z626,Acyl-CoA synthetase (AMP-forming)/AMP-acid ligase II,,64504,Micromonospora echinospora (Micromonospora purpurea)
GA0070618_4815,A0A1C4Z622,Uncharacterized protein,,13267,Micromonospora echinospora (Micromonospora purpurea)
GA0070618_4816,A0A1C4Z5Z9,Uncharacterized protein,,54869,Micromonospora echinospora (Micromonospora purpurea)
GA0070618_4817,A0A1C4Z5S3,Serine/threonine protein kinase,,64596,Micromonospora echinospora (Micromonospora purpurea)
GA0070618_4818,A0A1C4Z653,FHA modulated ABC efflux pump with fused ATPase and integral membrane subunits,,84227,Micromonospora echinospora (Micromonospora purpurea)
GA0070618_4819,A0A1C4Z669,Uncharacterized protein,,23142,Micromonospora echinospora (Micromonospora purpurea)
GA0070618_4820,A0A1C4Z5V0,RDD family protein,,20811,Micromonospora echinospora (Micromonospora purpurea)
GA0070618_4821,A0A1C4Z600,"Transcriptional regulator GlxA family, contains an amidase domain and an AraC-type DNA-binding HTH domain",,35376,Micromonospora echinospora (Micromonospora purpurea)
GA0070618_4822,A0A1C4Z637,NADPH:quinone reductase,,32413,Micromonospora echinospora (Micromonospora purpurea)
GA0070618_4823,A0A1C4Z6C5,"Carbohydrate ABC transporter membrane protein 2, CUT1 family",,30375,Micromonospora echinospora (Micromonospora purpurea)
GA0070618_4824,A0A1C4Z659,"Carbohydrate ABC transporter membrane protein 1, CUT1 family",,35494,Micromonospora echinospora (Micromonospora purpurea)
GA0070618_4825,A0A1C4Z662,"Carbohydrate ABC transporter substrate-binding protein, CUT1 family",,45485,Micromonospora echinospora (Micromonospora purpurea)
GA0070618_4826,A0A1C4Z6G5,"Sugar kinase of the NBD/HSP70 family, may contain an N-terminal HTH domain",,42402,Micromonospora echinospora (Micromonospora purpurea)
GA0070618_4827,A0A1C4Z6E5,F5/8 type C domain-containing protein,,93343,Micromonospora echinospora (Micromonospora purpurea)
GA0070618_4828,A0A1C4Z6L0,Cytochrome P450,,42831,Micromonospora echinospora (Micromonospora purpurea)
GA0070618_4829,A0A1C4Z6L8,Ferredoxin,,7071,Micromonospora echinospora (Micromonospora purpurea)
GA0070618_4830,A0A1C4Z6D9,Xylulokinase,,50917,Micromonospora echinospora (Micromonospora purpurea)
GA0070618_4831,A0A1C4Z6L4,Subtilase family protein,,114359,Micromonospora echinospora (Micromonospora purpurea)
GA0070618_4832,A0A1C4Z6E0,Tetratricopeptide repeat-containing protein,,84488,Micromonospora echinospora (Micromonospora purpurea)
GA0070618_4833,A0A1C4Z6F0,Peptidase family M23,,46750,Micromonospora echinospora (Micromonospora purpurea)
GA0070618_4834,A0A1C4Z7D6,HTH cro/C1-type domain-containing protein,,52049,Micromonospora echinospora (Micromonospora purpurea)
GA0070618_4835,A0A1C4Z6D0,isocitrate lyase (EC 4.1.3.1) (Isocitrase) (Isocitratase),4.1.3.1,46393,Micromonospora echinospora (Micromonospora purpurea)
GA0070618_4836,A0A1C4Z6N3,Malate synthase (EC 2.3.3.9),2.3.3.9,58695,Micromonospora echinospora (Micromonospora purpurea)
GA0070618_4837,A0A1C4Z6S7,"Glycosyltransferase, GT2 family",,50874,Micromonospora echinospora (Micromonospora purpurea)
GA0070618_4838,A0A1C4Z6X1,PAS fold-containing protein,,60246,Micromonospora echinospora (Micromonospora purpurea)
GA0070618_4839,A0A1C4Z6L6,GAF domain-containing protein,,48639,Micromonospora echinospora (Micromonospora purpurea)
GA0070618_4840,A0A1C4Z6I6,Nicotinamidase-related amidase,,21652,Micromonospora echinospora (Micromonospora purpurea)
GA0070618_4841,A0A1C4Z6R8,"Glycogen debranching enzyme (Alpha-1,6-glucosidase)",,78369,Micromonospora echinospora (Micromonospora purpurea)
GA0070618_4842,A0A1C4Z6R7,SCP-2 sterol transfer family protein,,13028,Micromonospora echinospora (Micromonospora purpurea)
GA0070618_4843,A0A1C4Z6T2,Probable membrane transporter protein,,26102,Micromonospora echinospora (Micromonospora purpurea)
GA0070618_4844,A0A1C4Z6P9,"Protein SanA, affects membrane permeability for vancomycin",,25344,Micromonospora echinospora (Micromonospora purpurea)
GA0070618_4845,A0A1C4Z6Y8,CO dehydrogenase maturation factor,,33265,Micromonospora echinospora (Micromonospora purpurea)
GA0070618_4846,A0A1C4Z6Y0,Diaminopimelate decarboxylase,,55537,Micromonospora echinospora (Micromonospora purpurea)
GA0070618_4847,A0A1C4Z6Y6,Cysteine synthase,,48107,Micromonospora echinospora (Micromonospora purpurea)
GA0070618_4848,A0A1C4Z6Z6,Cysteine desulfurase / selenocysteine lyase,,46496,Micromonospora echinospora (Micromonospora purpurea)
GA0070618_4849,A0A1C4Z6Y7,Biotin carboxylase,,46617,Micromonospora echinospora (Micromonospora purpurea)
GA0070618_4850,A0A1C4Z707,Major Facilitator Superfamily protein,,44231,Micromonospora echinospora (Micromonospora purpurea)
GA0070618_4851,A0A1C4Z715,Iron complex transport system substrate-binding protein,,41783,Micromonospora echinospora (Micromonospora purpurea)
GA0070618_4852,A0A1C4Z721,Iron complex transport system permease protein,,38683,Micromonospora echinospora (Micromonospora purpurea)
GA0070618_4853,A0A1C4Z741,Iron complex transport system ATP-binding protein,,30029,Micromonospora echinospora (Micromonospora purpurea)
GA0070618_4854,A0A1C4Z744,Adenylate kinase,,20065,Micromonospora echinospora (Micromonospora purpurea)
GA0070618_4855,A0A1C4Z743,tRNA-splicing ligase RtcB (EC 6.5.1.-),6.5.1.-,42966,Micromonospora echinospora (Micromonospora purpurea)
GA0070618_4856,A0A1C4Z7F1,Peptide chain release factor,,23769,Micromonospora echinospora (Micromonospora purpurea)
GA0070618_4857,A0A1C4Z7H7,"Chitinase, GH18 family",,48134,Micromonospora echinospora (Micromonospora purpurea)
GA0070618_4858,A0A1C4Z7A3,NAD-dependent protein deacylase (EC 2.3.1.286) (Regulatory protein SIR2 homolog),2.3.1.286,26934,Micromonospora echinospora (Micromonospora purpurea)
GA0070618_4859,A0A1C4Z7B9,Protein kinase domain-containing protein,,25621,Micromonospora echinospora (Micromonospora purpurea)
GA0070618_4860,A0A1C4Z794,Serine/threonine protein kinase,,19201,Micromonospora echinospora (Micromonospora purpurea)
GA0070618_4861,A0A1C4Z843,Ca-activated chloride channel family protein,,64467,Micromonospora echinospora (Micromonospora purpurea)
GA0070618_4862,A0A1C4Z7D5,Amphi-Trp domain-containing protein,,11101,Micromonospora echinospora (Micromonospora purpurea)
GA0070618_4863,A0A1C4Z861,DUF2071 domain-containing protein,,27817,Micromonospora echinospora (Micromonospora purpurea)
GA0070618_4864,A0A1C4Z871,Aspartyl-tRNA(Asn)/glutamyl-tRNA(Gln) amidotransferase subunit A,,61065,Micromonospora echinospora (Micromonospora purpurea)
GA0070618_4865,A0A1C4Z7E2,Acyl carrier protein,,9276,Micromonospora echinospora (Micromonospora purpurea)
GA0070618_4866,A0A1C4Z7I9,Amino acid adenylation domain-containing protein,,110269,Micromonospora echinospora (Micromonospora purpurea)
GA0070618_4867,A0A1C4Z7T0,Acyl-CoA synthetase (AMP-forming)/AMP-acid ligase II,,52833,Micromonospora echinospora (Micromonospora purpurea)
GA0070618_4868,A0A1C4Z7T7,Amino acid adenylation domain-containing protein,,199359,Micromonospora echinospora (Micromonospora purpurea)
GA0070618_4869,A0A1C4Z7S2,Condensation domain-containing protein,,50668,Micromonospora echinospora (Micromonospora purpurea)
GA0070618_4870,A0A1C4Z7L2,Condensation domain-containing protein,,51416,Micromonospora echinospora (Micromonospora purpurea)
GA0070618_4871,A0A1C4Z7L1,Alpha/beta hydrolase family protein,,15375,Micromonospora echinospora (Micromonospora purpurea)
GA0070618_4872,A0A1C4Z7M9,Uncharacterized protein,,8805,Micromonospora echinospora (Micromonospora purpurea)
GA0070618_4873,A0A1C4Z7N4,"Transcriptional regulator, ArsR family",,13956,Micromonospora echinospora (Micromonospora purpurea)
GA0070618_4874,A0A1C4Z7Q3,"Uncharacterized conserved protein YndB, AHSA1/START domain",,18600,Micromonospora echinospora (Micromonospora purpurea)
GA0070618_4875,A0A1C4Z7R6,"Multidrug resistance protein, MATE family",,44635,Micromonospora echinospora (Micromonospora purpurea)
GA0070618_4877,A0A1C4Z7S7,Hemerythrin HHE cation binding domain-containing protein,,17547,Micromonospora echinospora (Micromonospora purpurea)
GA0070618_4879,A0A1C4Z862,Uncharacterized protein,,17651,Micromonospora echinospora (Micromonospora purpurea)
GA0070618_4880,A0A1C4Z870,Uncharacterized protein,,13624,Micromonospora echinospora (Micromonospora purpurea)
GA0070618_4882,A0A1C4Z8N9,SH3 domain-containing protein,,13981,Micromonospora echinospora (Micromonospora purpurea)
GA0070618_4883,A0A1C4Z8Q0,Shikimate dehydrogenase,,28428,Micromonospora echinospora (Micromonospora purpurea)
GA0070618_4884,A0A1C4Z7Z2,Kanosamine 6-kinase,,30543,Micromonospora echinospora (Micromonospora purpurea)
GA0070618_4885,A0A1C4Z8S0,DoxX-like family protein,,12041,Micromonospora echinospora (Micromonospora purpurea)
GA0070618_4886,A0A1C4Z814,3-dehydroquinate dehydratase (3-dehydroquinase) (EC 4.2.1.10) (Type II DHQase),4.2.1.10,15342,Micromonospora echinospora (Micromonospora purpurea)
GA0070618_4887,A0A1C4Z826,3-amino-5-hydroxybenzoate synthase,,42181,Micromonospora echinospora (Micromonospora purpurea)
GA0070618_4888,A0A1C4Z840,Oxidoreductase,,39168,Micromonospora echinospora (Micromonospora purpurea)
GA0070618_4889,A0A1C4Z853,AHBA synthesis associated protein,,24849,Micromonospora echinospora (Micromonospora purpurea)
GA0070618_4890,A0A1C4Z855,3-dehydroquinate synthase,,36599,Micromonospora echinospora (Micromonospora purpurea)
GA0070618_4891,A0A1C4Z869,Thiopeptide-type bacteriocin biosynthesis domain-containing protein,,28700,Micromonospora echinospora (Micromonospora purpurea)
GA0070618_4892,A0A1C4Z878,Acyl transferase domain-containing protein,,511635,Micromonospora echinospora (Micromonospora purpurea)
GA0070618_4894,A0A1C4Z8A4,Flavoprotein hydroxylase,,57570,Micromonospora echinospora (Micromonospora purpurea)
GA0070618_4895,A0A1C4Z8B3,Erythromycin 3''-O-methyltransferase,,33004,Micromonospora echinospora (Micromonospora purpurea)
GA0070618_4896,A0A1C4Z8J4,Surfactin synthase thioesterase subunit,,27580,Micromonospora echinospora (Micromonospora purpurea)
GA0070618_4897,A0A1C4Z8D5,Acyl transferase domain-containing protein,,191743,Micromonospora echinospora (Micromonospora purpurea)
GA0070618_4899,A0A1C4Z8L5,Acyl transferase domain-containing protein,,488332,Micromonospora echinospora (Micromonospora purpurea)
GA0070618_4901,A0A1C4Z8H2,"3',5'-cyclic AMP phosphodiesterase CpdA",,32467,Micromonospora echinospora (Micromonospora purpurea)
GA0070618_4902,A0A1C4Z8E9,Acyl transferase domain-containing protein,,812906,Micromonospora echinospora (Micromonospora purpurea)
GA0070618_4906,A0A1C4Z8I6,Acyl transferase domain-containing protein,,1026908,Micromonospora echinospora (Micromonospora purpurea)
GA0070618_4912,A0A1C4Z8G4,Uncharacterized protein,,4192,Micromonospora echinospora (Micromonospora purpurea)
GA0070618_4913,A0A1C4Z8G9,Acyl transferase domain-containing protein,,354501,Micromonospora echinospora (Micromonospora purpurea)
GA0070618_4914,A0A1C4Z8Q8,Acyl transferase domain-containing protein,,513669,Micromonospora echinospora (Micromonospora purpurea)
GA0070618_4918,A0A1C4Z8J2,Polyketide synthase 12,,389768,Micromonospora echinospora (Micromonospora purpurea)
GA0070618_4919,A0A1C4Z8Y2,Acyl transferase domain-containing protein,,493373,Micromonospora echinospora (Micromonospora purpurea)
GA0070618_4921,A0A1C4Z8R9,Acyl transferase domain-containing protein,,377957,Micromonospora echinospora (Micromonospora purpurea)
GA0070618_4923,A0A1C4Z8L1,Acyl transferase domain-containing protein,,174095,Micromonospora echinospora (Micromonospora purpurea)
GA0070618_4925,A0A1C4Z8U3,Acyl transferase domain-containing protein,,327660,Micromonospora echinospora (Micromonospora purpurea)
GA0070618_4927,A0A1C4Z8Z6,Acyl transferase domain-containing protein,,190419,Micromonospora echinospora (Micromonospora purpurea)
GA0070618_4929,A0A1C4Z8S4,ABC-2 type transport system ATP-binding protein,,37350,Micromonospora echinospora (Micromonospora purpurea)
GA0070618_4930,A0A1C4Z8Z1,Transport permease protein,,30206,Micromonospora echinospora (Micromonospora purpurea)
GA0070618_4931,A0A1C4Z908,Polyene glycosyltransferase,,50869,Micromonospora echinospora (Micromonospora purpurea)
GA0070618_4932,A0A1C4Z9M0,"Regulatory protein, luxR family",,101575,Micromonospora echinospora (Micromonospora purpurea)
GA0070618_4933,A0A1C4Z8W8,"Regulatory protein, luxR family",,100133,Micromonospora echinospora (Micromonospora purpurea)
GA0070618_4934,A0A1C4Z8X4,Fatty acid CoA ligase FadD36,,48296,Micromonospora echinospora (Micromonospora purpurea)
GA0070618_4935,A0A1C4Z8Y6,4'-phosphopantetheinyl transferase EntD (Siderophore biosynthesis),,23437,Micromonospora echinospora (Micromonospora purpurea)
GA0070618_4936,A0A1C4Z900,Fatty acid CoA ligase FadD36,,49226,Micromonospora echinospora (Micromonospora purpurea)
GA0070618_4937,A0A1C4Z904,AHBA synthesis associated protein,,23679,Micromonospora echinospora (Micromonospora purpurea)
GA0070618_4938,A0A1C4Z982,ABC-2 type transport system ATP-binding protein,,34182,Micromonospora echinospora (Micromonospora purpurea)
GA0070618_4939,A0A1C4Z985,Transport permease protein,,25598,Micromonospora echinospora (Micromonospora purpurea)
GA0070618_4940,A0A1C4Z995,Uncharacterized protein,,11392,Micromonospora echinospora (Micromonospora purpurea)
GA0070618_4941,A0A1C4Z9A8,"Lipopolysaccharide biosynthesis protein, LPS:glycosyltransferase",,30954,Micromonospora echinospora (Micromonospora purpurea)
GA0070618_4942,A0A1C4Z9B8,Multidrug efflux pump Tap,,42383,Micromonospora echinospora (Micromonospora purpurea)
GA0070618_4943,A0A1C4Z9C6,Glycosyltransferase involved in cell wall bisynthesis,,58540,Micromonospora echinospora (Micromonospora purpurea)
GA0070618_4944,A0A1C4Z9E1,CHAT domain-containing protein,,91077,Micromonospora echinospora (Micromonospora purpurea)
GA0070618_4945,A0A1C4Z9H5,Secreted protein,,21116,Micromonospora echinospora (Micromonospora purpurea)
GA0070618_4946,A0A1C4Z9F7,Uncharacterized protein,,5908,Micromonospora echinospora (Micromonospora purpurea)
GA0070618_4947,A0A1C4Z9F5,Uncharacterized protein,,8032,Micromonospora echinospora (Micromonospora purpurea)
GA0070618_4948,A0A1C4Z9G6,Uncharacterized protein,,20491,Micromonospora echinospora (Micromonospora purpurea)
GA0070618_4949,A0A1C4Z9H4,Low temperature requirement protein LtrA,,44069,Micromonospora echinospora (Micromonospora purpurea)
GA0070618_4950,A0A1C4ZA49,Cation diffusion facilitator family transporter,,39259,Micromonospora echinospora (Micromonospora purpurea)
GA0070618_4951,A0A1C4ZA58,Polar amino acid transport system substrate-binding protein,,26587,Micromonospora echinospora (Micromonospora purpurea)
GA0070618_4952,A0A1C4Z9G1,"Transcriptional regulator, TraR/DksA family",,11646,Micromonospora echinospora (Micromonospora purpurea)
GA0070618_4953,A0A1C4Z9H1,Uncharacterized protein,,7254,Micromonospora echinospora (Micromonospora purpurea)
GA0070618_4954,A0A1C4Z9H6,TrkA domain protein,,9004,Micromonospora echinospora (Micromonospora purpurea)
GA0070618_4955,A0A1C4Z9V2,MbtH protein,,8433,Micromonospora echinospora (Micromonospora purpurea)
GA0070618_4956,A0A1C4Z9R5,Amino acid adenylation domain-containing protein,,217862,Micromonospora echinospora (Micromonospora purpurea)
GA0070618_4957,A0A1C4Z9R1,Amino acid adenylation domain-containing protein,,114337,Micromonospora echinospora (Micromonospora purpurea)
GA0070618_4958,A0A1C4Z9T2,Kynurenine 3-monooxygenase (EC 1.14.13.9) (Kynurenine 3-hydroxylase),1.14.13.9,49262,Micromonospora echinospora (Micromonospora purpurea)
GA0070618_4959,A0A1C4Z9T6,DUF6875 domain-containing protein,,26387,Micromonospora echinospora (Micromonospora purpurea)
GA0070618_4960,A0A1C4Z9U3,Amino acid adenylation domain-containing protein,,118338,Micromonospora echinospora (Micromonospora purpurea)
GA0070618_4961,A0A1C4ZA15,Amino acid adenylation domain-containing protein/thioester reductase domain-containing protein,,157993,Micromonospora echinospora (Micromonospora purpurea)
GA0070618_4962,A0A1C4Z9W7,Major Facilitator Superfamily protein,,47383,Micromonospora echinospora (Micromonospora purpurea)
GA0070618_4963,A0A1C4Z9Z3,Dimerisation domain-containing protein,,37052,Micromonospora echinospora (Micromonospora purpurea)
GA0070618_4964,A0A1C4Z9Y4,"Lantibiotic dehydratase, C terminus",,82299,Micromonospora echinospora (Micromonospora purpurea)
GA0070618_4965,A0A1C4ZA48,"DNA-binding response regulator, NarL/FixJ family, contains REC and HTH domains",,21773,Micromonospora echinospora (Micromonospora purpurea)
GA0070618_4966,A0A1C4ZA16,"DNA-binding response regulator, NarL/FixJ family, contains REC and HTH domains",,19814,Micromonospora echinospora (Micromonospora purpurea)
GA0070618_4967,A0A1C4ZA47,"Regulatory protein, luxR family",,104455,Micromonospora echinospora (Micromonospora purpurea)
GA0070618_4968,A0A1C4ZA31,Uncharacterized protein,,7204,Micromonospora echinospora (Micromonospora purpurea)
GA0070618_4969,A0A1C4ZA66,Multidrug efflux pump Tap,,44249,Micromonospora echinospora (Micromonospora purpurea)
GA0070618_4970,A0A1C4ZA56,ATP-grasp domain-containing protein,,44249,Micromonospora echinospora (Micromonospora purpurea)
GA0070618_4971,A0A1C4ZAA6,Circularly permuted ATP-grasp superfamily protein,,45991,Micromonospora echinospora (Micromonospora purpurea)
GA0070618_4972,A0A1C4ZA13,Phenylacetate-CoA ligase,,37990,Micromonospora echinospora (Micromonospora purpurea)
GA0070618_4973,A0A1C4ZA67,Asp-tRNAAsn/Glu-tRNAGln amidotransferase A subunit,,48407,Micromonospora echinospora (Micromonospora purpurea)
GA0070618_4974,A0A1C4ZA63,ATP-grasp domain-containing protein,,34360,Micromonospora echinospora (Micromonospora purpurea)
GA0070618_4975,A0A1C4ZAD8,Phenylacetate-CoA ligase,,47849,Micromonospora echinospora (Micromonospora purpurea)
GA0070618_4976,A0A1C4ZA32,Prenyltransferase and squalene oxidase repeat-containing protein,,59708,Micromonospora echinospora (Micromonospora purpurea)
GA0070618_4977,A0A1C4ZA44,Uncharacterized protein,,13455,Micromonospora echinospora (Micromonospora purpurea)
GA0070618_4978,A0A1C4ZA54,Acyl carrier protein,,10222,Micromonospora echinospora (Micromonospora purpurea)
GA0070618_4979,A0A1C4ZAB5,AMP-binding enzyme,,30818,Micromonospora echinospora (Micromonospora purpurea)
GA0070618_4980,A0A1C4ZAG1,Histidine ammonia-lyase,,49453,Micromonospora echinospora (Micromonospora purpurea)
GA0070618_4981,A0A1C4ZAC0,DNA-binding transcriptional activator of the SARP family,,64680,Micromonospora echinospora (Micromonospora purpurea)
GA0070618_4982,A0A1C4ZA88,Subtilase family protein,,113899,Micromonospora echinospora (Micromonospora purpurea)
GA0070618_4983,A0A1C4ZB11,UvrABC system protein A (Excinuclease ABC subunit A),,84598,Micromonospora echinospora (Micromonospora purpurea)
GA0070618_4984,A0A1C4ZAF7,"Uncharacterized conserved protein PhnB, glyoxalase superfamily",,14924,Micromonospora echinospora (Micromonospora purpurea)
GA0070618_4985,A0A1C4ZAE9,"Transcriptional regulator, AraC family",,16457,Micromonospora echinospora (Micromonospora purpurea)
GA0070618_4986,A0A1C4ZAB6,Endoglucanase (EC 3.2.1.4),3.2.1.4,48295,Micromonospora echinospora (Micromonospora purpurea)
GA0070618_4987,A0A1C4ZAH7,Uncharacterized protein,,13821,Micromonospora echinospora (Micromonospora purpurea)
GA0070618_4988,A0A1C4ZAI4,Erythromycin esterase homolog,,45437,Micromonospora echinospora (Micromonospora purpurea)
GA0070618_4989,A0A1C4ZAH9,"DNA-binding transcriptional regulator, MerR family",,25173,Micromonospora echinospora (Micromonospora purpurea)
GA0070618_4990,A0A1C4ZAE7,Peptidase inhibitor I9,,41163,Micromonospora echinospora (Micromonospora purpurea)
GA0070618_4991,A0A1C4ZAK6,"Protein N-acetyltransferase, RimJ/RimL family",,18403,Micromonospora echinospora (Micromonospora purpurea)
GA0070618_4992,A0A1C4ZAJ7,DUF4259 domain-containing protein,,13313,Micromonospora echinospora (Micromonospora purpurea)
GA0070618_4993,A0A1C4ZAS3,"L-ascorbate metabolism protein UlaG, beta-lactamase superfamily",,34260,Micromonospora echinospora (Micromonospora purpurea)
GA0070618_4994,A0A1C4ZAH6,Beta-lactamase class A,,31274,Micromonospora echinospora (Micromonospora purpurea)
GA0070618_4995,A0A1C4ZAN8,"Transposase, IS605 OrfB family, central region",,51072,Micromonospora echinospora (Micromonospora purpurea)
GA0070618_4996,A0A1C4ZAR1,"DNA-binding transcriptional regulator, LysR family",,36563,Micromonospora echinospora (Micromonospora purpurea)
GA0070618_4997,A0A1C4ZAS6,"DNA-binding transcriptional regulator, MerR family",,11981,Micromonospora echinospora (Micromonospora purpurea)
GA0070618_4998,A0A1C4ZAT2,"Transcriptional regulator, TetR family",,22562,Micromonospora echinospora (Micromonospora purpurea)
GA0070618_4999,A0A1C4ZAK9,Predicted oxidoreductase,,39874,Micromonospora echinospora (Micromonospora purpurea)
GA0070618_5000,A0A1C4ZAL5,Protein adenylyltransferase SelO (EC 2.7.7.108),2.7.7.108,52167,Micromonospora echinospora (Micromonospora purpurea)
GA0070618_5001,A0A1C4ZBE7,Uncharacterized protein,,12627,Micromonospora echinospora (Micromonospora purpurea)
GA0070618_5005,A0A1C4ZAZ3,Uncharacterized protein,,17286,Micromonospora echinospora (Micromonospora purpurea)
GA0070618_5006,A0A1C4ZBG6,beta-glucosidase (EC 3.2.1.21),3.2.1.21,81769,Micromonospora echinospora (Micromonospora purpurea)
GA0070618_5007,A0A1C4ZAX9,"Transcriptional regulator, AlpA family",,7630,Micromonospora echinospora (Micromonospora purpurea)
GA0070618_5008,A0A1C4ZAZ4,Uncharacterized protein,,8817,Micromonospora echinospora (Micromonospora purpurea)
GA0070618_5009,A0A1C4ZB02,Helix-turn-helix domain-containing protein,,35684,Micromonospora echinospora (Micromonospora purpurea)
GA0070618_5010,A0A1C4ZB10,FHA domain-containing protein,,69334,Micromonospora echinospora (Micromonospora purpurea)
GA0070618_5012,A0A1C4ZBL5,DUF3558 domain-containing protein,,35907,Micromonospora echinospora (Micromonospora purpurea)
GA0070618_5013,A0A1C4ZBM4,non-specific serine/threonine protein kinase (EC 2.7.11.1),2.7.11.1,51936,Micromonospora echinospora (Micromonospora purpurea)
GA0070618_5014,A0A1C4ZB24,"Transcriptional regulator, PaaX family",,39435,Micromonospora echinospora (Micromonospora purpurea)
GA0070618_5015,A0A1C4ZB33,"Esterase, PHB depolymerase family",,45129,Micromonospora echinospora (Micromonospora purpurea)
GA0070618_5016,A0A1C4ZBF5,Poly(3-hydroxybutyrate) depolymerase,,50361,Micromonospora echinospora (Micromonospora purpurea)
GA0070618_5017,A0A1C4ZBG4,"Sodium/proton antiporter, CPA1 family",,56074,Micromonospora echinospora (Micromonospora purpurea)
GA0070618_5019,A0A1C4ZB65,"Transcriptional regulator, TetR family",,20435,Micromonospora echinospora (Micromonospora purpurea)
GA0070618_5020,A0A1C4ZB93,FBP C-terminal treble-clef zinc-finger,,19478,Micromonospora echinospora (Micromonospora purpurea)
GA0070618_5021,A0A1C4ZBA8,XRE family transcriptional regulator,,26916,Micromonospora echinospora (Micromonospora purpurea)
GA0070618_5022,A0A1C4ZB20,Uncharacterized protein,,6367,Micromonospora echinospora (Micromonospora purpurea)
GA0070618_5023,A0A1C4ZB96,"Transcriptional regulator, contains XRE-family HTH domain",,43001,Micromonospora echinospora (Micromonospora purpurea)
GA0070618_5024,A0A1C4ZBL2,Ricin-type beta-trefoil lectin domain-containing protein,,55635,Micromonospora echinospora (Micromonospora purpurea)
GA0070618_5025,A0A1C4ZB80,Streptogrisin C. Serine peptidase. MEROPS family S01A,,53520,Micromonospora echinospora (Micromonospora purpurea)
GA0070618_5026,A0A1C4ZB42,Glyoxalase-like domain-containing protein,,27217,Micromonospora echinospora (Micromonospora purpurea)
GA0070618_5027,A0A1C4ZBY3,Uncharacterized protein,,25480,Micromonospora echinospora (Micromonospora purpurea)
GA0070618_5028,A0A1C4ZBB0,Fibronectin type-III domain-containing protein,,27913,Micromonospora echinospora (Micromonospora purpurea)
GA0070618_5029,A0A1C4ZB78,DNA-binding transcriptional activator of the SARP family,,31611,Micromonospora echinospora (Micromonospora purpurea)
GA0070618_5030,A0A1C4ZC15,Uncharacterized protein,,28002,Micromonospora echinospora (Micromonospora purpurea)
GA0070618_5031,A0A1C4ZBG2,"ABC-type multidrug transport system, ATPase and permease component",,60297,Micromonospora echinospora (Micromonospora purpurea)
GA0070618_5032,A0A1C4ZBI7,"Transcriptional regulator, TetR family",,20068,Micromonospora echinospora (Micromonospora purpurea)
GA0070618_5033,A0A1C4ZBJ7,Methyltransferase domain-containing protein,,29308,Micromonospora echinospora (Micromonospora purpurea)
GA0070618_5034,A0A1C4ZBK4,cutinase (EC 3.1.1.74),3.1.1.74,31375,Micromonospora echinospora (Micromonospora purpurea)
GA0070618_5035,A0A1C4ZBW2,Acyl-CoA dehydrogenase,,46014,Micromonospora echinospora (Micromonospora purpurea)
GA0070618_5036,A0A1C4ZBM0,Acyl-CoA dehydrogenase,,37740,Micromonospora echinospora (Micromonospora purpurea)
GA0070618_5037,A0A1C4ZBI2,"Amino acid/amide ABC transporter ATP-binding protein 1, HAAT family",,27527,Micromonospora echinospora (Micromonospora purpurea)
GA0070618_5038,A0A1C4ZBG3,Branched-chain amino acid transport system ATP-binding protein,,25650,Micromonospora echinospora (Micromonospora purpurea)
GA0070618_5039,A0A1C4ZBM6,"Amino acid/amide ABC transporter membrane protein 1, HAAT family",,29993,Micromonospora echinospora (Micromonospora purpurea)
GA0070618_5040,A0A1C4ZBN6,Branched-chain amino acid transport system permease protein,,37794,Micromonospora echinospora (Micromonospora purpurea)
GA0070618_5041,A0A1C4ZBJ6,"ABC-type branched-chain amino acid transport system, substrate-binding protein",,44774,Micromonospora echinospora (Micromonospora purpurea)
GA0070618_5042,A0A1C4ZBK6,3-oxoacyl-[acyl-carrier protein] reductase,,25548,Micromonospora echinospora (Micromonospora purpurea)
GA0070618_5043,A0A1C4ZBQ0,Short-chain dehydrogenase,,27083,Micromonospora echinospora (Micromonospora purpurea)
GA0070618_5044,A0A1C4ZBU2,"Predicted kinase, aminoglycoside phosphotransferase (APT) family",,35884,Micromonospora echinospora (Micromonospora purpurea)
GA0070618_5045,A0A1C4ZBT1,Acyl-CoA dehydrogenase,,45843,Micromonospora echinospora (Micromonospora purpurea)
GA0070618_5046,A0A1C4ZBW6,"Transcriptional regulator, TetR family",,22365,Micromonospora echinospora (Micromonospora purpurea)
GA0070618_5047,A0A1C4ZBW3,"ATP-, maltotriose-and DNA-dependent transcriptional regulator MalT",,96366,Micromonospora echinospora (Micromonospora purpurea)
GA0070618_5048,A0A1C4ZC06,"DNA-binding transcriptional regulator, MerR family",,29759,Micromonospora echinospora (Micromonospora purpurea)
GA0070618_5050,A0A1C4ZBX6,"Predicted transcriptional regulator YdeE, contains AraC-type DNA-binding domain",,18064,Micromonospora echinospora (Micromonospora purpurea)
GA0070618_5051,A0A1C4ZBZ0,Phytanoyl-CoA dioxygenase (PhyH),,30373,Micromonospora echinospora (Micromonospora purpurea)
GA0070618_5052,A0A1C4ZCA9,"RNA methyltransferase, TrmH family",,29553,Micromonospora echinospora (Micromonospora purpurea)
GA0070618_5053,A0A1C4ZC30,S-(Hydroxymethyl)glutathione dehydrogenase / alcohol dehydrogenase,,36348,Micromonospora echinospora (Micromonospora purpurea)
GA0070618_5054,A0A1C4ZC35,Aldehyde dehydrogenase (NAD+),,49352,Micromonospora echinospora (Micromonospora purpurea)
GA0070618_5055,A0A1C4ZC44,"Transcriptional regulator, TetR family",,23891,Micromonospora echinospora (Micromonospora purpurea)
GA0070618_5056,A0A1C4ZC53,Acyl-CoA dehydrogenase,,40250,Micromonospora echinospora (Micromonospora purpurea)
GA0070618_5057,A0A1C4ZC71,3-oxoacyl-[acyl-carrier protein] reductase,,25878,Micromonospora echinospora (Micromonospora purpurea)
GA0070618_5058,A0A1C4ZC62,Acyl-CoA dehydrogenase,,43641,Micromonospora echinospora (Micromonospora purpurea)
GA0070618_5059,A0A1C4ZCA3,Acyl dehydratase,,16067,Micromonospora echinospora (Micromonospora purpurea)
GA0070618_5060,A0A1C4ZCB1,Long-chain acyl-CoA synthetase,,54805,Micromonospora echinospora (Micromonospora purpurea)
GA0070618_5061,A0A1C4ZC69,Peptidase family M23,,27651,Micromonospora echinospora (Micromonospora purpurea)
GA0070618_5062,A0A1C4ZCV6,Major Facilitator Superfamily protein,,42505,Micromonospora echinospora (Micromonospora purpurea)
GA0070618_5063,A0A1C4ZC83,NAD kinase (EC 2.7.1.23) (ATP-dependent NAD kinase),2.7.1.23,33455,Micromonospora echinospora (Micromonospora purpurea)
GA0070618_5064,A0A1C4ZC66,Protein FlhE,,15729,Micromonospora echinospora (Micromonospora purpurea)
GA0070618_5065,A0A1C4ZCF8,"Predicted arabinose efflux permease, MFS family",,48577,Micromonospora echinospora (Micromonospora purpurea)
GA0070618_5066,A0A1C4ZCD8,asparagine synthase (glutamine-hydrolyzing) (EC 6.3.5.4),6.3.5.4,69045,Micromonospora echinospora (Micromonospora purpurea)
GA0070618_5067,A0A1C4ZCE9,Endoglucanase (EC 3.2.1.4),3.2.1.4,49917,Micromonospora echinospora (Micromonospora purpurea)
GA0070618_5068,A0A1C4ZCF9,Ig-like domain-containing protein,,70921,Micromonospora echinospora (Micromonospora purpurea)
GA0070618_5069,A0A1C4ZCG8,L-alanine-DL-glutamate epimerase,,37852,Micromonospora echinospora (Micromonospora purpurea)
GA0070618_5070,A0A1C4ZCH8,"Predicted arabinose efflux permease, MFS family",,42763,Micromonospora echinospora (Micromonospora purpurea)
GA0070618_5071,A0A1C4ZCV0,Cysteine synthase A,,39798,Micromonospora echinospora (Micromonospora purpurea)
GA0070618_5072,A0A1C4ZCM6,Methyltransferase domain-containing protein,,27879,Micromonospora echinospora (Micromonospora purpurea)
GA0070618_5073,A0A1C4ZCN5,ATP-grasp domain-containing protein,,43409,Micromonospora echinospora (Micromonospora purpurea)
GA0070618_5074,A0A1C4ZCP3,Methyltransferase domain-containing protein,,27720,Micromonospora echinospora (Micromonospora purpurea)
GA0070618_5075,A0A1C4ZCQ3,Iron complex transport system substrate-binding protein,,35371,Micromonospora echinospora (Micromonospora purpurea)
GA0070618_5076,A0A1C4ZCR4,Iron complex transport system ATP-binding protein,,28401,Micromonospora echinospora (Micromonospora purpurea)
GA0070618_5077,A0A1C4ZCT0,Iron complex transport system permease protein,,38480,Micromonospora echinospora (Micromonospora purpurea)
GA0070618_5078,A0A1C4ZCQ1,Hyaluronoglucosaminidase,,116356,Micromonospora echinospora (Micromonospora purpurea)
GA0070618_5079,A0A1C4ZCQ9,GntR family transcriptional regulator,,28414,Micromonospora echinospora (Micromonospora purpurea)
GA0070618_5080,A0A1C4ZCV3,"Carbohydrate ABC transporter substrate-binding protein, CUT1 family",,45577,Micromonospora echinospora (Micromonospora purpurea)
GA0070618_5081,A0A1C4ZCR1,sn-glycerol-3-phosphate transport system permease protein UgpA,,34489,Micromonospora echinospora (Micromonospora purpurea)
GA0070618_5082,A0A1C4ZCS1,"Carbohydrate ABC transporter membrane protein 2, CUT1 family",,32048,Micromonospora echinospora (Micromonospora purpurea)
GA0070618_5083,A0A1C4ZD38,BadF-type ATPase,,31312,Micromonospora echinospora (Micromonospora purpurea)
GA0070618_5084,A0A1C4ZCZ9,Neutral/alkaline non-lysosomal ceramidase N-terminal domain-containing protein,,42637,Micromonospora echinospora (Micromonospora purpurea)
GA0070618_5085,A0A1C4ZDN9,"Uncharacterized protein, contains SIS (Sugar ISomerase) phosphosugar binding domain",,25794,Micromonospora echinospora (Micromonospora purpurea)
GA0070618_5086,A0A1C4ZD24,"Uncharacterized membrane protein YoaT, DUF817 family",,36626,Micromonospora echinospora (Micromonospora purpurea)
GA0070618_5087,A0A1C4ZDB4,Lipoprotein,,29293,Micromonospora echinospora (Micromonospora purpurea)
GA0070618_5088,A0A1C4ZD06,D-methionine transport system permease protein,,22781,Micromonospora echinospora (Micromonospora purpurea)
GA0070618_5089,A0A1C4ZDD4,D-methionine transport system ATP-binding protein,,34880,Micromonospora echinospora (Micromonospora purpurea)
GA0070618_5090,A0A1C4ZD54,Oxygen sensor histidine kinase NreB (EC 2.7.13.3) (Nitrogen regulation protein B),2.7.13.3,45363,Micromonospora echinospora (Micromonospora purpurea)
GA0070618_5091,A0A1C4ZD29,"Two component transcriptional regulator, LuxR family",,23480,Micromonospora echinospora (Micromonospora purpurea)
GA0070618_5092,A0A1C4ZDG4,ABC-2 type transport system ATP-binding protein,,32377,Micromonospora echinospora (Micromonospora purpurea)
GA0070618_5093,A0A1C4ZDE1,ABC-2 type transport system permease protein,,37491,Micromonospora echinospora (Micromonospora purpurea)
GA0070618_5094,A0A1C4ZDE7,Precorrin-6A synthase (Deacetylating),,28201,Micromonospora echinospora (Micromonospora purpurea)
GA0070618_5095,A0A1C4ZDA2,Precorrin-4/cobalt-precorrin-4 C11-methyltransferase,,26820,Micromonospora echinospora (Micromonospora purpurea)
GA0070618_5096,A0A1C4ZDB1,"Precorrin-6Y C5,15-methyltransferase (Decarboxylating)",,42589,Micromonospora echinospora (Micromonospora purpurea)
GA0070618_5097,A0A1C4ZE06,Mg-protoporphyrin IX chelatase,,71888,Micromonospora echinospora (Micromonospora purpurea)
GA0070618_5098,A0A1C4ZDD2,Cob(I)alamin adenosyltransferase,,22559,Micromonospora echinospora (Micromonospora purpurea)
GA0070618_5099,A0A1C4ZDE2,"Hydrogenobyrinate a,c-diamide synthase (EC 6.3.5.9) (Hydrogenobyrinic acid a,c-diamide synthase)",6.3.5.9,77121,Micromonospora echinospora (Micromonospora purpurea)
GA0070618_5100,A0A1C4ZDB8,"Predicted arabinose efflux permease, MFS family",,41519,Micromonospora echinospora (Micromonospora purpurea)
GA0070618_5101,A0A1C4ZDG1,Serpin B,,41202,Micromonospora echinospora (Micromonospora purpurea)
GA0070618_5102,A0A1C4ZE53,Uncharacterized protein,,10680,Micromonospora echinospora (Micromonospora purpurea)
GA0070618_5103,A0A1C4ZDE5,Low temperature requirement protein LtrA,,46854,Micromonospora echinospora (Micromonospora purpurea)
GA0070618_5104,A0A1C4ZDI8,Ubiquinone/menaquinone biosynthesis C-methylase UbiE,,27645,Micromonospora echinospora (Micromonospora purpurea)
GA0070618_5105,A0A1C4ZE73,SMI1 / KNR4 family (SUKH-1),,20612,Micromonospora echinospora (Micromonospora purpurea)
GA0070618_5106,A0A1C4ZDJ7,Uncharacterized protein,,26499,Micromonospora echinospora (Micromonospora purpurea)
GA0070618_5107,A0A1C4ZDK5,Molybdenum-pterin binding domain-containing protein,,14711,Micromonospora echinospora (Micromonospora purpurea)
GA0070618_5108,A0A1C4ZDL1,Molybdate transport system substrate-binding protein,,25161,Micromonospora echinospora (Micromonospora purpurea)
GA0070618_5109,A0A1C4ZDM3,Molybdenum transport system permease,,28189,Micromonospora echinospora (Micromonospora purpurea)
GA0070618_5110,A0A1C4ZDJ8,Molybdate transport system ATP-binding protein,,37485,Micromonospora echinospora (Micromonospora purpurea)
GA0070618_5111,A0A1C4ZDZ8,"Clp amino terminal domain-containing protein, pathogenicity island component",,25936,Micromonospora echinospora (Micromonospora purpurea)
GA0070618_5112,A0A1C4ZDL9,Uncharacterized protein,,44191,Micromonospora echinospora (Micromonospora purpurea)
GA0070618_5113,A0A1C4ZDM8,"Two component transcriptional regulator, LuxR family",,22089,Micromonospora echinospora (Micromonospora purpurea)
GA0070618_5114,A0A1C4ZDN6,"Two-component system, NarL family, response regulator DesR",,20265,Micromonospora echinospora (Micromonospora purpurea)
GA0070618_5115,A0A1C4ZDP6,"ATP-binding cassette, subfamily C",,65616,Micromonospora echinospora (Micromonospora purpurea)
GA0070618_5116,A0A1C4ZE50,"ATP-binding cassette, subfamily B",,58918,Micromonospora echinospora (Micromonospora purpurea)
GA0070618_5117,A0A1C4ZE56,SapB/AmfS family lantipeptide,,3971,Micromonospora echinospora (Micromonospora purpurea)
GA0070618_5118,A0A1C4ZDT6,non-specific serine/threonine protein kinase (EC 2.7.11.1),2.7.11.1,95715,Micromonospora echinospora (Micromonospora purpurea)
GA0070618_5119,A0A1C4ZDW4,Kynureninase (EC 3.7.1.3) (L-kynurenine hydrolase),3.7.1.3,45736,Micromonospora echinospora (Micromonospora purpurea)
GA0070618_5120,A0A1C4ZDX3,D-alanyl-D-alanine carboxypeptidase (Penicillin-binding protein 5/6),,43045,Micromonospora echinospora (Micromonospora purpurea)
GA0070618_5121,A0A1C4ZDW5,BON domain-containing protein,,11101,Micromonospora echinospora (Micromonospora purpurea)
GA0070618_5122,A0A1C4ZE55,Anti-sigma factor antagonist,,21274,Micromonospora echinospora (Micromonospora purpurea)
GA0070618_5123,A0A1C4ZE16,Pyruvate dehydrogenase E1 component alpha subunit,,33971,Micromonospora echinospora (Micromonospora purpurea)
GA0070618_5124,A0A1C4ZDX1,Pyruvate dehydrogenase E1 component subunit beta (EC 1.2.4.1),1.2.4.1,34620,Micromonospora echinospora (Micromonospora purpurea)
GA0070618_5125,A0A1C4ZE19,Adenosylmethionine-8-amino-7-oxononanoate aminotransferase,,45900,Micromonospora echinospora (Micromonospora purpurea)
GA0070618_5126,A0A1C4ZE03,Multidrug efflux pump Tap,,47116,Micromonospora echinospora (Micromonospora purpurea)
GA0070618_5127,A0A1C4ZE86,Nocardicin N-oxygenase,,44706,Micromonospora echinospora (Micromonospora purpurea)
GA0070618_5128,A0A1C4ZE97,Transposase IS200-like domain-containing protein,,21315,Micromonospora echinospora (Micromonospora purpurea)
GA0070618_5129,A0A1C4ZEA7,Ribosomal peptide maturation radical SAM protein 1,,68121,Micromonospora echinospora (Micromonospora purpurea)
GA0070618_5130,A0A1C4ZEF0,Ferritin-like domain-containing protein,,28201,Micromonospora echinospora (Micromonospora purpurea)
GA0070618_5131,A0A1C4ZEC9,"Regulatory protein, luxR family",,103718,Micromonospora echinospora (Micromonospora purpurea)
GA0070618_5132,A0A1C4ZED8,tRNA-splicing ligase RtcB (EC 6.5.1.-),6.5.1.-,49648,Micromonospora echinospora (Micromonospora purpurea)
GA0070618_5133,A0A1C4ZE70,SHS2 domain-containing protein,,13658,Micromonospora echinospora (Micromonospora purpurea)
GA0070618_5134,A0A1C4ZEC3,"L-ascorbate metabolism protein UlaG, beta-lactamase superfamily",,21678,Micromonospora echinospora (Micromonospora purpurea)
GA0070618_5135,A0A1C4ZEC8,Predicted flavoprotein CzcO associated with the cation diffusion facilitator CzcD,,54533,Micromonospora echinospora (Micromonospora purpurea)
GA0070618_5136,A0A1C4ZE69,Short-chain dehydrogenase,,29943,Micromonospora echinospora (Micromonospora purpurea)
GA0070618_5137,A0A1C4ZEE5,Pimeloyl-ACP methyl ester carboxylesterase,,29922,Micromonospora echinospora (Micromonospora purpurea)
GA0070618_5138,A0A1C4ZEP2,S-(Hydroxymethyl)mycothiol dehydrogenase,,37591,Micromonospora echinospora (Micromonospora purpurea)
GA0070618_5139,A0A1C4ZEQ1,Hydroxyacylglutathione hydrolase,,22098,Micromonospora echinospora (Micromonospora purpurea)
GA0070618_5140,A0A1C4ZED1,DUF3626 domain-containing protein,,40745,Micromonospora echinospora (Micromonospora purpurea)
GA0070618_5141,A0A1C4ZEH0,Secreted protein,,25099,Micromonospora echinospora (Micromonospora purpurea)
GA0070618_5142,A0A1C4ZES6,Alkaline phosphatase D,,58356,Micromonospora echinospora (Micromonospora purpurea)
GA0070618_5143,A0A1C4ZEN2,Secreted protein,,20709,Micromonospora echinospora (Micromonospora purpurea)
GA0070618_5144,A0A1C4ZEJ2,"Drug resistance transporter, EmrB/QacA subfamily",,49910,Micromonospora echinospora (Micromonospora purpurea)
GA0070618_5145,A0A1C4ZEU0,Uncharacterized protein,,8816,Micromonospora echinospora (Micromonospora purpurea)
GA0070618_5146,A0A1C4ZEV0,Geranylgeranyl reductase family,,41062,Micromonospora echinospora (Micromonospora purpurea)
GA0070618_5147,A0A1C4ZER8,Predicted kinase,,16158,Micromonospora echinospora (Micromonospora purpurea)
GA0070618_5148,A0A1C4ZES9,"NAD(P)-dependent dehydrogenase, short-chain alcohol dehydrogenase family",,31700,Micromonospora echinospora (Micromonospora purpurea)
GA0070618_5149,A0A1C4ZET5,"Nucleotidyl transferase AbiEii toxin, Type IV TA system",,24135,Micromonospora echinospora (Micromonospora purpurea)
GA0070618_5150,A0A1C4ZEY8,Uncharacterized protein,,14313,Micromonospora echinospora (Micromonospora purpurea)
GA0070618_5151,A0A1C4ZEQ9,Formate dehydrogenase major subunit,,120049,Micromonospora echinospora (Micromonospora purpurea)
GA0070618_5152,A0A1C4ZF27,Formate dehydrogenase iron-sulfur subunit,,36046,Micromonospora echinospora (Micromonospora purpurea)
GA0070618_5153,A0A1C4ZF19,"Polysulphide reductase, NrfD",,31872,Micromonospora echinospora (Micromonospora purpurea)
GA0070618_5155,A0A1C4ZEY6,L-seryl-tRNA(Sec) selenium transferase (EC 2.9.1.1) (Selenocysteine synthase) (Sec synthase) (Selenocysteinyl-tRNA(Sec) synthase),2.9.1.1,42227,Micromonospora echinospora (Micromonospora purpurea)
GA0070618_5156,A0A1C4ZF58,Selenocysteine-specific elongation factor (SelB translation factor),,61247,Micromonospora echinospora (Micromonospora purpurea)
GA0070618_5157,A0A1C4ZET6,Uncharacterized protein,,7535,Micromonospora echinospora (Micromonospora purpurea)
GA0070618_5158,A0A1C4ZF74,Uncharacterized protein,,5197,Micromonospora echinospora (Micromonospora purpurea)
GA0070618_5159,A0A1C4ZF84,Endonuclease III,,26105,Micromonospora echinospora (Micromonospora purpurea)
GA0070618_5160,A0A1C4ZFE7,Uncharacterized protein,,6965,Micromonospora echinospora (Micromonospora purpurea)
GA0070618_5161,A0A1C4ZFF7,Uncharacterized protein,,16003,Micromonospora echinospora (Micromonospora purpurea)
GA0070618_5162,A0A1C4ZF55,Phosphatidylethanolamine-binding protein,,7689,Micromonospora echinospora (Micromonospora purpurea)
GA0070618_5163,A0A1C4ZF63,"Nucleotide-binding universal stress protein, UspA family",,30077,Micromonospora echinospora (Micromonospora purpurea)
GA0070618_5164,A0A1C4ZFB4,S-adenosyl methyltransferase,,26427,Micromonospora echinospora (Micromonospora purpurea)
GA0070618_5165,A0A1C4ZF81,"Serine phosphatase RsbU, regulator of sigma subunit",,43102,Micromonospora echinospora (Micromonospora purpurea)
GA0070618_5166,A0A1C4ZFD0,"DNA-binding transcriptional regulator, MarR family",,16885,Micromonospora echinospora (Micromonospora purpurea)
GA0070618_5167,A0A1C4ZFF1,CDP-diacylglycerol--glycerol-3-phosphate 3-phosphatidyltransferase,,23069,Micromonospora echinospora (Micromonospora purpurea)
GA0070618_5168,A0A1C4ZFG3,"Uncharacterized conserved protein YlxW, UPF0749 family",,34203,Micromonospora echinospora (Micromonospora purpurea)
GA0070618_5169,A0A1C4ZF86,Small basic protein,,11486,Micromonospora echinospora (Micromonospora purpurea)
GA0070618_5170,A0A1C4ZFN3,"Uncharacterized conserved protein YlxW, UPF0749 family",,32697,Micromonospora echinospora (Micromonospora purpurea)
GA0070618_5171,A0A1C4ZFP5,Glycine cleavage system H protein,,13088,Micromonospora echinospora (Micromonospora purpurea)
GA0070618_5172,A0A1C4ZFC6,FHA domain-containing protein,,16300,Micromonospora echinospora (Micromonospora purpurea)
GA0070618_5173,A0A1C4ZFB6,MerR family regulatory protein,,27408,Micromonospora echinospora (Micromonospora purpurea)
GA0070618_5174,A0A1C4ZG00,Uncharacterized protein,,17044,Micromonospora echinospora (Micromonospora purpurea)
GA0070618_5175,A0A1C4ZG03,MerR HTH family regulatory protein,,20283,Micromonospora echinospora (Micromonospora purpurea)
GA0070618_5176,A0A1C4ZFF9,Hemoglobin,,17981,Micromonospora echinospora (Micromonospora purpurea)
GA0070618_5177,A0A1C4ZFG6,nitric oxide dioxygenase (EC 1.14.12.17),1.14.12.17,43145,Micromonospora echinospora (Micromonospora purpurea)
GA0070618_5178,A0A1C4ZFH4,DivIVA domain-containing protein,,25960,Micromonospora echinospora (Micromonospora purpurea)
GA0070618_5179,A0A1C4ZFI2,NAD-dependent protein deacetylase (EC 2.3.1.286) (Regulatory protein SIR2 homolog),2.3.1.286,29228,Micromonospora echinospora (Micromonospora purpurea)
GA0070618_5180,A0A1C4ZG44,Glycine dehydrogenase (decarboxylating) (EC 1.4.4.2) (Glycine cleavage system P-protein) (Glycine decarboxylase) (Glycine dehydrogenase (aminomethyl-transferring)),1.4.4.2,99634,Micromonospora echinospora (Micromonospora purpurea)
GA0070618_5181,A0A1C4ZFG0,Uncharacterized protein,,7098,Micromonospora echinospora (Micromonospora purpurea)
GA0070618_5182,A0A1C4ZFM9,Para-aminobenzoate synthetase component 1,,41252,Micromonospora echinospora (Micromonospora purpurea)
GA0070618_5183,A0A1C4ZFN9,Proline iminopeptidase (PIP) (EC 3.4.11.5) (Prolyl aminopeptidase),3.4.11.5,34663,Micromonospora echinospora (Micromonospora purpurea)
GA0070618_5184,A0A1C4ZG17,Polypeptide deformylase,,19246,Micromonospora echinospora (Micromonospora purpurea)
GA0070618_5185,A0A1C4ZFI1,FR47-like protein,,27785,Micromonospora echinospora (Micromonospora purpurea)
GA0070618_5186,A0A1C4ZFN0,Probable membrane transporter protein,,25536,Micromonospora echinospora (Micromonospora purpurea)
GA0070618_5187,A0A1C4ZFP0,"Metal-dependent hydrolase, endonuclease/exonuclease/phosphatase family",,27922,Micromonospora echinospora (Micromonospora purpurea)
GA0070618_5188,A0A1C4ZGB5,Site-specific recombinase XerD,,35688,Micromonospora echinospora (Micromonospora purpurea)
GA0070618_5189,A0A1C4ZGC3,Cytidine and deoxycytidylate deaminase zinc-binding region,,16973,Micromonospora echinospora (Micromonospora purpurea)
GA0070618_5190,A0A1C4ZG51,"NAD(P)-dependent dehydrogenase, short-chain alcohol dehydrogenase family",,25013,Micromonospora echinospora (Micromonospora purpurea)
GA0070618_5191,A0A1C4ZFR3,Uncharacterized protein,,25001,Micromonospora echinospora (Micromonospora purpurea)
GA0070618_5192,A0A1C4ZFT5,Uncharacterized protein,,30063,Micromonospora echinospora (Micromonospora purpurea)
GA0070618_5193,A0A1C4ZG19,"Transcriptional regulator, TetR family",,21271,Micromonospora echinospora (Micromonospora purpurea)
GA0070618_5194,A0A1C4ZG16,NADPH:quinone reductase,,34712,Micromonospora echinospora (Micromonospora purpurea)
GA0070618_5195,A0A1C4ZG23,Short-chain dehydrogenase,,23595,Micromonospora echinospora (Micromonospora purpurea)
GA0070618_5197,A0A1C4ZGI9,Cytochrome bd-I ubiquinol oxidase subunit 2 apoprotein,,35879,Micromonospora echinospora (Micromonospora purpurea)
GA0070618_5198,A0A1C4ZFU6,Cytochrome bd-I ubiquinol oxidase subunit 1 apoprotein,,52099,Micromonospora echinospora (Micromonospora purpurea)
GA0070618_5199,A0A1C4ZFV5,1-acyl-sn-glycerol-3-phosphate acyltransferases,,28223,Micromonospora echinospora (Micromonospora purpurea)
GA0070618_5200,A0A1C4ZGE5,Ca2+:H+ antiporter,,38568,Micromonospora echinospora (Micromonospora purpurea)
GA0070618_5201,A0A1C4ZGG3,Glycerophosphoryl diester phosphodiesterase,,27501,Micromonospora echinospora (Micromonospora purpurea)
GA0070618_5202,A0A1C4ZGH3,"MFS transporter, UMF1 family",,49314,Micromonospora echinospora (Micromonospora purpurea)
GA0070618_5203,A0A1C4ZGE2,Thymidine kinase (EC 2.7.1.21),2.7.1.21,26266,Micromonospora echinospora (Micromonospora purpurea)
GA0070618_5204,A0A1C4ZG11,FtsX-like permease family protein,,108679,Micromonospora echinospora (Micromonospora purpurea)
GA0070618_5205,A0A1C4ZG04,Putative ABC transport system permease protein,,94256,Micromonospora echinospora (Micromonospora purpurea)
GA0070618_5206,A0A1C4ZGA1,"ABC-type lipoprotein export system, ATPase component",,34794,Micromonospora echinospora (Micromonospora purpurea)
GA0070618_5207,A0A1C4ZG08,Putative ABC transport system ATP-binding protein,,24426,Micromonospora echinospora (Micromonospora purpurea)
GA0070618_5208,A0A1C4ZGL5,DUF4878 domain-containing protein,,16358,Micromonospora echinospora (Micromonospora purpurea)
GA0070618_5209,A0A1C4ZGI4,Acyl-CoA dehydrogenase,,59301,Micromonospora echinospora (Micromonospora purpurea)
GA0070618_5210,A0A1C4ZGL2,Site-specific recombinase XerD,,36078,Micromonospora echinospora (Micromonospora purpurea)
GA0070618_5211,A0A1C4ZGM1,HSP20 family protein,,15855,Micromonospora echinospora (Micromonospora purpurea)
GA0070618_5212,A0A1C4ZGN1,Serine/threonine protein phosphatase PrpC,,37575,Micromonospora echinospora (Micromonospora purpurea)
GA0070618_5213,A0A1C4ZGQ4,Phosphotransferase enzyme family protein,,27608,Micromonospora echinospora (Micromonospora purpurea)
GA0070618_5214,A0A1C4ZGR9,HNH endonuclease,,17268,Micromonospora echinospora (Micromonospora purpurea)
GA0070618_5215,A0A1C4ZGX9,"O-acetyl-ADP-ribose deacetylase (Regulator of RNase III), contains Macro domain",,17645,Micromonospora echinospora (Micromonospora purpurea)
GA0070618_5216,A0A1C4ZGC5,"Transposase and inactivated derivatives, TnpA family",,112382,Micromonospora echinospora (Micromonospora purpurea)
GA0070618_5217,A0A1C4ZGR7,"Transcriptional regulator, ArsR family",,22956,Micromonospora echinospora (Micromonospora purpurea)
GA0070618_5218,A0A1C4ZGH5,"Predicted arabinose efflux permease, MFS family",,44311,Micromonospora echinospora (Micromonospora purpurea)
GA0070618_5219,A0A1C4ZGV1,Site-specific recombinase XerD,,35880,Micromonospora echinospora (Micromonospora purpurea)
GA0070618_5220,A0A1C4ZGW4,"Transcriptional regulator, TetR family",,22078,Micromonospora echinospora (Micromonospora purpurea)
GA0070618_5222,A0A1C4ZGX2,Esterase,,31074,Micromonospora echinospora (Micromonospora purpurea)
GA0070618_5223,A0A1C4ZGY0,VOC family protein,,26550,Micromonospora echinospora (Micromonospora purpurea)
GA0070618_5225,A0A1C4ZGD8,Secreted protein,,10245,Micromonospora echinospora (Micromonospora purpurea)
GA0070618_5226,A0A1C4ZGE7,Macrolide transport system ATP-binding/permease protein,,58956,Micromonospora echinospora (Micromonospora purpurea)
GA0070618_5227,A0A1C4ZGF8,Amino acid adenylation domain-containing protein/thioester reductase domain-containing protein,,160669,Micromonospora echinospora (Micromonospora purpurea)
GA0070618_5228,A0A1C4ZGH2,Amino acid adenylation domain-containing protein,,121769,Micromonospora echinospora (Micromonospora purpurea)
GA0070618_5229,A0A1C4ZGI6,Amino acid adenylation domain-containing protein,,110836,Micromonospora echinospora (Micromonospora purpurea)
GA0070618_5230,A0A1C4ZGN7,Acyl-CoA synthetase (AMP-forming)/AMP-acid ligase II,,113431,Micromonospora echinospora (Micromonospora purpurea)
GA0070618_5231,A0A1C4ZGL0,DUF6875 domain-containing protein,,26058,Micromonospora echinospora (Micromonospora purpurea)
GA0070618_5232,A0A1C4ZGP3,"HAD-superfamily phosphatase, subfamily IIIC/FkbH-like domain-containing protein",,78867,Micromonospora echinospora (Micromonospora purpurea)
GA0070618_5233,A0A1C4ZGQ1,"UDP:flavonoid glycosyltransferase YjiC, YdhE family",,43734,Micromonospora echinospora (Micromonospora purpurea)
GA0070618_5234,A0A1C4ZHA2,2-polyprenyl-6-methoxyphenol hydroxylase,,51485,Micromonospora echinospora (Micromonospora purpurea)
GA0070618_5235,A0A1C4ZHH3,Ferredoxin,,10431,Micromonospora echinospora (Micromonospora purpurea)
GA0070618_5236,A0A1C4ZHD2,Cytochrome P450,,44237,Micromonospora echinospora (Micromonospora purpurea)
GA0070618_5237,A0A1C4ZGU7,MarR family protein,,23808,Micromonospora echinospora (Micromonospora purpurea)
GA0070618_5238,A0A1C4ZHD4,DnaJ homologue subfamily C member 28 conserved domain-containing protein,,17928,Micromonospora echinospora (Micromonospora purpurea)
GA0070618_5239,A0A1C4ZHG1,Uncharacterized protein,,40187,Micromonospora echinospora (Micromonospora purpurea)
GA0070618_5240,A0A1C4ZHH4,RNA polymerase-binding protein RbpA,,13045,Micromonospora echinospora (Micromonospora purpurea)
GA0070618_5241,A0A1C4ZHJ2,UPF0716 protein FxsA,,18469,Micromonospora echinospora (Micromonospora purpurea)
GA0070618_5242,A0A1C4ZGZ1,Dolichol-phosphate mannosyltransferase,,28652,Micromonospora echinospora (Micromonospora purpurea)
GA0070618_5243,A0A1C4ZH32,Apolipoprotein N-acyltransferase (ALP N-acyltransferase) (EC 2.3.1.269),2.3.1.269,55309,Micromonospora echinospora (Micromonospora purpurea)
GA0070618_5244,A0A1C4ZH09,Thioredoxin reductase,,55291,Micromonospora echinospora (Micromonospora purpurea)
GA0070618_5245,A0A1C4ZH20,"Transcriptional regulator, XRE family with cupin sensor",,21421,Micromonospora echinospora (Micromonospora purpurea)
GA0070618_5246,A0A1C4ZHK3,Phosphatase,,47853,Micromonospora echinospora (Micromonospora purpurea)
GA0070618_5247,A0A1C4ZH91,Glutamate mutase,,44447,Micromonospora echinospora (Micromonospora purpurea)
GA0070618_5248,A0A1C4ZH43,3-aminobutyryl-CoA ammonia-lyase,,13756,Micromonospora echinospora (Micromonospora purpurea)
GA0070618_5249,A0A1C4ZHP8,"Beta-lysine 5,6-aminomutase beta subunit",,26924,Micromonospora echinospora (Micromonospora purpurea)
GA0070618_5250,A0A1C4ZHY2,"Beta-lysine 5,6-aminomutase alpha subunit /D-lysine 5,6-aminomutase alpha subunit",,56309,Micromonospora echinospora (Micromonospora purpurea)
GA0070618_5251,A0A1C4ZH71,Amidohydrolase 3 domain-containing protein,,53605,Micromonospora echinospora (Micromonospora purpurea)
GA0070618_5252,A0A1C4ZHB6,"L-erythro-3,5-diaminohexanoate dehydrogenase",,35968,Micromonospora echinospora (Micromonospora purpurea)
GA0070618_5253,A0A1C4ZHC8,"L-lysine 2,3-aminomutase",,53300,Micromonospora echinospora (Micromonospora purpurea)
GA0070618_5254,A0A1C4ZHS5,"Uncharacterized conserved protein YjbJ, UPF0337 family",,7207,Micromonospora echinospora (Micromonospora purpurea)
GA0070618_5255,A0A1C4ZHT3,Probable phosphoglycerate mutase,,21655,Micromonospora echinospora (Micromonospora purpurea)
GA0070618_5256,A0A1C4ZHG3,"Lrp/AsnC family transcriptional regulator, leucine-responsive regulatory protein",,16364,Micromonospora echinospora (Micromonospora purpurea)
GA0070618_5257,A0A1C4ZHU6,Acyl-CoA dehydrogenase,,40212,Micromonospora echinospora (Micromonospora purpurea)
GA0070618_5258,A0A1C4ZHD7,"Predicted arabinose efflux permease, MFS family",,45105,Micromonospora echinospora (Micromonospora purpurea)
GA0070618_5259,A0A1C4ZI45,"Glycogen debranching enzyme (Alpha-1,6-glucosidase)",,78248,Micromonospora echinospora (Micromonospora purpurea)
GA0070618_5260,A0A1C4ZHX2,Putative sterol carrier protein,,15950,Micromonospora echinospora (Micromonospora purpurea)
GA0070618_5261,A0A1C4ZHX4,SCP-2 sterol transfer family protein,,14152,Micromonospora echinospora (Micromonospora purpurea)
GA0070618_5262,A0A1C4ZHJ5,"Glycogen debranching enzyme (Alpha-1,6-glucosidase)",,75906,Micromonospora echinospora (Micromonospora purpurea)
GA0070618_5263,A0A1C4ZI64,Pectate lyase,,42462,Micromonospora echinospora (Micromonospora purpurea)
GA0070618_5264,A0A1C4ZHP2,Concanavalin A-like lectin/glucanases superfamily protein,,58703,Micromonospora echinospora (Micromonospora purpurea)
GA0070618_5265,A0A1C4WGH8,Mutator family transposase,,47179,Micromonospora echinospora (Micromonospora purpurea)
GA0070618_5266,A0A1C4ZHJ3,Uncharacterized protein,,20988,Micromonospora echinospora (Micromonospora purpurea)
GA0070618_5267,A0A1C4ZHQ5,Sulfotransferase family protein,,37364,Micromonospora echinospora (Micromonospora purpurea)
GA0070618_5268,A0A1C4ZI96,"Lysophospholipase, alpha-beta hydrolase superfamily",,30901,Micromonospora echinospora (Micromonospora purpurea)
GA0070618_5269,A0A1C4ZHS9,Acyl carrier protein,,11712,Micromonospora echinospora (Micromonospora purpurea)
GA0070618_5270,A0A1C4ZI80,Acyl transferase domain-containing protein,,167299,Micromonospora echinospora (Micromonospora purpurea)
GA0070618_5271,A0A1C4ZHT5,Acyl transferase domain-containing protein,,263653,Micromonospora echinospora (Micromonospora purpurea)
GA0070618_5272,A0A1C4ZID0,Uncharacterized protein,,64665,Micromonospora echinospora (Micromonospora purpurea)
GA0070618_5273,A0A1C4ZHP0,Polyhydroxybutyrate depolymerase,,35892,Micromonospora echinospora (Micromonospora purpurea)
GA0070618_5274,A0A1C4ZHR6,Uncharacterized protein,,8724,Micromonospora echinospora (Micromonospora purpurea)
GA0070618_5275,A0A1C4ZHW0,"Transcriptional regulator, contains XRE-family HTH domain",,43269,Micromonospora echinospora (Micromonospora purpurea)
GA0070618_5276,A0A1C4ZHQ6,Transcriptional regulator,,31583,Micromonospora echinospora (Micromonospora purpurea)
GA0070618_5278,A0A1C4ZI81,Aldehyde dehydrogenase (NAD+),,50241,Micromonospora echinospora (Micromonospora purpurea)
GA0070618_5279,A0A1C4ZHU8,3-hydroxyisobutyrate dehydrogenase,,30959,Micromonospora echinospora (Micromonospora purpurea)
GA0070618_5280,A0A1C4ZIB2,4-carboxymuconolactone decarboxylase,,13940,Micromonospora echinospora (Micromonospora purpurea)
GA0070618_5281,A0A1C4ZIN0,"Glyoxylase, beta-lactamase superfamily II",,32963,Micromonospora echinospora (Micromonospora purpurea)
GA0070618_5282,A0A1C4ZHW5,2-methyl-3-hydroxypyridine 5-carboxylic acid dioxygenase,,41745,Micromonospora echinospora (Micromonospora purpurea)
GA0070618_5283,A0A1C4ZIH3,YbhB/YbcL family Raf kinase inhibitor-like protein,,18702,Micromonospora echinospora (Micromonospora purpurea)
GA0070618_5284,A0A1C4ZIF0,Predicted enzyme of the cupin superfamily,,26642,Micromonospora echinospora (Micromonospora purpurea)
GA0070618_5285,A0A1C4ZIQ5,Amidohydrolase-related domain-containing protein,,33752,Micromonospora echinospora (Micromonospora purpurea)
GA0070618_5286,A0A1C4ZI73,Nucleoside ABC transporter membrane protein,,37348,Micromonospora echinospora (Micromonospora purpurea)
GA0070618_5287,A0A1C4ZHZ8,Nucleoside ABC transporter membrane protein,,37480,Micromonospora echinospora (Micromonospora purpurea)
GA0070618_5288,A0A1C4ZIK8,Nucleoside ABC transporter ATP-binding protein,,55624,Micromonospora echinospora (Micromonospora purpurea)
GA0070618_5289,A0A1C4ZIL8,Nucleoside-binding protein,,34921,Micromonospora echinospora (Micromonospora purpurea)
GA0070618_5290,A0A1C4ZIV3,"DNA-binding transcriptional regulator, GntR family",,25697,Micromonospora echinospora (Micromonospora purpurea)
GA0070618_5292,A0A1C4ZI33,Glutathione-independent formaldehyde dehydrogenase,,40290,Micromonospora echinospora (Micromonospora purpurea)
GA0070618_5293,A0A1C4ZID4,"Uncharacterized conserved protein GlcG, DUF336 family",,15128,Micromonospora echinospora (Micromonospora purpurea)
GA0070618_5294,A0A1C4ZI44,Uncharacterized protein,,4196,Micromonospora echinospora (Micromonospora purpurea)
GA0070618_5295,A0A1C4ZIY3,Ribosomal peptide maturation radical SAM protein 1,,71136,Micromonospora echinospora (Micromonospora purpurea)
GA0070618_5296,A0A1C4ZIE5,Uncharacterized protein,,20157,Micromonospora echinospora (Micromonospora purpurea)
GA0070618_5297,A0A1C4ZIL5,Methyltransferase domain-containing protein,,27233,Micromonospora echinospora (Micromonospora purpurea)
GA0070618_5298,A0A1C4ZIN5,Superoxide dismutase,,8748,Micromonospora echinospora (Micromonospora purpurea)
GA0070618_5299,A0A1C4ZI63,Superoxide dismutase (EC 1.15.1.1),1.15.1.1,22901,Micromonospora echinospora (Micromonospora purpurea)
GA0070618_5300,A0A1C4ZI84,Energy-coupling factor transport system substrate-specific component,,29661,Micromonospora echinospora (Micromonospora purpurea)
GA0070618_5301,A0A1C4ZI79,Energy-coupling factor transport system ATP-binding protein,,57111,Micromonospora echinospora (Micromonospora purpurea)
GA0070618_5302,A0A1C4ZI72,Energy-coupling factor transport system permease protein,,40027,Micromonospora echinospora (Micromonospora purpurea)
GA0070618_5303,A0A1C4ZIQ4,LPXTG-motif cell wall anchor domain-containing protein,,28966,Micromonospora echinospora (Micromonospora purpurea)
GA0070618_5304,A0A1C4ZIV6,Prenyltransferase-like,,46887,Micromonospora echinospora (Micromonospora purpurea)
GA0070618_5305,A0A1C4ZJ48,Flagellar hook-length control protein FliK,,16015,Micromonospora echinospora (Micromonospora purpurea)
GA0070618_5306,A0A1C4ZIA1,Prenyltransferase-like,,35545,Micromonospora echinospora (Micromonospora purpurea)
GA0070618_5307,A0A1C4ZIT4,Peptide/nickel transport system substrate-binding protein,,58508,Micromonospora echinospora (Micromonospora purpurea)
GA0070618_5308,A0A1C4ZJ66,Peptide/nickel transport system permease protein,,35623,Micromonospora echinospora (Micromonospora purpurea)
GA0070618_5309,A0A1C4ZJ27,Peptide/nickel transport system permease protein,,31429,Micromonospora echinospora (Micromonospora purpurea)
GA0070618_5310,A0A1C4ZIP4,Peptide/nickel transport system ATP-binding protein,,60771,Micromonospora echinospora (Micromonospora purpurea)
GA0070618_5311,A0A1C4ZJ10,Right handed beta helix region,,57798,Micromonospora echinospora (Micromonospora purpurea)
GA0070618_5313,A0A1C4ZID7,SMI1/KNR4 family protein,,20251,Micromonospora echinospora (Micromonospora purpurea)
GA0070618_5314,A0A1C4ZIG7,Immunity protein 22,,14348,Micromonospora echinospora (Micromonospora purpurea)
GA0070618_5315,A0A1C4ZIY7,Uncharacterized protein,,13759,Micromonospora echinospora (Micromonospora purpurea)
GA0070618_5317,A0A1C4ZIQ8,DUF3618 domain-containing protein,,21465,Micromonospora echinospora (Micromonospora purpurea)
GA0070618_5318,A0A1C4ZIZ4,"Putative Holin-X, holin superfamily III",,14383,Micromonospora echinospora (Micromonospora purpurea)
GA0070618_5319,A0A1C4ZJ46,DUF3618 domain-containing protein,,21804,Micromonospora echinospora (Micromonospora purpurea)
GA0070618_5320,A0A1C4ZIT0,DNA-binding transcriptional activator of the SARP family,,70887,Micromonospora echinospora (Micromonospora purpurea)
GA0070618_5321,A0A1C4ZJ23,Pimeloyl-ACP methyl ester carboxylesterase,,31274,Micromonospora echinospora (Micromonospora purpurea)
GA0070618_5322,A0A1C4ZJ28,Cellulose binding domain-containing protein,,51828,Micromonospora echinospora (Micromonospora purpurea)
GA0070618_5323,A0A1C4ZJ96,"Transcriptional regulator, contains XRE-family HTH domain",,85933,Micromonospora echinospora (Micromonospora purpurea)
GA0070618_5324,A0A1C4ZJ43,"ATP-binding cassette, subfamily C",,60703,Micromonospora echinospora (Micromonospora purpurea)
GA0070618_5325,A0A1C4ZJD3,Putative ABC transport system ATP-binding protein,,59479,Micromonospora echinospora (Micromonospora purpurea)
GA0070618_5326,A0A1C4ZIS1,Iron complex transport system substrate-binding protein,,36627,Micromonospora echinospora (Micromonospora purpurea)
GA0070618_5327,A0A1C4ZIS7,Iron complex transport system permease protein,,35298,Micromonospora echinospora (Micromonospora purpurea)
GA0070618_5328,A0A1C4ZIP7,Iron complex transport system permease protein,,35069,Micromonospora echinospora (Micromonospora purpurea)
GA0070618_5329,A0A1C4ZJG2,Iron complex transport system ATP-binding protein,,29030,Micromonospora echinospora (Micromonospora purpurea)
GA0070618_5330,A0A1C4ZIU7,L-lysine N6-monooxygenase MbtG (EC 1.14.13.59) (Lysine 6-N-hydroxylase) (Lysine N6-hydroxylase) (Lysine-N-oxygenase) (Mycobactin synthase protein G),1.14.13.59,48841,Micromonospora echinospora (Micromonospora purpurea)
GA0070618_5331,A0A1C4ZJ88,Methionyl-tRNA formyltransferase,,35013,Micromonospora echinospora (Micromonospora purpurea)
GA0070618_5332,A0A1C4ZIT2,"Taurine dioxygenase, alpha-ketoglutarate-dependent",,35522,Micromonospora echinospora (Micromonospora purpurea)
GA0070618_5333,A0A1C4ZIW9,Iron complex transport system substrate-binding protein,,34940,Micromonospora echinospora (Micromonospora purpurea)
GA0070618_5334,A0A1C4ZIT5,Amino acid adenylation domain-containing protein,,259480,Micromonospora echinospora (Micromonospora purpurea)
GA0070618_5335,A0A1C4ZJ57,Non-ribosomal peptide synthase domain TIGR01720/amino acid adenylation domain-containing protein,,170645,Micromonospora echinospora (Micromonospora purpurea)
GA0070618_5336,A0A1C4ZJK9,Mycobactin salicyl-AMP ligase,,58542,Micromonospora echinospora (Micromonospora purpurea)
GA0070618_5337,A0A1C4ZJC1,Phenyloxazoline synthase MbtB (Mycobactin synthetase protein B),,126159,Micromonospora echinospora (Micromonospora purpurea)
GA0070618_5338,A0A1C4ZIW7,Salicylate synthetase,,49027,Micromonospora echinospora (Micromonospora purpurea)
GA0070618_5339,A0A1C4ZJ83,MbtH protein,,8757,Micromonospora echinospora (Micromonospora purpurea)
GA0070618_5340,A0A1C4ZJN2,Iron complex transport system ATP-binding protein,,30358,Micromonospora echinospora (Micromonospora purpurea)
GA0070618_5342,A0A1C4ZJE8,Iron complex transport system permease protein,,36024,Micromonospora echinospora (Micromonospora purpurea)
GA0070618_5343,A0A1C4ZJE1,Putative ABC transport system ATP-binding protein,,61349,Micromonospora echinospora (Micromonospora purpurea)
GA0070618_5344,A0A1C4ZJ08,"ATP-binding cassette, subfamily C",,64989,Micromonospora echinospora (Micromonospora purpurea)
GA0070618_5346,A0A1C4ZJ22,Helix-turn-helix of DDE superfamily endonuclease,,29408,Micromonospora echinospora (Micromonospora purpurea)
GA0070618_5347,A0A1C4WGH8,Mutator family transposase,,47179,Micromonospora echinospora (Micromonospora purpurea)
GA0070618_5348,A0A1C4ZJU6,Fibronectin type 3 domain-containing protein,,50718,Micromonospora echinospora (Micromonospora purpurea)
GA0070618_5349,A0A1C4ZJI1,SMI1/KNR4 family protein,,20219,Micromonospora echinospora (Micromonospora purpurea)
GA0070618_5350,A0A1C4ZJL7,Uncharacterized protein,,4528,Micromonospora echinospora (Micromonospora purpurea)
GA0070618_5352,A0A1C4ZJ58,NADPH:quinone reductase,,33976,Micromonospora echinospora (Micromonospora purpurea)
GA0070618_5353,A0A1C4ZJV7,"Transcriptional regulator, TetR family",,24845,Micromonospora echinospora (Micromonospora purpurea)
GA0070618_5354,A0A1C4ZJY6,Low affinity iron permease,,10446,Micromonospora echinospora (Micromonospora purpurea)
GA0070618_5355,A0A1C4ZK00,Uncharacterized protein,,13318,Micromonospora echinospora (Micromonospora purpurea)
GA0070618_5356,A0A1C4ZJ84,Uncharacterized protein,,8048,Micromonospora echinospora (Micromonospora purpurea)
GA0070618_5357,A0A1C4ZJP6,Urease accessory protein UreD,,24816,Micromonospora echinospora (Micromonospora purpurea)
GA0070618_5358,A0A1C4ZK16,Urease accessory protein UreG,,25192,Micromonospora echinospora (Micromonospora purpurea)
GA0070618_5359,A0A1C4ZK27,Urease accessory protein UreF,,23094,Micromonospora echinospora (Micromonospora purpurea)
GA0070618_5360,A0A1C4ZJL5,Urease subunit alpha (EC 3.5.1.5) (Urea amidohydrolase subunit alpha),3.5.1.5,60074,Micromonospora echinospora (Micromonospora purpurea)
GA0070618_5361,A0A1C4ZJB5,Urease subunit beta (EC 3.5.1.5) (Urea amidohydrolase subunit beta),3.5.1.5,11188,Micromonospora echinospora (Micromonospora purpurea)
GA0070618_5362,A0A1C4ZJT5,Urease subunit gamma (EC 3.5.1.5) (Urea amidohydrolase subunit gamma),3.5.1.5,11228,Micromonospora echinospora (Micromonospora purpurea)
GA0070618_5363,A0A1C4ZJH4,Probable allantoicase (EC 3.5.3.4) (Allantoate amidinohydrolase),3.5.3.4,40277,Micromonospora echinospora (Micromonospora purpurea)
GA0070618_5364,A0A1C4ZK68,Allantoinase,,45938,Micromonospora echinospora (Micromonospora purpurea)
GA0070618_5365,A0A1C4ZJQ3,HpcH/HpaI aldolase/citrate lyase family protein,,42080,Micromonospora echinospora (Micromonospora purpurea)
GA0070618_5366,A0A1C4ZK80,malate synthase (EC 2.3.3.9),2.3.3.9,58678,Micromonospora echinospora (Micromonospora purpurea)
GA0070618_5367,A0A1C4ZK93,Cytosine/adenosine deaminase,,47833,Micromonospora echinospora (Micromonospora purpurea)
GA0070618_5368,A0A1C4ZJS3,Uricase (EC 1.7.3.3) (Urate oxidase),1.7.3.3,31764,Micromonospora echinospora (Micromonospora purpurea)
GA0070618_5369,A0A1C4ZJY0,5-hydroxyisourate hydrolase (HIU hydrolase) (HIUHase) (EC 3.5.2.17),3.5.2.17,13008,Micromonospora echinospora (Micromonospora purpurea)
GA0070618_5370,A0A1C4ZKA8,2-oxo-4-hydroxy-4-carboxy-5-ureidoimidazoline decarboxylase (EC 4.1.1.97),4.1.1.97,18460,Micromonospora echinospora (Micromonospora purpurea)
GA0070618_5371,A0A1C4ZJJ3,Xanthine dehydrogenase accessory factor,,38524,Micromonospora echinospora (Micromonospora purpurea)
GA0070618_5372,A0A1C4ZJV1,Nicotine blue oxidoreductase,,20016,Micromonospora echinospora (Micromonospora purpurea)
GA0070618_5373,A0A1C4ZK08,"CO or xanthine dehydrogenase, FAD-binding subunit",,29669,Micromonospora echinospora (Micromonospora purpurea)
GA0070618_5374,A0A1C4ZKD8,"CO or xanthine dehydrogenase, Mo-binding subunit",,96106,Micromonospora echinospora (Micromonospora purpurea)
GA0070618_5375,A0A1C4ZJL8,Purine catabolism regulatory protein-like family protein,,55966,Micromonospora echinospora (Micromonospora purpurea)
GA0070618_5376,A0A1C4ZJM0,Adenosine deaminase (EC 3.5.4.4) (Adenosine aminohydrolase),3.5.4.4,39792,Micromonospora echinospora (Micromonospora purpurea)
GA0070618_5377,A0A1C4ZJV9,LPXTG-motif cell wall anchor domain-containing protein,,62901,Micromonospora echinospora (Micromonospora purpurea)
GA0070618_5378,A0A1C4ZKH3,Uncharacterized protein,,6708,Micromonospora echinospora (Micromonospora purpurea)
GA0070618_5379,A0A1C4ZK67,Uncharacterized protein,,12966,Micromonospora echinospora (Micromonospora purpurea)
GA0070618_5381,A0A1C4ZK18,Transposase,,41097,Micromonospora echinospora (Micromonospora purpurea)
GA0070618_5382,A0A1C4ZK75,SRSO17 transposase,,50206,Micromonospora echinospora (Micromonospora purpurea)
GA0070618_5383,A0A1C4ZKK3,"Sugar kinase of the NBD/HSP70 family, may contain an N-terminal HTH domain",,43810,Micromonospora echinospora (Micromonospora purpurea)
GA0070618_5384,A0A1C4ZJS1,Endoglucanase (EC 3.2.1.4),3.2.1.4,53597,Micromonospora echinospora (Micromonospora purpurea)
GA0070618_5385,A0A1C4ZKB1,Pimeloyl-ACP methyl ester carboxylesterase,,28457,Micromonospora echinospora (Micromonospora purpurea)
GA0070618_5386,A0A1C4ZJT4,NADPH:quinone reductase,,36301,Micromonospora echinospora (Micromonospora purpurea)
GA0070618_5387,A0A1C4ZKN2,"Transcriptional regulator, AraC family",,35577,Micromonospora echinospora (Micromonospora purpurea)
GA0070618_5388,A0A1C4ZKP3,"Transcriptional regulator, TetR family",,27055,Micromonospora echinospora (Micromonospora purpurea)
GA0070618_5389,A0A1C4ZKQ3,Acyl-CoA dehydrogenase,,41240,Micromonospora echinospora (Micromonospora purpurea)
GA0070618_5390,A0A1C4ZKR0,"Probable F420-dependent oxidoreductase, Rv3520c family",,36667,Micromonospora echinospora (Micromonospora purpurea)
GA0070618_5391,A0A1C4ZKG2,Alpha-methylacyl-CoA racemase,,40035,Micromonospora echinospora (Micromonospora purpurea)
GA0070618_5392,A0A1C4ZKA9,Enoyl-CoA hydratase,,28719,Micromonospora echinospora (Micromonospora purpurea)
GA0070618_5393,A0A1C4ZKB9,"Transcriptional regulator, GntR family",,25566,Micromonospora echinospora (Micromonospora purpurea)
GA0070618_5394,A0A1C4ZKJ0,Aldehyde dehydrogenase,,52647,Micromonospora echinospora (Micromonospora purpurea)
GA0070618_5395,A0A1C4ZKE3,Acyl-CoA dehydrogenase,,42055,Micromonospora echinospora (Micromonospora purpurea)
GA0070618_5396,A0A1C4ZK19,3-hydroxyacyl-CoA dehydrogenase / enoyl-CoA hydratase / 3-hydroxybutyryl-CoA epimerase,,75899,Micromonospora echinospora (Micromonospora purpurea)
GA0070618_5397,A0A1C4ZKJ4,Acetyl-CoA C-acetyltransferase,,41477,Micromonospora echinospora (Micromonospora purpurea)
GA0070618_5398,A0A1C4ZKK4,"Transcriptional regulator, TetR family",,43006,Micromonospora echinospora (Micromonospora purpurea)
GA0070618_5399,A0A1C4ZKC6,"Transcriptional regulator, TetR family",,41886,Micromonospora echinospora (Micromonospora purpurea)
GA0070618_5400,A0A1C4ZL08,ER-bound oxygenase mpaB/mpaB'/Rubber oxygenase catalytic domain-containing protein,,45028,Micromonospora echinospora (Micromonospora purpurea)
GA0070618_5401,A0A1C4ZK61,Aryl-alcohol dehydrogenase,,37537,Micromonospora echinospora (Micromonospora purpurea)
GA0070618_5402,A0A1C4ZKX6,GXWXG protein,,17379,Micromonospora echinospora (Micromonospora purpurea)
GA0070618_5403,A0A1C4ZKY5,ER-bound oxygenase mpaB/mpaB'/Rubber oxygenase catalytic domain-containing protein,,35500,Micromonospora echinospora (Micromonospora purpurea)
GA0070618_5404,A0A1C4ZL24,Long-chain acyl-CoA synthetase,,65888,Micromonospora echinospora (Micromonospora purpurea)
GA0070618_5405,A0A1C4ZKQ0,"NAD(P)-dependent dehydrogenase, short-chain alcohol dehydrogenase family",,26365,Micromonospora echinospora (Micromonospora purpurea)
GA0070618_5406,A0A1C4ZL59,"Predicted kinase, aminoglycoside phosphotransferase (APT) family",,41008,Micromonospora echinospora (Micromonospora purpurea)
GA0070618_5407,A0A1C4ZKT7,Acyl-CoA dehydrogenase,,42229,Micromonospora echinospora (Micromonospora purpurea)
GA0070618_5408,A0A1C4ZL26,TAT (Twin-arginine translocation) pathway signal sequence,,46124,Micromonospora echinospora (Micromonospora purpurea)
GA0070618_5409,A0A1C4ZL34,Molybdopterin-binding domain of aldehyde dehydrogenase,,21947,Micromonospora echinospora (Micromonospora purpurea)
GA0070618_5410,A0A1C4ZKV3,FAD dependent oxidoreductase,,55147,Micromonospora echinospora (Micromonospora purpurea)
GA0070618_5411,A0A1C4ZKW9,"Carbohydrate ABC transporter substrate-binding protein, CUT1 family",,46028,Micromonospora echinospora (Micromonospora purpurea)
GA0070618_5412,A0A1C4ZKX9,"Carbohydrate ABC transporter membrane protein 2, CUT1 family",,33775,Micromonospora echinospora (Micromonospora purpurea)
GA0070618_5413,A0A1C4ZKY9,"Carbohydrate ABC transporter membrane protein 1, CUT1 family",,29835,Micromonospora echinospora (Micromonospora purpurea)
GA0070618_5414,A0A1C4ZLA3,"Transcriptional regulator, LacI family",,40585,Micromonospora echinospora (Micromonospora purpurea)
GA0070618_5416,A0A1C4ZKK0,"ADP-ribose pyrophosphatase YjhB, NUDIX family",,17771,Micromonospora echinospora (Micromonospora purpurea)
GA0070618_5417,A0A1C4ZLD7,Uncharacterized protein,,41576,Micromonospora echinospora (Micromonospora purpurea)
GA0070618_5418,A0A1C4ZKV6,D-alanyl-D-alanine carboxypeptidase,,44366,Micromonospora echinospora (Micromonospora purpurea)
GA0070618_5420,A0A1C4ZL37,Ricin B lectin domain-containing protein,,25189,Micromonospora echinospora (Micromonospora purpurea)
GA0070618_5421,A0A1C4ZL51,"RNA polymerase sigma-70 factor, ECF subfamily",,19362,Micromonospora echinospora (Micromonospora purpurea)
GA0070618_5422,A0A1C4ZLK5,Uncharacterized protein,,21406,Micromonospora echinospora (Micromonospora purpurea)
GA0070618_5424,A0A1C4ZKZ2,Uncharacterized protein,,5620,Micromonospora echinospora (Micromonospora purpurea)
GA0070618_5425,A0A1C4ZL84,Uncharacterized protein,,9765,Micromonospora echinospora (Micromonospora purpurea)
GA0070618_5428,A0A1C4ZLK7,Secreted protein,,23607,Micromonospora echinospora (Micromonospora purpurea)
GA0070618_5429,A0A1C4ZLL6,Helix-turn-helix domain-containing protein,,11227,Micromonospora echinospora (Micromonospora purpurea)
GA0070618_5430,A0A1C4ZLA4,Transposase,,30770,Micromonospora echinospora (Micromonospora purpurea)
GA0070618_5431,A0A1C4VLA0,Uncharacterized protein,,14758,Micromonospora echinospora (Micromonospora purpurea)
GA0070618_5432,A0A1C4ZLR6,Dihydrofolate reductase,,21121,Micromonospora echinospora (Micromonospora purpurea)
GA0070618_5435,A0A1C4ZKW2,"Catechol 2,3-dioxygenase",,15621,Micromonospora echinospora (Micromonospora purpurea)
GA0070618_5436,A0A1C4ZLR7,SRSO17 transposase,,45848,Micromonospora echinospora (Micromonospora purpurea)
GA0070618_5437,A0A1C4ZK18,Transposase,,41097,Micromonospora echinospora (Micromonospora purpurea)
GA0070618_5438,A0A1C4ZLK1,PQQ-like domain-containing protein,,48022,Micromonospora echinospora (Micromonospora purpurea)
GA0070618_5441,A0A1C4ZLA9,Uncharacterized protein,,12539,Micromonospora echinospora (Micromonospora purpurea)
GA0070618_5442,A0A1C4ZLB8,Methyltransferase domain-containing protein,,28528,Micromonospora echinospora (Micromonospora purpurea)
GA0070618_5444,A0A1C4ZLZ6,3'-phosphate/5'-hydroxy nucleic acid ligase (EC 6.5.1.8),6.5.1.8,43650,Micromonospora echinospora (Micromonospora purpurea)
GA0070618_5445,A0A1C4ZLL2,Peptidyl-prolyl cis-trans isomerase (PPIase) (EC 5.2.1.8),5.2.1.8,26413,Micromonospora echinospora (Micromonospora purpurea)
GA0070618_5446,A0A1C4ZLL5,Peptide deformylase (PDF) (EC 3.5.1.88) (Polypeptide deformylase),3.5.1.88,21211,Micromonospora echinospora (Micromonospora purpurea)
GA0070618_5447,A0A1C4ZLL8,FMN-dependent NADH-azoreductase,,22553,Micromonospora echinospora (Micromonospora purpurea)
GA0070618_5448,A0A1C4ZLN1,"DNA-binding transcriptional regulator, MarR family",,18664,Micromonospora echinospora (Micromonospora purpurea)
GA0070618_5449,A0A1C4ZLS2,"DNA-binding transcriptional regulator, MerR family",,29152,Micromonospora echinospora (Micromonospora purpurea)
GA0070618_5450,A0A1C4ZM25,UvrABC system protein A (Excinuclease ABC subunit A),,81816,Micromonospora echinospora (Micromonospora purpurea)
GA0070618_5451,A0A1C4ZM50,LPXTG-motif cell wall anchor domain-containing protein,,24926,Micromonospora echinospora (Micromonospora purpurea)
GA0070618_5452,A0A1C4ZLI8,DUF4012 domain-containing protein,,62772,Micromonospora echinospora (Micromonospora purpurea)
GA0070618_5453,A0A1C4ZM68,Glycosyltransferase involved in cell wall bisynthesis,,43686,Micromonospora echinospora (Micromonospora purpurea)
GA0070618_5454,A0A1C4ZM80,Protein-tyrosine phosphatase,,19661,Micromonospora echinospora (Micromonospora purpurea)
GA0070618_5455,A0A1C4ZLL7,Capsular exopolysaccharide family,,51729,Micromonospora echinospora (Micromonospora purpurea)
GA0070618_5456,A0A1C4ZMA0,"NDP-sugar epimerase, includes UDP-GlcNAc-inverting 4,6-dehydratase FlaA1 and capsular polysaccharide biosynthesis protein EpsC",,67574,Micromonospora echinospora (Micromonospora purpurea)
GA0070618_5457,A0A1C4ZMB0,Na(+)/H(+) antiporter NhaA (Sodium/proton antiporter NhaA),,46665,Micromonospora echinospora (Micromonospora purpurea)
GA0070618_5458,A0A1C4ZMC0,Uncharacterized protein,,9622,Micromonospora echinospora (Micromonospora purpurea)
GA0070618_5459,A0A1C4ZMD0,Uncharacterized membrane protein,,13102,Micromonospora echinospora (Micromonospora purpurea)
GA0070618_5460,A0A1C4ZMD9,Uncharacterized protein,,50848,Micromonospora echinospora (Micromonospora purpurea)
GA0070618_5461,A0A1C4ZM04,Predicted acetyltransferase,,18959,Micromonospora echinospora (Micromonospora purpurea)
GA0070618_5462,A0A1C4ZM14,DUF4386 domain-containing protein,,44553,Micromonospora echinospora (Micromonospora purpurea)
GA0070618_5463,A0A1C4ZM23,"Transcriptional regulator, TetR family",,23809,Micromonospora echinospora (Micromonospora purpurea)
GA0070618_5464,A0A1C4ZLW1,Repeat domain-containing protein,,45004,Micromonospora echinospora (Micromonospora purpurea)
GA0070618_5465,A0A1C4ZMH6,"Transcriptional regulator, TetR family",,24774,Micromonospora echinospora (Micromonospora purpurea)
GA0070618_5466,A0A1C4ZLP9,NADPH:quinone reductase,,33846,Micromonospora echinospora (Micromonospora purpurea)
GA0070618_5467,A0A1C4ZM96,Uncharacterized protein,,19504,Micromonospora echinospora (Micromonospora purpurea)
GA0070618_5468,A0A1C4ZMI2,Poly-gamma-glutamate synthesis protein (Capsule biosynthesis protein),,36614,Micromonospora echinospora (Micromonospora purpurea)
GA0070618_5469,A0A1C4ZM75,Dihydrofolate reductase,,21672,Micromonospora echinospora (Micromonospora purpurea)
GA0070618_5470,A0A1C4ZMM6,PH domain-containing protein,,51691,Micromonospora echinospora (Micromonospora purpurea)
GA0070618_5471,A0A1C4ZM99,Glycosyl hydrolases family 16,,41393,Micromonospora echinospora (Micromonospora purpurea)
GA0070618_5472,A0A1C4ZMA9,N-acetylglucosamine transport system permease protein,,32385,Micromonospora echinospora (Micromonospora purpurea)
GA0070618_5473,A0A1C4ZMB9,"Carbohydrate ABC transporter membrane protein 1, CUT1 family",,32855,Micromonospora echinospora (Micromonospora purpurea)
GA0070618_5474,A0A1C4ZMP3,"Carbohydrate ABC transporter substrate-binding protein, CUT1 family",,50183,Micromonospora echinospora (Micromonospora purpurea)
GA0070618_5475,A0A1C4ZMQ3,"Uncharacterized protein, contains SIS (Sugar ISomerase) phosphosugar binding domain",,25573,Micromonospora echinospora (Micromonospora purpurea)
GA0070618_5476,A0A1C4ZLW3,"Transcriptional regulator, RpiR family",,32853,Micromonospora echinospora (Micromonospora purpurea)
GA0070618_5477,A0A1C4ZLX1,BadF-type ATPase,,33184,Micromonospora echinospora (Micromonospora purpurea)
GA0070618_5478,A0A1C4ZMT3,3-phytase,,47628,Micromonospora echinospora (Micromonospora purpurea)
GA0070618_5479,A0A1C4ZMU3,Glycine/D-amino acid oxidase,,34025,Micromonospora echinospora (Micromonospora purpurea)
GA0070618_5480,A0A1C4ZMJ1,Pimeloyl-ACP methyl ester carboxylesterase,,23597,Micromonospora echinospora (Micromonospora purpurea)
GA0070618_5481,A0A1C4ZMB5,Transcriptional regulator,,35414,Micromonospora echinospora (Micromonospora purpurea)
GA0070618_5482,A0A1C4ZMZ4,"Flavin-dependent oxidoreductase, luciferase family (Includes alkanesulfonate monooxygenase SsuD and methylene tetrahydromethanopterin reductase)",,29532,Micromonospora echinospora (Micromonospora purpurea)
GA0070618_5484,A0A1C4ZML9,Damage-inducible protein DinB,,21716,Micromonospora echinospora (Micromonospora purpurea)
GA0070618_5485,A0A1C4ZN11,"Protein N-acetyltransferase, RimJ/RimL family",,21322,Micromonospora echinospora (Micromonospora purpurea)
GA0070618_5487,A0A1C4ZMT0,Pentapeptide repeat-containing protein,,135009,Micromonospora echinospora (Micromonospora purpurea)
GA0070618_5488,A0A1C4ZMU5,"Transcriptional regulator, TetR family",,21041,Micromonospora echinospora (Micromonospora purpurea)
GA0070618_5489,A0A1C4ZMP2,Sugar phosphate permease,,41763,Micromonospora echinospora (Micromonospora purpurea)
GA0070618_5490,A0A1C4ZMQ2,GDT1 family protein,,20561,Micromonospora echinospora (Micromonospora purpurea)
GA0070618_5492,A0A1C4ZM94,Histidine N-alpha-methyltransferase (EC 2.1.1.44) (Histidine trimethyltransferase),2.1.1.44,35325,Micromonospora echinospora (Micromonospora purpurea)
GA0070618_5493,A0A1C4ZMT1,Gamma-glutamyl-hercynylcysteine sulfoxide hydrolase (EC 3.5.1.118) (Gamma-glutamyl hercynylcysteine S-oxide hydrolase),3.5.1.118,25318,Micromonospora echinospora (Micromonospora purpurea)
GA0070618_5494,A0A1C4ZML5,Hercynine oxygenase (EC 1.14.99.50) (Gamma-glutamyl hercynylcysteine S-oxide synthase),1.14.99.50,49913,Micromonospora echinospora (Micromonospora purpurea)
GA0070618_5495,A0A1C4ZMM5,Glutamate--cysteine ligase EgtA (EC 6.3.2.2) (Gamma-glutamylcysteine synthase) (GCS) (Gamma-ECS),6.3.2.2,44056,Micromonospora echinospora (Micromonospora purpurea)
GA0070618_5496,A0A1C4ZN00,Uncharacterized protein,,24429,Micromonospora echinospora (Micromonospora purpurea)
GA0070618_5497,A0A1C4ZMD5,"RNA polymerase sigma-70 factor, ECF subfamily",,21774,Micromonospora echinospora (Micromonospora purpurea)
GA0070618_5498,A0A1C4ZNA9,non-specific serine/threonine protein kinase (EC 2.7.11.1),2.7.11.1,45865,Micromonospora echinospora (Micromonospora purpurea)
GA0070618_5499,A0A1C4ZMY2,"Uncharacterized conserved protein, DUF305 family",,24204,Micromonospora echinospora (Micromonospora purpurea)
GA0070618_5500,A0A1C4ZMZ3,LVIVD repeat-containing protein,,51928,Micromonospora echinospora (Micromonospora purpurea)
GA0070618_5501,A0A1C4ZND7,"Linear amide C-N hydrolases, choloylglycine hydrolase family",,34641,Micromonospora echinospora (Micromonospora purpurea)
GA0070618_5502,A0A1C4ZND4,DUF2188 domain-containing protein,,8226,Micromonospora echinospora (Micromonospora purpurea)
GA0070618_5504,A0A1C4ZN69,Ribokinase,,31338,Micromonospora echinospora (Micromonospora purpurea)
GA0070618_5505,A0A1C4ZMQ5,Glycosidase,,106824,Micromonospora echinospora (Micromonospora purpurea)
GA0070618_5506,A0A1C4ZN89,Uncharacterized protein,,34859,Micromonospora echinospora (Micromonospora purpurea)
GA0070618_5507,A0A1C4ZMS3,Glycosyl hydrolases family 43,,79960,Micromonospora echinospora (Micromonospora purpurea)
GA0070618_5508,A0A1C4ZMT5,2'-5' RNA ligase superfamily protein,,20447,Micromonospora echinospora (Micromonospora purpurea)
GA0070618_5509,A0A1C4ZNM0,"Two component transcriptional regulator, LuxR family",,20795,Micromonospora echinospora (Micromonospora purpurea)
GA0070618_5510,A0A1C4ZN83,"Two-component system, NarL family, sensor histidine kinase DesK",,40819,Micromonospora echinospora (Micromonospora purpurea)
GA0070618_5511,A0A1C4ZNP1,YhhN-like protein,,30529,Micromonospora echinospora (Micromonospora purpurea)
GA0070618_5512,A0A1C4ZMX6,Uncharacterized protein,,80721,Micromonospora echinospora (Micromonospora purpurea)
GA0070618_5513,A0A1C4ZNQ6,Uncharacterized protein,,5186,Micromonospora echinospora (Micromonospora purpurea)
GA0070618_5514,A0A1C4ZNR9,RHS repeat-associated core domain-containing protein,,347227,Micromonospora echinospora (Micromonospora purpurea)
GA0070618_5515,A0A1C4ZNS8,Tachylectin,,69774,Micromonospora echinospora (Micromonospora purpurea)
GA0070618_5516,A0A1C4ZNU2,RNA helicase (EC 3.6.4.13),3.6.4.13,61746,Micromonospora echinospora (Micromonospora purpurea)
GA0070618_5517,A0A1C4ZNV9,Lon protease (EC 3.4.21.53) (ATP-dependent protease La),3.4.21.53,82492,Micromonospora echinospora (Micromonospora purpurea)
GA0070618_5518,A0A1C4ZNG6,Uncharacterized protein,,6891,Micromonospora echinospora (Micromonospora purpurea)
GA0070618_5519,A0A1C4ZNH3,Lsr2 protein,,12707,Micromonospora echinospora (Micromonospora purpurea)
GA0070618_5520,A0A1C4ZNI3,DUF2726 domain-containing protein,,31881,Micromonospora echinospora (Micromonospora purpurea)
GA0070618_5521,A0A1C4ZND1,Phytanoyl-CoA dioxygenase (PhyH),,32166,Micromonospora echinospora (Micromonospora purpurea)
GA0070618_5522,A0A1C4ZNZ4,Substrate-binding protein,,26149,Micromonospora echinospora (Micromonospora purpurea)
GA0070618_5523,A0A1C4ZNM9,BON domain-containing protein,,25559,Micromonospora echinospora (Micromonospora purpurea)
GA0070618_5524,A0A1C4ZNN8,Thiosulfate dehydrogenase [quinone] large subunit,,20350,Micromonospora echinospora (Micromonospora purpurea)
GA0070618_5525,A0A1C4ZNQ1,Peptidyl-prolyl cis-trans isomerase (EC 5.2.1.8),5.2.1.8,12772,Micromonospora echinospora (Micromonospora purpurea)
GA0070618_5526,A0A1C4ZNR2,Anti-sigma factor antagonist,,21417,Micromonospora echinospora (Micromonospora purpurea)
GA0070618_5527,A0A1C4ZNJ4,DUF3224 domain-containing protein,,13911,Micromonospora echinospora (Micromonospora purpurea)
GA0070618_5528,A0A1C4ZND2,"L,D-transpeptidase catalytic domain",,44907,Micromonospora echinospora (Micromonospora purpurea)
GA0070618_5529,A0A1C4ZP66,Dihydrolipoamide acetyltransferase component of pyruvate dehydrogenase complex (EC 2.3.1.-),2.3.1.-,47969,Micromonospora echinospora (Micromonospora purpurea)
GA0070618_5530,A0A1C4ZNV2,Pyruvate dehydrogenase E1 component beta subunit,,36381,Micromonospora echinospora (Micromonospora purpurea)
GA0070618_5531,A0A1C4ZNG9,Pyruvate dehydrogenase E1 component alpha subunit,,42023,Micromonospora echinospora (Micromonospora purpurea)
GA0070618_5532,A0A1C4ZP99,"Transcriptional regulator, AsnC family",,18176,Micromonospora echinospora (Micromonospora purpurea)
GA0070618_5533,A0A1C4ZNF5,DUF1905 domain-containing protein,,10181,Micromonospora echinospora (Micromonospora purpurea)
GA0070618_5534,A0A1C4ZNG4,Amino acid adenylation domain-containing protein,,239832,Micromonospora echinospora (Micromonospora purpurea)
GA0070618_5535,A0A1C4ZNW1,Uncharacterized protein,,9372,Micromonospora echinospora (Micromonospora purpurea)
GA0070618_5536,A0A1C4ZP30,Broad specificity phosphatase PhoE,,27031,Micromonospora echinospora (Micromonospora purpurea)
GA0070618_5537,A0A1C4ZNZ7,ADP-dependent (S)-NAD(P)H-hydrate dehydratase (EC 4.2.1.136) (ADP-dependent NAD(P)HX dehydratase),4.2.1.136,30014,Micromonospora echinospora (Micromonospora purpurea)
GA0070618_5538,A0A1C4ZP35,Subtilase family protein,,49695,Micromonospora echinospora (Micromonospora purpurea)
GA0070618_5539,A0A1C4ZP50,Hemerythrin HHE cation binding domain-containing protein,,19138,Micromonospora echinospora (Micromonospora purpurea)
GA0070618_5540,A0A1C4ZPF5,"3',5'-cyclic AMP phosphodiesterase CpdA",,33402,Micromonospora echinospora (Micromonospora purpurea)
GA0070618_5542,A0A1C4ZPH3,Serine hydroxymethyltransferase (SHMT) (Serine methylase) (EC 2.1.2.1),2.1.2.1,51349,Micromonospora echinospora (Micromonospora purpurea)
GA0070618_5543,A0A1C4ZP62,DUF4177 domain-containing protein,,9666,Micromonospora echinospora (Micromonospora purpurea)
GA0070618_5544,A0A1C4ZP22,"(S)-3,5-dihydroxyphenylglycine transaminase",,47158,Micromonospora echinospora (Micromonospora purpurea)
GA0070618_5545,A0A1C4ZPI4,4-hydroxymandelate oxidase,,38814,Micromonospora echinospora (Micromonospora purpurea)
GA0070618_5546,A0A1C4ZP89,Acetyl esterase,,34948,Micromonospora echinospora (Micromonospora purpurea)
GA0070618_5547,A0A1C4ZP94,Cytochrome P450,,44182,Micromonospora echinospora (Micromonospora purpurea)
GA0070618_5548,A0A1C4ZPK8,Lysophospholipase L1,,46101,Micromonospora echinospora (Micromonospora purpurea)
GA0070618_5549,A0A1C4ZPM7,Acyl-CoA synthetase (AMP-forming)/AMP-acid ligase II,,56150,Micromonospora echinospora (Micromonospora purpurea)
GA0070618_5550,A0A1C4ZPN6,TIGR03089 family protein,,26811,Micromonospora echinospora (Micromonospora purpurea)
GA0070618_5551,A0A1C4ZP87,Lysophospholipase L1,,25243,Micromonospora echinospora (Micromonospora purpurea)
GA0070618_5552,A0A1C4ZP39,Circularly permuted ATP-grasp type 2,,48839,Micromonospora echinospora (Micromonospora purpurea)
GA0070618_5553,A0A1C4ZPR8,Pyruvate dehydrogenase E1 component subunit beta (EC 1.2.4.1),1.2.4.1,34098,Micromonospora echinospora (Micromonospora purpurea)
GA0070618_5554,A0A1C4ZPS3,Pyruvate dehydrogenase E1 component alpha subunit,,33704,Micromonospora echinospora (Micromonospora purpurea)
GA0070618_5555,A0A1C4ZPA2,DUF3050 family protein,,29237,Micromonospora echinospora (Micromonospora purpurea)
GA0070618_5556,A0A1C4ZNX3,"Ectoine hydroxylase-related dioxygenase, phytanoyl-CoA dioxygenase (PhyH) family",,35120,Micromonospora echinospora (Micromonospora purpurea)
GA0070618_5557,A0A1C4ZPC6,4-hydroxyphenylpyruvate dioxygenase,,38966,Micromonospora echinospora (Micromonospora purpurea)
GA0070618_5558,A0A1C4ZPV7,3-oxoacyl-[acyl-carrier-protein] synthase II,,41108,Micromonospora echinospora (Micromonospora purpurea)
GA0070618_5559,A0A1C4ZP97,Acyl-CoA synthetase (AMP-forming)/AMP-acid ligase II,,57949,Micromonospora echinospora (Micromonospora purpurea)
GA0070618_5560,A0A1C4ZPL4,Beta-ketoacyl synthase N-terminal domain-containing protein,,22043,Micromonospora echinospora (Micromonospora purpurea)
GA0070618_5561,A0A1C4ZPB5,3-oxoacyl-(Acyl-carrier-protein) synthase,,36145,Micromonospora echinospora (Micromonospora purpurea)
GA0070618_5562,A0A1C4ZPN8,Acyl carrier protein,,9093,Micromonospora echinospora (Micromonospora purpurea)
GA0070618_5563,A0A1C4ZQ16,Acyl carrier protein,,9747,Micromonospora echinospora (Micromonospora purpurea)
GA0070618_5564,A0A1C4ZP83,4'-phosphopantetheinyl transferase,,23607,Micromonospora echinospora (Micromonospora purpurea)
GA0070618_5565,A0A1C4ZPQ4,Acyl-CoA synthetase (AMP-forming)/AMP-acid ligase II,,47098,Micromonospora echinospora (Micromonospora purpurea)
GA0070618_5566,A0A1C4ZPI2,Heme-degrading monooxygenase HmoA,,13547,Micromonospora echinospora (Micromonospora purpurea)
GA0070618_5567,A0A1C4ZQ24,Minimal PKS chain-length factor (CLF/KS beta),,43300,Micromonospora echinospora (Micromonospora purpurea)
GA0070618_5568,A0A1C4ZPM5,Minimal PKS ketosynthase (KS/KS alpha),,44637,Micromonospora echinospora (Micromonospora purpurea)
GA0070618_5569,A0A1C4ZPI0,Putative monooxygenase,,14253,Micromonospora echinospora (Micromonospora purpurea)
GA0070618_5570,A0A1C4ZPD0,Aromatase,,28205,Micromonospora echinospora (Micromonospora purpurea)
GA0070618_5571,A0A1C4ZPQ2,Cyclase,,12966,Micromonospora echinospora (Micromonospora purpurea)
GA0070618_5572,A0A1C4ZQA0,DNA-binding transcriptional activator of the SARP family,,29303,Micromonospora echinospora (Micromonospora purpurea)
GA0070618_5573,A0A1C4ZPP0,Polyketide synthesis cyclase,,12439,Micromonospora echinospora (Micromonospora purpurea)
GA0070618_5574,A0A1C4ZPF6,2-polyprenyl-6-methoxyphenol hydroxylase,,49147,Micromonospora echinospora (Micromonospora purpurea)
GA0070618_5575,A0A1C4ZQ97,"Predicted 5' DNA nuclease, flap endonuclease-1-like, helix-3-turn-helix (H3TH) domain",,42383,Micromonospora echinospora (Micromonospora purpurea)
GA0070618_5576,A0A1C4ZQ10,Uncharacterized protein,,7244,Micromonospora echinospora (Micromonospora purpurea)
GA0070618_5577,A0A1C4ZPR6,Sensor protein,,21949,Micromonospora echinospora (Micromonospora purpurea)
GA0070618_5578,A0A1C4ZQB9,"Enamine deaminase RidA, house cleaning of reactive enamine intermediates, YjgF/YER057c/UK114 family",,24087,Micromonospora echinospora (Micromonospora purpurea)
GA0070618_5579,A0A1C4ZQ31,Monoamine oxidase,,61645,Micromonospora echinospora (Micromonospora purpurea)
GA0070618_5580,A0A1C4ZPN0,Uncharacterized protein,,29455,Micromonospora echinospora (Micromonospora purpurea)
GA0070618_5581,A0A1C4ZQD0,WD40 repeat domain-containing protein,,37883,Micromonospora echinospora (Micromonospora purpurea)
GA0070618_5582,A0A1C4ZPX2,"Outer membrane protein assembly factor BamB, contains PQQ-like beta-propeller repeat",,84935,Micromonospora echinospora (Micromonospora purpurea)
GA0070618_5583,A0A1C4ZQF8,Uncharacterized protein,,9904,Micromonospora echinospora (Micromonospora purpurea)
GA0070618_5584,A0A1C4ZPV0,tRNA 2-thiouridine synthesizing protein A,,9455,Micromonospora echinospora (Micromonospora purpurea)
GA0070618_5585,A0A1C4ZQ58,Uncharacterized protein,,12401,Micromonospora echinospora (Micromonospora purpurea)
GA0070618_5586,A0A1C4ZPP8,"Serine protease, subtilisin family",,54336,Micromonospora echinospora (Micromonospora purpurea)
GA0070618_5587,A0A1C4ZQH8,Helix-turn-helix domain-containing protein,,32916,Micromonospora echinospora (Micromonospora purpurea)
GA0070618_5588,A0A1C4ZQJ5,DUF397 domain-containing protein,,6938,Micromonospora echinospora (Micromonospora purpurea)
GA0070618_5590,A0A1C4ZQK5,Uncharacterized protein,,5828,Micromonospora echinospora (Micromonospora purpurea)
GA0070618_5591,A0A1C4ZQP1,Uncharacterized protein,,29287,Micromonospora echinospora (Micromonospora purpurea)
GA0070618_5592,A0A1C4ZQ39,Predicted ATPase,,104280,Micromonospora echinospora (Micromonospora purpurea)
GA0070618_5593,A0A1C4ZQ62,AAA ATPase domain-containing protein,,69579,Micromonospora echinospora (Micromonospora purpurea)
GA0070618_5594,A0A1C4ZQ27,FAD dependent oxidoreductase,,59122,Micromonospora echinospora (Micromonospora purpurea)
GA0070618_5595,A0A1C4ZQ57,GntR family transcriptional regulator,,26049,Micromonospora echinospora (Micromonospora purpurea)
GA0070618_5596,A0A1C4ZQ80,N-acylglucosamine-6-phosphate 2-epimerase (EC 5.1.3.9),5.1.3.9,23123,Micromonospora echinospora (Micromonospora purpurea)
GA0070618_5597,A0A1C4ZQE4,BadF-type ATPase,,32358,Micromonospora echinospora (Micromonospora purpurea)
GA0070618_5598,A0A1C4ZQQ8,Oligopeptide transport system ATP-binding protein,,37179,Micromonospora echinospora (Micromonospora purpurea)
GA0070618_5599,A0A1C4ZQ23,Oligopeptide transport system ATP-binding protein,,36675,Micromonospora echinospora (Micromonospora purpurea)
GA0070618_5600,A0A1C4ZPZ5,Peptide/nickel transport system substrate-binding protein,,54492,Micromonospora echinospora (Micromonospora purpurea)
GA0070618_5601,A0A1C4ZQ66,Peptide/nickel transport system permease protein,,32053,Micromonospora echinospora (Micromonospora purpurea)
GA0070618_5602,A0A1C4ZQA1,Peptide/nickel transport system permease protein,,32531,Micromonospora echinospora (Micromonospora purpurea)
GA0070618_5603,A0A1C4ZQB7,Predicted dehydrogenase,,35622,Micromonospora echinospora (Micromonospora purpurea)
GA0070618_5604,A0A1C4ZQ85,Dienelactone hydrolase,,19503,Micromonospora echinospora (Micromonospora purpurea)
GA0070618_5605,A0A1C4ZQY9,NADPH2:quinone reductase,,32863,Micromonospora echinospora (Micromonospora purpurea)
GA0070618_5606,A0A1C4ZQJ7,Uncharacterized protein,,16052,Micromonospora echinospora (Micromonospora purpurea)
GA0070618_5607,A0A1C4ZQ54,Fluoride-specific ion channel FluC,,15992,Micromonospora echinospora (Micromonospora purpurea)
GA0070618_5608,A0A1C4ZQG1,Fluoride-specific ion channel FluC,,12268,Micromonospora echinospora (Micromonospora purpurea)
GA0070618_5609,A0A1C4ZQC5,Alpha/beta hydrolase family protein,,20908,Micromonospora echinospora (Micromonospora purpurea)
GA0070618_5610,A0A1C4ZR29,GNAT family N-acetyltransferase,,22871,Micromonospora echinospora (Micromonospora purpurea)
GA0070618_5611,A0A1C4ZQC1,Gluconate 5-dehydrogenase,,29540,Micromonospora echinospora (Micromonospora purpurea)
GA0070618_5612,A0A1C4ZQI2,Amidohydrolase-related domain-containing protein,,31087,Micromonospora echinospora (Micromonospora purpurea)
GA0070618_5613,A0A1C4ZR16,Galactonate dehydratase,,43283,Micromonospora echinospora (Micromonospora purpurea)
GA0070618_5614,A0A1C4ZQU3,"Glutamate-1-semialdehyde 2,1-aminomutase",,49084,Micromonospora echinospora (Micromonospora purpurea)
GA0070618_5615,A0A1C4ZQK4,"Transcriptional regulator, IclR family",,28998,Micromonospora echinospora (Micromonospora purpurea)
GA0070618_5616,A0A1C4ZQI0,Peptidase C14,,74925,Micromonospora echinospora (Micromonospora purpurea)
GA0070618_5617,A0A1C4ZQG0,Peptidase C14,,77572,Micromonospora echinospora (Micromonospora purpurea)
GA0070618_5618,A0A1C4ZQD7,"Oxidoreductase family, C-terminal alpha/beta domain",,45498,Micromonospora echinospora (Micromonospora purpurea)
GA0070618_5619,A0A1C4ZQP0,Multiple sugar transport system substrate-binding protein,,43855,Micromonospora echinospora (Micromonospora purpurea)
GA0070618_5620,A0A1C4ZRA2,"Carbohydrate ABC transporter membrane protein 1, CUT1 family",,33299,Micromonospora echinospora (Micromonospora purpurea)
GA0070618_5621,A0A1C4ZQN9,"Carbohydrate ABC transporter membrane protein 2, CUT1 family",,32736,Micromonospora echinospora (Micromonospora purpurea)
GA0070618_5622,A0A1C4ZQZ2,Nucleoside-diphosphate-sugar epimerase,,35602,Micromonospora echinospora (Micromonospora purpurea)
GA0070618_5623,A0A1C4ZQQ0,Dihydrodipicolinate synthase/N-acetylneuraminate lyase,,35194,Micromonospora echinospora (Micromonospora purpurea)
GA0070618_5624,A0A1C4ZQS0,Phosphoglycerate dehydrogenase,,36245,Micromonospora echinospora (Micromonospora purpurea)
GA0070618_5625,A0A1C4ZQP4,"2-keto-4-pentenoate hydratase/2-oxohepta-3-ene-1,7-dioic acid hydratase (Catechol pathway)",,30017,Micromonospora echinospora (Micromonospora purpurea)
GA0070618_5626,A0A1C4ZQY8,Predicted N-acetyltransferase YhbS,,32998,Micromonospora echinospora (Micromonospora purpurea)
GA0070618_5627,A0A1C4ZQU1,Sugar lactone lactonase YvrE,,30043,Micromonospora echinospora (Micromonospora purpurea)
GA0070618_5628,A0A1C4ZQN3,S-formylglutathione hydrolase FrmB,,29578,Micromonospora echinospora (Micromonospora purpurea)
GA0070618_5629,A0A1C4ZRF6,"Flavin-dependent oxidoreductase, luciferase family (Includes alkanesulfonate monooxygenase SsuD and methylene tetrahydromethanopterin reductase)",,31850,Micromonospora echinospora (Micromonospora purpurea)
GA0070618_5630,A0A1C4ZQU8,Methylamine utilisation protein MauE domain-containing protein,,30158,Micromonospora echinospora (Micromonospora purpurea)
GA0070618_5631,A0A1C4ZQX2,Cell wall protein,,20662,Micromonospora echinospora (Micromonospora purpurea)
GA0070618_5632,A0A1C4ZRH4,Rare lipoprotein A (RlpA)-like double-psi beta-barrel,,14299,Micromonospora echinospora (Micromonospora purpurea)
GA0070618_5633,A0A1C4ZRF3,"Transcriptional regulator, LacI family",,36859,Micromonospora echinospora (Micromonospora purpurea)
GA0070618_5634,A0A1C4ZQU9,"Carbohydrate ABC transporter membrane protein 2, CUT1 family",,29877,Micromonospora echinospora (Micromonospora purpurea)
GA0070618_5635,A0A1C4ZQS8,Raffinose/stachyose/melibiose transport system permease protein,,36198,Micromonospora echinospora (Micromonospora purpurea)
GA0070618_5636,A0A1C4ZRH2,Raffinose/stachyose/melibiose transport system substrate-binding protein,,44883,Micromonospora echinospora (Micromonospora purpurea)
GA0070618_5638,A0A1C4ZRI3,"Peptidoglycan/xylan/chitin deacetylase, PgdA/CDA1 family",,23655,Micromonospora echinospora (Micromonospora purpurea)
GA0070618_5639,A0A1C4ZQU7,"Two component transcriptional regulator, LuxR family",,23585,Micromonospora echinospora (Micromonospora purpurea)
GA0070618_5640,A0A1C4ZQS5,Signal transduction histidine kinase,,40014,Micromonospora echinospora (Micromonospora purpurea)
GA0070618_5641,A0A1C4ZRJ7,"Membrane protein DedA, SNARE-associated domain",,30380,Micromonospora echinospora (Micromonospora purpurea)
GA0070618_5642,A0A1C4ZRN5,DUF2804 domain-containing protein,,36188,Micromonospora echinospora (Micromonospora purpurea)
GA0070618_5643,A0A1C4ZR34,Phage r1t holin,,9843,Micromonospora echinospora (Micromonospora purpurea)
GA0070618_5644,A0A1C4ZR45,Carbohydrate binding module (Family 35),,46230,Micromonospora echinospora (Micromonospora purpurea)
GA0070618_5645,A0A1C4ZRD2,Condensation domain-containing protein,,58743,Micromonospora echinospora (Micromonospora purpurea)
GA0070618_5646,A0A1C4ZRB8,Amino acid adenylation domain-containing protein/natural product biosynthesis luciferase-like monooxygenase domain-containing protein,,478436,Micromonospora echinospora (Micromonospora purpurea)
GA0070618_5647,A0A1C4ZRE1,"Predicted arabinose efflux permease, MFS family",,45386,Micromonospora echinospora (Micromonospora purpurea)
GA0070618_5648,A0A1C4ZR63,SH3 domain-containing protein,,12143,Micromonospora echinospora (Micromonospora purpurea)
GA0070618_5649,A0A1C4ZRF2,Helix-turn-helix domain-containing protein,,27952,Micromonospora echinospora (Micromonospora purpurea)
GA0070618_5650,A0A1C4ZQY5,Glycosyl transferase family 2,,35301,Micromonospora echinospora (Micromonospora purpurea)
GA0070618_5651,A0A1C4ZRG7,"Alpha-1,2-mannosyltransferase",,43031,Micromonospora echinospora (Micromonospora purpurea)
GA0070618_5653,A0A1C4ZR83,Glycosyl transferase family 2,,38432,Micromonospora echinospora (Micromonospora purpurea)
GA0070618_5654,A0A1C4ZRH6,Lysylphosphatidylglycerol synthase-like protein,,35551,Micromonospora echinospora (Micromonospora purpurea)
GA0070618_5655,A0A1C4ZR10,Putrescine aminotransferase,,52581,Micromonospora echinospora (Micromonospora purpurea)
GA0070618_5656,A0A1C4ZRI2,Nucleoside-diphosphate-sugar epimerase,,37664,Micromonospora echinospora (Micromonospora purpurea)
GA0070618_5657,A0A1C4ZR20,4-hydroxybenzoate polyprenyltransferase,,34515,Micromonospora echinospora (Micromonospora purpurea)
GA0070618_5658,A0A1C4ZR84,"Metal-dependent hydrolase, endonuclease/exonuclease/phosphatase family",,42857,Micromonospora echinospora (Micromonospora purpurea)
GA0070618_5659,A0A1C4ZRB2,Glycosyltransferase involved in cell wall bisynthesis,,42028,Micromonospora echinospora (Micromonospora purpurea)
GA0070618_5660,A0A1C4ZRC5,Uncharacterized protein,,10686,Micromonospora echinospora (Micromonospora purpurea)
GA0070618_5661,A0A1C4ZRX9,DUF4350 domain-containing protein,,48984,Micromonospora echinospora (Micromonospora purpurea)
GA0070618_5662,A0A1C4ZRD4,DUF5129 domain-containing protein,,38885,Micromonospora echinospora (Micromonospora purpurea)
GA0070618_5663,A0A1C4ZRV9,carbonic anhydrase (EC 4.2.1.1),4.2.1.1,24695,Micromonospora echinospora (Micromonospora purpurea)
GA0070618_5664,A0A1C4ZS06,NAD(P)H dehydrogenase (Quinone),,28277,Micromonospora echinospora (Micromonospora purpurea)
GA0070618_5665,A0A1C4ZRN8,Ricin-type beta-trefoil lectin domain-like,,56252,Micromonospora echinospora (Micromonospora purpurea)
GA0070618_5666,A0A1C4ZRN2,cellulase (EC 3.2.1.4),3.2.1.4,74180,Micromonospora echinospora (Micromonospora purpurea)
GA0070618_5667,A0A1C4ZR89,Uncharacterized protein,,30615,Micromonospora echinospora (Micromonospora purpurea)
GA0070618_5668,A0A1C4ZR99,Lipoprotein,,30665,Micromonospora echinospora (Micromonospora purpurea)
GA0070618_5669,A0A1C4ZRG9,Permease of the drug/metabolite transporter (DMT) superfamily,,35173,Micromonospora echinospora (Micromonospora purpurea)
GA0070618_5670,A0A1C4ZRE2,AraC-type DNA-binding protein,,33365,Micromonospora echinospora (Micromonospora purpurea)
GA0070618_5671,A0A1C4ZRK9,Multidrug efflux pump Tap,,47752,Micromonospora echinospora (Micromonospora purpurea)
GA0070618_5672,A0A1C4ZRM3,Thioesterase domain-containing protein,,28957,Micromonospora echinospora (Micromonospora purpurea)
GA0070618_5673,A0A1C4ZRK5,Amino acid adenylation domain-containing protein,,116830,Micromonospora echinospora (Micromonospora purpurea)
GA0070618_5674,A0A1C4ZRV1,Succinyldiaminopimelate aminotransferase apoenzyme,,42014,Micromonospora echinospora (Micromonospora purpurea)
GA0070618_5675,A0A1C4ZS38,DUF2000 family protein,,16307,Micromonospora echinospora (Micromonospora purpurea)
GA0070618_5676,A0A1C4ZRP8,"Radical SAM P-methyltransferase, PhpK family",,60182,Micromonospora echinospora (Micromonospora purpurea)
GA0070618_5677,A0A1C4ZRQ7,Surfactin synthase thioesterase subunit,,27876,Micromonospora echinospora (Micromonospora purpurea)
GA0070618_5678,A0A1C4ZSB7,Amino acid adenylation domain-containing protein,,114190,Micromonospora echinospora (Micromonospora purpurea)
GA0070618_5679,A0A1C4ZRQ2,Acyl-CoA thioesterase,,28898,Micromonospora echinospora (Micromonospora purpurea)
GA0070618_5680,A0A1C4ZRY7,Putative NAD(P)H nitroreductase (EC 1.-.-.-),1.-.-.-,21380,Micromonospora echinospora (Micromonospora purpurea)
GA0070618_5681,A0A1C4ZSF0,"Microcystin degradation protein MlrC, contains DUF1485 domain",,51820,Micromonospora echinospora (Micromonospora purpurea)
GA0070618_5682,A0A1C4ZS34,Putative 4-hydroxy-4-methyl-2-oxoglutarate aldolase (EC 4.1.1.112) (EC 4.1.3.17) (Oxaloacetate decarboxylase) (Regulator of ribonuclease activity homolog) (RraA-like protein),4.1.1.112; 4.1.3.17,23636,Micromonospora echinospora (Micromonospora purpurea)
GA0070618_5683,A0A1C4ZSA3,o-succinylbenzoate synthase (EC 4.2.1.113),4.2.1.113,41007,Micromonospora echinospora (Micromonospora purpurea)
GA0070618_5684,A0A1C4ZRY2,Circularly permuted ATP-grasp superfamily protein,,52514,Micromonospora echinospora (Micromonospora purpurea)
GA0070618_5685,A0A1C4ZSI1,Branched-chain amino acid aminotransferase,,33312,Micromonospora echinospora (Micromonospora purpurea)
GA0070618_5686,A0A1C4ZRR5,Pyrroloquinoline-quinone synthase,,29242,Micromonospora echinospora (Micromonospora purpurea)
GA0070618_5687,A0A1C4ZS60,4-hydroxy 2-oxovalerate aldolase,,32870,Micromonospora echinospora (Micromonospora purpurea)
GA0070618_5688,A0A1C4ZS04,"Transcriptional regulator, AraC family",,31254,Micromonospora echinospora (Micromonospora purpurea)
GA0070618_5689,A0A1C4ZS18,"Glycogen debranching enzyme (Alpha-1,6-glucosidase)",,91474,Micromonospora echinospora (Micromonospora purpurea)
GA0070618_5690,A0A1C4ZSN1,Pimeloyl-ACP methyl ester carboxylesterase,,28060,Micromonospora echinospora (Micromonospora purpurea)
GA0070618_5691,A0A1C4ZS85,AraC-type DNA-binding protein,,33746,Micromonospora echinospora (Micromonospora purpurea)
GA0070618_5692,A0A1C4ZS28,Cupin domain-containing protein,,11617,Micromonospora echinospora (Micromonospora purpurea)
GA0070618_5693,A0A1C4ZRU3,3-hydroxyisobutyrate dehydrogenase,,30047,Micromonospora echinospora (Micromonospora purpurea)
GA0070618_5694,A0A1C4ZSH6,VOC domain-containing protein,,24468,Micromonospora echinospora (Micromonospora purpurea)
GA0070618_5695,A0A1C4ZS63,Diguanylate cyclase (GGDEF) domain-containing protein,,74174,Micromonospora echinospora (Micromonospora purpurea)
GA0070618_5696,A0A1C4ZRZ2,Streptogrisin D,,35104,Micromonospora echinospora (Micromonospora purpurea)
GA0070618_5697,A0A1C4ZSK0,Nucleoside-diphosphate-sugar epimerase,,31553,Micromonospora echinospora (Micromonospora purpurea)
GA0070618_5698,A0A1C4ZSQ7,Cytochrome P450,,39548,Micromonospora echinospora (Micromonospora purpurea)
GA0070618_5699,A0A1C4ZSD4,Acyl-CoA synthetase (AMP-forming)/AMP-acid ligase II,,51816,Micromonospora echinospora (Micromonospora purpurea)
GA0070618_5700,A0A1C4ZSG3,Glycosyl transferase family 2,,26678,Micromonospora echinospora (Micromonospora purpurea)
GA0070618_5701,A0A1C4ZSM4,3-oxoacyl-[acyl-carrier-protein] synthase-3,,36583,Micromonospora echinospora (Micromonospora purpurea)
GA0070618_5702,A0A1C4ZSV5,LasA protease,,39954,Micromonospora echinospora (Micromonospora purpurea)
GA0070618_5703,A0A1C4ZSI3,Thioredoxin domain-containing protein,,19528,Micromonospora echinospora (Micromonospora purpurea)
GA0070618_5704,A0A1C4ZSD7,Methylamine utilisation protein MauE domain-containing protein,,17751,Micromonospora echinospora (Micromonospora purpurea)
GA0070618_5705,A0A1C4ZSS0,Transglutaminase-like superfamily protein,,15922,Micromonospora echinospora (Micromonospora purpurea)
GA0070618_5706,A0A1C4ZSE1,Coenzyme PQQ synthesis protein D (PqqD),,9065,Micromonospora echinospora (Micromonospora purpurea)
GA0070618_5707,A0A1C4ZSA8,Asparagine synthase (Glutamine-hydrolysing),,64799,Micromonospora echinospora (Micromonospora purpurea)
GA0070618_5708,A0A1C4ZT02,Lasso RiPP family leader peptide-containing protein,,4854,Micromonospora echinospora (Micromonospora purpurea)
GA0070618_5709,A0A1C4ZT09,Arylsulfatase A,,61628,Micromonospora echinospora (Micromonospora purpurea)
GA0070618_5710,A0A1C4ZSN5,"Formylglycine-generating enzyme, required for sulfatase activity, contains SUMF1/FGE domain",,36320,Micromonospora echinospora (Micromonospora purpurea)
GA0070618_5711,A0A1C4ZSK3,Arylsulfatase A,,72049,Micromonospora echinospora (Micromonospora purpurea)
GA0070618_5712,A0A1C4ZSJ0,Methyltransferase domain-containing protein,,30163,Micromonospora echinospora (Micromonospora purpurea)
GA0070618_5713,A0A1C4ZSQ3,Histidinol-phosphate aminotransferase (EC 2.6.1.9) (Imidazole acetol-phosphate transaminase),2.6.1.9,37593,Micromonospora echinospora (Micromonospora purpurea)
GA0070618_5714,A0A1C4ZSZ4,"Predicted arabinose efflux permease, MFS family",,45851,Micromonospora echinospora (Micromonospora purpurea)
GA0070618_5715,A0A1C4ZSP9,"DNA-binding response regulator, NarL/FixJ family, contains REC and HTH domains",,24877,Micromonospora echinospora (Micromonospora purpurea)
GA0070618_5716,A0A1C4ZSF7,Histidine ammonia-lyase,,57923,Micromonospora echinospora (Micromonospora purpurea)
GA0070618_5717,A0A1C4ZSV1,4-hydroxyphenylacetate 3-monooxygenase,,56569,Micromonospora echinospora (Micromonospora purpurea)
GA0070618_5718,A0A1C4ZSW1,"Catechol 1,2-dioxygenase",,27483,Micromonospora echinospora (Micromonospora purpurea)
GA0070618_5719,A0A1C4ZSI0,"NADH-FMN oxidoreductase RutF, flavin reductase (DIM6/NTAB) family",,19474,Micromonospora echinospora (Micromonospora purpurea)
GA0070618_5720,A0A1C4ZT35,Pyrrole-2-carboxylic acid decarboxylase (P2C decarboxylase) (EC 4.1.1.93),4.1.1.93,53202,Micromonospora echinospora (Micromonospora purpurea)
GA0070618_5721,A0A1C4ZSS7,"DNA-binding transcriptional regulator, LysR family",,34078,Micromonospora echinospora (Micromonospora purpurea)
GA0070618_5722,A0A1C4ZSP0,3-oxoacyl-[acyl-carrier-protein] synthase-3,,37436,Micromonospora echinospora (Micromonospora purpurea)
GA0070618_5723,A0A1C4ZSU9,MbtH protein,,6452,Micromonospora echinospora (Micromonospora purpurea)
GA0070618_5724,A0A1C4ZTC5,3-hydroxybutyryl-CoA dehydrogenase,,31754,Micromonospora echinospora (Micromonospora purpurea)
GA0070618_5725,A0A1C4ZT17,Amino acid adenylation domain-containing protein,,220504,Micromonospora echinospora (Micromonospora purpurea)
GA0070618_5726,A0A1C4ZSX8,Amino acid adenylation domain-containing protein,,115521,Micromonospora echinospora (Micromonospora purpurea)
GA0070618_5727,A0A1C4ZSX1,Amino acid adenylation domain-containing protein,,133156,Micromonospora echinospora (Micromonospora purpurea)
GA0070618_5728,A0A1C4ZTG1,"HAD-superfamily phosphatase, subfamily IIIC/FkbH-like domain-containing protein",,39940,Micromonospora echinospora (Micromonospora purpurea)
GA0070618_5729,A0A1C4ZTH1,3-oxoacyl-[acyl-carrier-protein] synthase-3,,35612,Micromonospora echinospora (Micromonospora purpurea)
GA0070618_5730,A0A1C4ZT56,Acyl-CoA dehydrogenase,,40509,Micromonospora echinospora (Micromonospora purpurea)
GA0070618_5731,A0A1C4ZT14,Phosphopantetheine attachment site,,11250,Micromonospora echinospora (Micromonospora purpurea)
GA0070618_5732,A0A1C4ZT44,Methyltransferase domain-containing protein,,35270,Micromonospora echinospora (Micromonospora purpurea)
GA0070618_5733,A0A1C4ZTK0,2-keto-4-pentenoate hydratase,,24266,Micromonospora echinospora (Micromonospora purpurea)
GA0070618_5734,A0A1C4ZSY7,4-oxalocrotonate tautomerase,,6559,Micromonospora echinospora (Micromonospora purpurea)
GA0070618_5735,A0A1C4ZT93,Surfactin synthase thioesterase subunit,,29003,Micromonospora echinospora (Micromonospora purpurea)
GA0070618_5736,A0A1C4ZSX7,Aminomuconate-semialdehyde/2-hydroxymuconate-6-semialdehyde dehydrogenase,,50364,Micromonospora echinospora (Micromonospora purpurea)
GA0070618_5737,A0A1C4ZT77,"Glycogen debranching enzyme (Alpha-1,6-glucosidase)",,65954,Micromonospora echinospora (Micromonospora purpurea)
GA0070618_5738,A0A1C4ZT24,Trehalase,,46913,Micromonospora echinospora (Micromonospora purpurea)
GA0070618_5739,A0A1C4ZT60,Sugar phosphate isomerase/epimerase,,31031,Micromonospora echinospora (Micromonospora purpurea)
GA0070618_5740,A0A1C4ZTA0,2-desacetyl-2-hydroxyethyl bacteriochlorophyllide A dehydrogenase,,36456,Micromonospora echinospora (Micromonospora purpurea)
GA0070618_5741,A0A1C4ZT86,"Carbohydrate ABC transporter substrate-binding protein, CUT1 family",,48871,Micromonospora echinospora (Micromonospora purpurea)
GA0070618_5742,A0A1C4ZTE3,"Carbohydrate ABC transporter membrane protein 1, CUT1 family",,36174,Micromonospora echinospora (Micromonospora purpurea)
GA0070618_5743,A0A1C4ZTB6,"Carbohydrate ABC transporter membrane protein 2, CUT1 family",,31369,Micromonospora echinospora (Micromonospora purpurea)
GA0070618_5744,A0A1C4ZTK6,"Sugar kinase of the NBD/HSP70 family, may contain an N-terminal HTH domain",,41380,Micromonospora echinospora (Micromonospora purpurea)
GA0070618_5745,A0A1C4ZTB1,Predicted dehydrogenase,,30555,Micromonospora echinospora (Micromonospora purpurea)
GA0070618_5746,A0A1C4ZTB7,Uncharacterized protein,,32393,Micromonospora echinospora (Micromonospora purpurea)
GA0070618_5747,A0A1C4ZTI2,Peptide/nickel transport system ATP-binding protein,,24490,Micromonospora echinospora (Micromonospora purpurea)
GA0070618_5748,A0A1C4ZTC7,Peptide/nickel transport system ATP-binding protein,,35176,Micromonospora echinospora (Micromonospora purpurea)
GA0070618_5749,A0A1C4ZTX3,Peptide/nickel transport system permease protein,,30872,Micromonospora echinospora (Micromonospora purpurea)
GA0070618_5750,A0A1C4ZTF0,Peptide/nickel transport system permease protein,,35526,Micromonospora echinospora (Micromonospora purpurea)
GA0070618_5751,A0A1C4ZTX8,Peptide/nickel transport system substrate-binding protein,,55661,Micromonospora echinospora (Micromonospora purpurea)
GA0070618_5752,A0A1C4ZTF3,Cobalt transport protein CbiM (Energy-coupling factor transporter probable substrate-capture protein CbiM) (ECF transporter S component CbiM),,23301,Micromonospora echinospora (Micromonospora purpurea)
GA0070618_5753,A0A1C4ZT96,Cobalt transport protein CbiN (Energy-coupling factor transporter probable substrate-capture protein CbiN) (ECF transporter S component CbiN),,11168,Micromonospora echinospora (Micromonospora purpurea)
GA0070618_5754,A0A1C4ZU15,Cobalt/nickel transport system permease protein,,25767,Micromonospora echinospora (Micromonospora purpurea)
GA0070618_5755,A0A1C4ZTI8,ABC transporter ATP-binding protein,,29716,Micromonospora echinospora (Micromonospora purpurea)
GA0070618_5756,A0A1C4ZTI0,Precorrin-6A/cobalt-precorrin-6A reductase,,28751,Micromonospora echinospora (Micromonospora purpurea)
GA0070618_5757,A0A1C4ZTU8,Uncharacterized protein,,6798,Micromonospora echinospora (Micromonospora purpurea)
GA0070618_5758,A0A1C4ZTL3,Uncharacterized protein,,10655,Micromonospora echinospora (Micromonospora purpurea)
GA0070618_5759,A0A1C4ZTK1,Uncharacterized protein,,14078,Micromonospora echinospora (Micromonospora purpurea)
GA0070618_5760,A0A1C4ZTN9,Ribosomal protein S18 acetylase RimI,,17922,Micromonospora echinospora (Micromonospora purpurea)
GA0070618_5761,A0A1C4ZTN3,Uncharacterized protein,,17186,Micromonospora echinospora (Micromonospora purpurea)
GA0070618_5763,A0A1C4ZTZ6,Pyridoxamine 5'-phosphate oxidase,,19674,Micromonospora echinospora (Micromonospora purpurea)
GA0070618_5765,A0A1C4ZTR5,Precorrin-2 C20-methyltransferase / precorrin-3B C17-methyltransferase,,53745,Micromonospora echinospora (Micromonospora purpurea)
GA0070618_5766,A0A1C4ZTR4,Precorrin-8X methylmutase,,21787,Micromonospora echinospora (Micromonospora purpurea)
GA0070618_5767,A0A1C4ZTR8,Precorrin-3B synthase,,40917,Micromonospora echinospora (Micromonospora purpurea)
GA0070618_5768,A0A1C4ZU20,Cobaltochelatase CobN subunit,,131338,Micromonospora echinospora (Micromonospora purpurea)
GA0070618_5769,A0A1C4ZTR2,SH3 domain-containing protein,,10335,Micromonospora echinospora (Micromonospora purpurea)
GA0070618_5770,A0A1C4ZTU0,SH3 domain-containing protein,,10683,Micromonospora echinospora (Micromonospora purpurea)
GA0070618_5771,A0A1C4ZTS9,"Sugar kinase of the NBD/HSP70 family, may contain an N-terminal HTH domain",,42884,Micromonospora echinospora (Micromonospora purpurea)
GA0070618_5772,A0A1C4ZU48,Glucosylceramidase,,70359,Micromonospora echinospora (Micromonospora purpurea)
GA0070618_5773,A0A1C4ZUE4,DUF2786 domain-containing protein,,43799,Micromonospora echinospora (Micromonospora purpurea)
GA0070618_5774,A0A1C4ZTU6,"Drug resistance transporter, EmrB/QacA subfamily",,55191,Micromonospora echinospora (Micromonospora purpurea)
GA0070618_5775,A0A1C4ZTX7,"Transcriptional regulator, TetR family",,22133,Micromonospora echinospora (Micromonospora purpurea)
GA0070618_5776,A0A1C4ZTX4,S-adenosyl methyltransferase,,29804,Micromonospora echinospora (Micromonospora purpurea)
GA0070618_5777,A0A1C4ZUH9,SWIM zinc finger,,101423,Micromonospora echinospora (Micromonospora purpurea)
GA0070618_5778,A0A1C4ZTX5,AAA domain (Dynein-related subfamily),,38181,Micromonospora echinospora (Micromonospora purpurea)
GA0070618_5779,A0A1C4ZU21,Uncharacterized protein,,82609,Micromonospora echinospora (Micromonospora purpurea)
GA0070618_5780,A0A1C4ZTW8,VWA domain containing CoxE-like protein,,43687,Micromonospora echinospora (Micromonospora purpurea)
GA0070618_5781,A0A1C4ZU29,Uncharacterized protein,,30210,Micromonospora echinospora (Micromonospora purpurea)
GA0070618_5782,A0A1C4ZUK2,Type II toxin-antitoxin system Phd/YefM family antitoxin,,14749,Micromonospora echinospora (Micromonospora purpurea)
GA0070618_5783,A0A1C4ZU93,Glutamate synthase domain-containing protein 2,,54633,Micromonospora echinospora (Micromonospora purpurea)
GA0070618_5784,A0A1C4ZU02,Peptidase family M28,,34623,Micromonospora echinospora (Micromonospora purpurea)
GA0070618_5785,A0A1C4ZU75,"MEDS: MEthanogen/methylotroph, DcmR Sensory domain",,32231,Micromonospora echinospora (Micromonospora purpurea)
GA0070618_5786,A0A1C4ZU62,non-specific serine/threonine protein kinase (EC 2.7.11.1),2.7.11.1,34467,Micromonospora echinospora (Micromonospora purpurea)
GA0070618_5787,A0A1C4ZUE3,Iron complex transport system substrate-binding protein,,30514,Micromonospora echinospora (Micromonospora purpurea)
GA0070618_5788,A0A1C4ZUQ9,Ribokinase (RK) (EC 2.7.1.15),2.7.1.15,30847,Micromonospora echinospora (Micromonospora purpurea)
GA0070618_5789,A0A1C4ZU42,"Monosaccharide ABC transporter membrane protein, CUT2 family",,34978,Micromonospora echinospora (Micromonospora purpurea)
GA0070618_5790,A0A1C4ZUD8,"Monosaccharide ABC transporter substrate-binding protein, CUT2 family",,35030,Micromonospora echinospora (Micromonospora purpurea)
GA0070618_5791,A0A1C4ZUH1,"Monosaccharide ABC transporter ATP-binding protein, CUT2 family",,55187,Micromonospora echinospora (Micromonospora purpurea)
GA0070618_5792,A0A1C4ZUB9,D-ribose pyranase (EC 5.4.99.62),5.4.99.62,16415,Micromonospora echinospora (Micromonospora purpurea)
GA0070618_5793,A0A1C4ZUT9,deoxyribose-phosphate aldolase (EC 4.1.2.4),4.1.2.4,24080,Micromonospora echinospora (Micromonospora purpurea)
GA0070618_5794,A0A1C4ZU63,"Transcriptional regulator, GntR family",,28209,Micromonospora echinospora (Micromonospora purpurea)
GA0070618_5795,A0A1C4ZUE5,Integral membrane protein,,14061,Micromonospora echinospora (Micromonospora purpurea)
GA0070618_5796,A0A1C4ZU95,ATP-dependent RecD2 DNA helicase (EC 5.6.2.3) (DNA 5'-3' helicase subunit RecD2),5.6.2.3,79542,Micromonospora echinospora (Micromonospora purpurea)
GA0070618_5797,A0A1C4ZUE0,"DNA-binding transcriptional regulator, MarR family",,17436,Micromonospora echinospora (Micromonospora purpurea)
GA0070618_5798,A0A1C4ZU92,Polyisoprenoid-binding protein YceI,,20125,Micromonospora echinospora (Micromonospora purpurea)
GA0070618_5799,A0A1C4ZUY7,Pirin N-terminal domain-containing protein,,27792,Micromonospora echinospora (Micromonospora purpurea)
GA0070618_5800,A0A1C4ZUC6,Nitroreductase,,21170,Micromonospora echinospora (Micromonospora purpurea)
GA0070618_5801,A0A1C4ZUJ2,Probable RNA 2'-phosphotransferase (EC 2.7.1.-),2.7.1.-,17851,Micromonospora echinospora (Micromonospora purpurea)
GA0070618_5803,A0A1C4ZUK5,Uridine kinase,,25260,Micromonospora echinospora (Micromonospora purpurea)
GA0070618_5804,A0A1C4ZUJ8,Methylenetetrahydrofolate reductase,,34208,Micromonospora echinospora (Micromonospora purpurea)
GA0070618_5805,A0A1C4ZUN4,O-methyltransferase,,38501,Micromonospora echinospora (Micromonospora purpurea)
GA0070618_5806,A0A1C4ZUL8,Threonine kinase,,34546,Micromonospora echinospora (Micromonospora purpurea)
GA0070618_5807,A0A1C4ZUN8,Uncharacterized protein,,16821,Micromonospora echinospora (Micromonospora purpurea)
GA0070618_5808,A0A1C4ZV58,Cholesterol esterase,,21954,Micromonospora echinospora (Micromonospora purpurea)
GA0070618_5809,A0A1C4ZUI8,Tat pathway signal sequence domain protein,,21433,Micromonospora echinospora (Micromonospora purpurea)
GA0070618_5810,A0A1C4ZUQ7,"Transcriptional regulator, HxlR family",,15220,Micromonospora echinospora (Micromonospora purpurea)
GA0070618_5811,A0A1C4ZUI6,Uncharacterized protein,,39541,Micromonospora echinospora (Micromonospora purpurea)
GA0070618_5812,A0A1C4ZUJ4,O-antigen ligase,,45682,Micromonospora echinospora (Micromonospora purpurea)
GA0070618_5813,A0A1C4ZUK3,Membrane protein involved in the export of O-antigen and teichoic acid,,44239,Micromonospora echinospora (Micromonospora purpurea)
GA0070618_5814,A0A1C4ZUL1,Glycosyl transferases group 1,,46690,Micromonospora echinospora (Micromonospora purpurea)
GA0070618_5815,A0A1C4ZUV4,Glycosyltransferase involved in cell wall bisynthesis,,41320,Micromonospora echinospora (Micromonospora purpurea)
GA0070618_5816,A0A1C4ZUV6,Glycosyltransferase involved in cell wall bisynthesis,,41114,Micromonospora echinospora (Micromonospora purpurea)
GA0070618_5817,A0A1C4ZV20,Glycosyltransferase involved in cell wall bisynthesis,,43605,Micromonospora echinospora (Micromonospora purpurea)
GA0070618_5818,A0A1C4ZUY0,"Uncharacterized conserved protein, DUF1800 family",,46126,Micromonospora echinospora (Micromonospora purpurea)
GA0070618_5819,A0A1C4ZUY9,"Uncharacterized conserved protein, DUF1501 family",,43067,Micromonospora echinospora (Micromonospora purpurea)
GA0070618_5820,A0A1C4ZUT3,"Transcriptional attenuator, LytR family",,32470,Micromonospora echinospora (Micromonospora purpurea)
GA0070618_5821,A0A1C4ZV09,Uncharacterized protein,,17285,Micromonospora echinospora (Micromonospora purpurea)
GA0070618_5822,A0A1C4ZV05,RHS repeat-associated core domain-containing protein,,159090,Micromonospora echinospora (Micromonospora purpurea)
GA0070618_5823,A0A1C4ZVF3,WXG100 family type VII secretion target,,10429,Micromonospora echinospora (Micromonospora purpurea)
GA0070618_5824,A0A1C4ZV15,Early secretory antigenic target ESAT-6,,12114,Micromonospora echinospora (Micromonospora purpurea)
GA0070618_5825,A0A1C4ZVA3,MinD-like ATPase involved in chromosome partitioning or flagellar assembly,,31130,Micromonospora echinospora (Micromonospora purpurea)
GA0070618_5826,A0A1C4ZV11,WXG100 family type VII secretion target,,10497,Micromonospora echinospora (Micromonospora purpurea)
GA0070618_5827,A0A1C4ZV50,Uncharacterized protein,,25757,Micromonospora echinospora (Micromonospora purpurea)
GA0070618_5828,A0A1C4ZVC1,Uncharacterized protein,,10783,Micromonospora echinospora (Micromonospora purpurea)
GA0070618_5829,A0A1C4ZV46,Type VII secretion integral membrane protein EccD,,44807,Micromonospora echinospora (Micromonospora purpurea)
GA0070618_5830,A0A1C4ZVI2,"DNA segregation ATPase FtsK/SpoIIIE, S-DNA-T family",,144380,Micromonospora echinospora (Micromonospora purpurea)
GA0070618_5831,A0A1C4ZV68,DUF4291 domain-containing protein,,23326,Micromonospora echinospora (Micromonospora purpurea)
GA0070618_5832,A0A1C4ZV19,DivIVA protein,,49361,Micromonospora echinospora (Micromonospora purpurea)
GA0070618_5833,A0A1C4ZV88,Anti-sigma regulatory factor (Ser/Thr protein kinase),,15338,Micromonospora echinospora (Micromonospora purpurea)
GA0070618_5834,A0A1C4ZV87,MbtH protein,,9133,Micromonospora echinospora (Micromonospora purpurea)
GA0070618_5835,A0A1C4ZV42,"(S)-3,5-dihydroxyphenylglycine transaminase",,47458,Micromonospora echinospora (Micromonospora purpurea)
GA0070618_5836,A0A1C4ZVB0,Amino acid adenylation domain-containing protein,,227354,Micromonospora echinospora (Micromonospora purpurea)
GA0070618_5837,A0A1C4ZVC4,Ubiquinone/menaquinone biosynthesis C-methylase UbiE,,30074,Micromonospora echinospora (Micromonospora purpurea)
GA0070618_5838,A0A1C4ZV91,Amino acid adenylation domain-containing protein,,139792,Micromonospora echinospora (Micromonospora purpurea)
GA0070618_5839,A0A1C4ZVW8,"(3,5-dihydroxycyclohex-3-enyl)acetyl-CoA synthase",,40680,Micromonospora echinospora (Micromonospora purpurea)
GA0070618_5840,A0A1C4ZVB3,"(3,5-dihydroxycyclohex-3-enyl)acetyl-CoA dehydratase subunit B",,23518,Micromonospora echinospora (Micromonospora purpurea)
GA0070618_5841,A0A1C4ZVF5,"3,5-dihydroxyphenylacetyl-CoA monooxygenase",,47798,Micromonospora echinospora (Micromonospora purpurea)
GA0070618_5842,A0A1C4ZVB7,"(3,5-dihydroxycyclohex-3-enyl)acetyl-CoA dehydratase subunit D",,29833,Micromonospora echinospora (Micromonospora purpurea)
GA0070618_5843,A0A1C4ZVH1,"Transcriptional regulator, PadR family",,22050,Micromonospora echinospora (Micromonospora purpurea)
GA0070618_5844,A0A1C4ZVG5,"Predicted arabinose efflux permease, MFS family",,44150,Micromonospora echinospora (Micromonospora purpurea)
GA0070618_5846,A0A1C4ZVG7,DNA-binding transcriptional activator of the SARP family,,104379,Micromonospora echinospora (Micromonospora purpurea)
GA0070618_5847,A0A1C4ZVI1,"Lipid kinase, YegS/Rv2252/BmrU family",,33086,Micromonospora echinospora (Micromonospora purpurea)
GA0070618_5848,A0A1C4ZVG4,Cytochrome P450,,45245,Micromonospora echinospora (Micromonospora purpurea)
GA0070618_5849,A0A1C4ZVQ0,D-amino-acid oxidase (EC 1.4.3.3),1.4.3.3,33035,Micromonospora echinospora (Micromonospora purpurea)
GA0070618_5850,A0A1C4ZW41,Alpha-L-fucosidase 2,,84391,Micromonospora echinospora (Micromonospora purpurea)
GA0070618_5851,A0A1C4ZVJ9,Beta-galactosidase (Beta-gal) (EC 3.2.1.23),3.2.1.23,73753,Micromonospora echinospora (Micromonospora purpurea)
GA0070618_5852,A0A1C4ZVM6,Alpha-D-xyloside xylohydrolase,,85360,Micromonospora echinospora (Micromonospora purpurea)
GA0070618_5853,A0A1C4ZVK3,"Carbohydrate ABC transporter membrane protein 2, CUT1 family",,34601,Micromonospora echinospora (Micromonospora purpurea)
GA0070618_5854,A0A1C4ZVT9,"Carbohydrate ABC transporter membrane protein 1, CUT1 family",,38369,Micromonospora echinospora (Micromonospora purpurea)
GA0070618_5855,A0A1C4ZVQ2,Putative aldouronate transport system substrate-binding protein,,60279,Micromonospora echinospora (Micromonospora purpurea)
GA0070618_5856,A0A1C4ZVN3,"Sugar kinase of the NBD/HSP70 family, may contain an N-terminal HTH domain",,42189,Micromonospora echinospora (Micromonospora purpurea)
GA0070618_5857,A0A1C4ZVR8,"Exo-1,4-beta-glucosidase",,88975,Micromonospora echinospora (Micromonospora purpurea)
GA0070618_5858,A0A1C4ZVS0,"Transcriptional regulator, LacI family",,37597,Micromonospora echinospora (Micromonospora purpurea)
GA0070618_5859,A0A1C4ZVT5,Membrane protein YeaQ/YmgE (Transglycosylase-associated protein family),,9222,Micromonospora echinospora (Micromonospora purpurea)
GA0070618_5860,A0A1C4ZW13,Uncharacterized protein,,5625,Micromonospora echinospora (Micromonospora purpurea)
GA0070618_5861,A0A1C4ZWE6,N-acetylmuramoyl-L-alanine amidase,,34108,Micromonospora echinospora (Micromonospora purpurea)
GA0070618_5862,A0A1C4ZVW1,Zn-dependent protease with chaperone function,,65217,Micromonospora echinospora (Micromonospora purpurea)
GA0070618_5863,A0A1C4ZVV5,"RNA polymerase sigma-70 factor, ECF subfamily",,25136,Micromonospora echinospora (Micromonospora purpurea)
GA0070618_5864,A0A1C4ZWH4,Uncharacterized protein,,7575,Micromonospora echinospora (Micromonospora purpurea)
GA0070618_5865,A0A1C4ZW73,"tRNA threonylcarbamoyl adenosine modification protein, Sua5/YciO/YrdC/YwlC family",,23190,Micromonospora echinospora (Micromonospora purpurea)
GA0070618_5866,A0A1C4ZVZ2,Xylulokinase,,53230,Micromonospora echinospora (Micromonospora purpurea)
GA0070618_5867,A0A1C4ZVZ5,"L-fucose isomerase, second N-terminal domain",,59693,Micromonospora echinospora (Micromonospora purpurea)
GA0070618_5868,A0A1C4ZW07,4-hydroxy-tetrahydrodipicolinate synthase,,29906,Micromonospora echinospora (Micromonospora purpurea)
GA0070618_5869,A0A1C4ZW16,Predicted neuraminidase (Sialidase),,35842,Micromonospora echinospora (Micromonospora purpurea)
GA0070618_5870,A0A1C4ZWB1,Putative tricarboxylic transport membrane protein,,52777,Micromonospora echinospora (Micromonospora purpurea)
GA0070618_5871,A0A1C4ZW52,Tripartite tricarboxylate transporter TctB family protein,,17316,Micromonospora echinospora (Micromonospora purpurea)
GA0070618_5872,A0A1C4ZW03,"Tripartite-type tricarboxylate transporter, receptor component TctC",,32606,Micromonospora echinospora (Micromonospora purpurea)
GA0070618_5873,A0A1C4ZW45,"Transcriptional regulator, GntR family",,24990,Micromonospora echinospora (Micromonospora purpurea)
GA0070618_5874,A0A1C4ZW61,Cytochrome P450,,50491,Micromonospora echinospora (Micromonospora purpurea)
GA0070618_5875,A0A1C4ZWE7,DUF4386 family protein,,26159,Micromonospora echinospora (Micromonospora purpurea)
GA0070618_5876,A0A1C4ZW59,Cytochrome P450,,52409,Micromonospora echinospora (Micromonospora purpurea)
GA0070618_5877,A0A1C4ZWS3,Alkylresorcinol/alkylpyrone synthase,,40535,Micromonospora echinospora (Micromonospora purpurea)
GA0070618_5878,A0A1C4ZW58,Acyl transferase domain-containing protein,,177838,Micromonospora echinospora (Micromonospora purpurea)
GA0070618_5879,A0A1C4ZW77,Myxalamid-type polyketide synthase MxaB,,233372,Micromonospora echinospora (Micromonospora purpurea)
GA0070618_5880,A0A1C4ZWG6,Acyl transferase domain-containing protein,,198708,Micromonospora echinospora (Micromonospora purpurea)
GA0070618_5881,A0A1C4ZWV3,Acyl transferase domain-containing protein,,246176,Micromonospora echinospora (Micromonospora purpurea)
GA0070618_5882,A0A1C4ZWJ1,Acyl carrier protein,,9236,Micromonospora echinospora (Micromonospora purpurea)
GA0070618_5883,A0A1C4ZWB4,Polyketide biosynthesis enoyl-CoA hydratase PksI,,27089,Micromonospora echinospora (Micromonospora purpurea)
GA0070618_5884,A0A1C4ZWD5,Polyketide biosynthesis enoyl-CoA hydratase PksH,,28773,Micromonospora echinospora (Micromonospora purpurea)
GA0070618_5885,A0A1C4ZWB8,Hydroxymethylglutaryl-CoA synthase,,46211,Micromonospora echinospora (Micromonospora purpurea)
GA0070618_5886,A0A1C4ZWF4,Polyketide biosynthesis enoyl-CoA hydratase PksI,,26972,Micromonospora echinospora (Micromonospora purpurea)
GA0070618_5887,A0A1C4ZWL3,Acyl transferase domain-containing protein,,99848,Micromonospora echinospora (Micromonospora purpurea)
GA0070618_5888,A0A1C4ZX04,Myxalamid-type polyketide synthase MxaB,,230089,Micromonospora echinospora (Micromonospora purpurea)
GA0070618_5889,A0A1C4ZWE4,Myxalamid-type polyketide synthase MxaF,,285824,Micromonospora echinospora (Micromonospora purpurea)
GA0070618_5890,A0A1C4ZWF9,"Tryptophan 2,3-dioxygenase",,26692,Micromonospora echinospora (Micromonospora purpurea)
GA0070618_5891,A0A1C4ZWG7,Selenocysteine lyase/Cysteine desulfurase,,40521,Micromonospora echinospora (Micromonospora purpurea)
GA0070618_5892,A0A1C4ZWJ7,O-methyltransferase,,38013,Micromonospora echinospora (Micromonospora purpurea)
GA0070618_5893,A0A1C4ZWT2,Dienelactone hydrolase,,25905,Micromonospora echinospora (Micromonospora purpurea)
GA0070618_5894,A0A1C4ZWI7,"PadR family transcriptional regulator, regulatory protein PadR",,14428,Micromonospora echinospora (Micromonospora purpurea)
GA0070618_5895,A0A1C4ZWL9,Uncharacterized protein,,22555,Micromonospora echinospora (Micromonospora purpurea)
GA0070618_5896,A0A1C4ZWU7,DoxX-like family protein,,8002,Micromonospora echinospora (Micromonospora purpurea)
GA0070618_5897,A0A1C4ZWK7,Integral membrane protein,,19924,Micromonospora echinospora (Micromonospora purpurea)
GA0070618_5898,A0A1C4ZWP1,"Transcriptional regulator, TetR family",,21972,Micromonospora echinospora (Micromonospora purpurea)
GA0070618_5899,A0A1C4ZWL4,Uncharacterized protein,,19630,Micromonospora echinospora (Micromonospora purpurea)
GA0070618_5900,A0A1C4ZWM4,"Sulfate permease, SulP family",,52002,Micromonospora echinospora (Micromonospora purpurea)
GA0070618_5901,A0A1C4ZXA0,"DNA-binding transcriptional regulator, MerR family",,16520,Micromonospora echinospora (Micromonospora purpurea)
GA0070618_5902,A0A1C4ZWY6,Amino acid adenylation domain-containing protein,,226333,Micromonospora echinospora (Micromonospora purpurea)
GA0070618_5903,A0A1C4ZWP4,Acyl transferase domain-containing protein,,149646,Micromonospora echinospora (Micromonospora purpurea)
GA0070618_5904,A0A1C4ZWS8,Natural product biosynthesis luciferase-like monooxygenase domain-containing protein,,44616,Micromonospora echinospora (Micromonospora purpurea)
GA0070618_5905,A0A1C4ZWQ2,HxxPF-repeated domain-containing protein,,56013,Micromonospora echinospora (Micromonospora purpurea)
GA0070618_5906,A0A1C4ZWU9,Acyl-CoA synthetase (AMP-forming)/AMP-acid ligase II,,64607,Micromonospora echinospora (Micromonospora purpurea)
GA0070618_5907,A0A1C4ZWZ8,Uncharacterized protein,,11464,Micromonospora echinospora (Micromonospora purpurea)
GA0070618_5908,A0A1C4ZWU3,SH3 domain-containing protein,,10214,Micromonospora echinospora (Micromonospora purpurea)
GA0070618_5909,A0A1C4ZWT9,Trypsin,,29173,Micromonospora echinospora (Micromonospora purpurea)
GA0070618_5910,A0A1C4ZXF4,Pimeloyl-ACP methyl ester carboxylesterase,,42443,Micromonospora echinospora (Micromonospora purpurea)
GA0070618_5911,A0A1C4ZWU8,"Predicted DNA-binding transcriptional regulator YafY, contains an HTH and WYL domains",,34729,Micromonospora echinospora (Micromonospora purpurea)
GA0070618_5912,A0A1C4ZWV8,Nucleotidyltransferase,,28251,Micromonospora echinospora (Micromonospora purpurea)
GA0070618_5913,A0A1C4ZWW8,Nucleotidyltransferase,,25794,Micromonospora echinospora (Micromonospora purpurea)
GA0070618_5914,A0A1C4ZWX1,Lysophospholipase L1,,29730,Micromonospora echinospora (Micromonospora purpurea)
GA0070618_5915,A0A1C4ZWX8,Uncharacterized protein,,26279,Micromonospora echinospora (Micromonospora purpurea)
GA0070618_5916,A0A1C4ZXJ5,"Transcriptional regulator, LacI family",,36359,Micromonospora echinospora (Micromonospora purpurea)
GA0070618_5917,A0A1C4ZWZ0,Endoglucanase (EC 3.2.1.4),3.2.1.4,51220,Micromonospora echinospora (Micromonospora purpurea)
GA0070618_5918,A0A1C4ZX18,DUF4180 domain-containing protein,,13112,Micromonospora echinospora (Micromonospora purpurea)
GA0070618_5919,A0A1C4ZWZ1,"DNA binding domain-containing protein, excisionase family",,15733,Micromonospora echinospora (Micromonospora purpurea)
GA0070618_5920,A0A1C4ZX11,DNA helicase IV,,78436,Micromonospora echinospora (Micromonospora purpurea)
GA0070618_5921,A0A1C4ZX36,"Beta-glucanase, GH16 family",,49073,Micromonospora echinospora (Micromonospora purpurea)
GA0070618_5922,A0A1C4ZX08,3-(3-hydroxy-phenyl)propionate hydroxylase,,55228,Micromonospora echinospora (Micromonospora purpurea)
GA0070618_5923,A0A1C4ZX62,DUF1565 domain-containing protein,,62864,Micromonospora echinospora (Micromonospora purpurea)
GA0070618_5924,A0A1C4ZXA4,Alpha-amylase (EC 3.2.1.1),3.2.1.1,83951,Micromonospora echinospora (Micromonospora purpurea)
GA0070618_5925,A0A1C4ZX49,Leucine-rich repeat domain-containing protein,,33452,Micromonospora echinospora (Micromonospora purpurea)
GA0070618_5926,A0A1C4ZX82,Leucine-rich repeat domain-containing protein,,34004,Micromonospora echinospora (Micromonospora purpurea)
GA0070618_5927,A0A1C4ZXR2,Uncharacterized protein,,7807,Micromonospora echinospora (Micromonospora purpurea)
GA0070618_5928,A0A1C4ZX48,ornithine aminotransferase (EC 2.6.1.13) (Ornithine--oxo-acid aminotransferase),2.6.1.13,43958,Micromonospora echinospora (Micromonospora purpurea)
GA0070618_5930,A0A1C4ZX57,argininosuccinate lyase (EC 4.3.2.1),4.3.2.1,54662,Micromonospora echinospora (Micromonospora purpurea)
GA0070618_5931,A0A1C4ZX73,Agmatinase,,32331,Micromonospora echinospora (Micromonospora purpurea)
GA0070618_5932,A0A1C4ZXU6,"Amino acid ABC transporter ATP-binding protein, PAAT family",,28014,Micromonospora echinospora (Micromonospora purpurea)
GA0070618_5933,A0A1C4ZXH9,Histidine/lysine/arginine/ornithine transport system permease protein HisM,,33026,Micromonospora echinospora (Micromonospora purpurea)
GA0070618_5934,A0A1C4ZXA7,Purine catabolism regulatory protein,,55686,Micromonospora echinospora (Micromonospora purpurea)
GA0070618_5935,A0A1C4ZXC3,"Amino acid ABC transporter substrate-binding protein, PAAT family",,31750,Micromonospora echinospora (Micromonospora purpurea)
GA0070618_5936,A0A1C4ZXA2,Isoaspartyl dipeptidase. Metallo peptidase. MEROPS family M38,,41738,Micromonospora echinospora (Micromonospora purpurea)
GA0070618_5937,A0A1C4ZXF1,"Putative NAD(P)H quinone oxidoreductase, PIG3 family",,34011,Micromonospora echinospora (Micromonospora purpurea)
GA0070618_5938,A0A1C4ZXK3,"5,10-methylenetetrahydromethanopterin reductase",,36943,Micromonospora echinospora (Micromonospora purpurea)
GA0070618_5939,A0A1C4ZY03,SMI1 / KNR4 family (SUKH-1),,24002,Micromonospora echinospora (Micromonospora purpurea)
GA0070618_5940,A0A1C4ZXC8,SWIM zinc finger,,46425,Micromonospora echinospora (Micromonospora purpurea)
GA0070618_5941,A0A1C4ZXF0,DUF6493 domain-containing protein,,92304,Micromonospora echinospora (Micromonospora purpurea)
GA0070618_5942,A0A1C4ZXH2,Chitobiase/beta-hexosaminidase C-terminal domain-containing protein,,86891,Micromonospora echinospora (Micromonospora purpurea)
GA0070618_5943,A0A1C4ZXN7,"Esterase, PHB depolymerase family",,45489,Micromonospora echinospora (Micromonospora purpurea)
GA0070618_5944,A0A1C4ZXF6,Beta-xylanase (EC 3.2.1.8),3.2.1.8,49420,Micromonospora echinospora (Micromonospora purpurea)
GA0070618_5945,A0A1C4ZXI4,Cephalosporin-C deacetylase,,35662,Micromonospora echinospora (Micromonospora purpurea)
GA0070618_5946,A0A1C4ZXI6,Beta-glucosidase,,86462,Micromonospora echinospora (Micromonospora purpurea)
GA0070618_5947,A0A1C4ZXI8,"Carbohydrate ABC transporter membrane protein 1, CUT1 family",,37092,Micromonospora echinospora (Micromonospora purpurea)
GA0070618_5948,A0A1C4ZXJ9,"Carbohydrate ABC transporter membrane protein 2, CUT1 family",,33131,Micromonospora echinospora (Micromonospora purpurea)
GA0070618_5949,A0A1C4ZXM1,"Carbohydrate ABC transporter substrate-binding protein, CUT1 family",,60697,Micromonospora echinospora (Micromonospora purpurea)
GA0070618_5950,A0A1C4ZXM4,"Xylan 1,4-beta-xylosidase",,59793,Micromonospora echinospora (Micromonospora purpurea)
GA0070618_5951,A0A1C4ZXY0,DUF624 domain-containing protein,,24110,Micromonospora echinospora (Micromonospora purpurea)
GA0070618_5952,A0A1C4ZXR4,Alpha-glucuronidase,,78344,Micromonospora echinospora (Micromonospora purpurea)
GA0070618_5953,A0A1C4ZXN8,MOSC domain,,21884,Micromonospora echinospora (Micromonospora purpurea)
GA0070618_5954,A0A1C4ZXR3,"Two-component system, OmpR family, KDP operon response regulator KdpE",,25629,Micromonospora echinospora (Micromonospora purpurea)
GA0070618_5955,A0A1C4ZXR6,histidine kinase (EC 2.7.13.3),2.7.13.3,89930,Micromonospora echinospora (Micromonospora purpurea)
GA0070618_5956,A0A1C4ZY22,Potassium-transporting ATPase KdpC subunit (ATP phosphohydrolase [potassium-transporting] C chain) (Potassium-binding and translocating subunit C) (Potassium-translocating ATPase C chain),,30240,Micromonospora echinospora (Micromonospora purpurea)
GA0070618_5957,A0A1C4ZXV0,Potassium-transporting ATPase ATP-binding subunit (EC 7.2.2.6) (ATP phosphohydrolase [potassium-transporting] B chain) (Potassium-binding and translocating subunit B) (Potassium-translocating ATPase B chain),7.2.2.6,76072,Micromonospora echinospora (Micromonospora purpurea)
GA0070618_5958,A0A1C4ZXZ6,Potassium-transporting ATPase potassium-binding subunit (ATP phosphohydrolase [potassium-transporting] A chain) (Potassium-binding and translocating subunit A) (Potassium-translocating ATPase A chain),,57320,Micromonospora echinospora (Micromonospora purpurea)
GA0070618_5959,A0A1C4ZXU5,Methyltransferase domain-containing protein,,21814,Micromonospora echinospora (Micromonospora purpurea)
GA0070618_5960,A0A1C4ZY48,Sugar lactone lactonase YvrE,,39605,Micromonospora echinospora (Micromonospora purpurea)
GA0070618_5961,A0A1C4ZXV2,N-acetylmuramoyl-L-alanine amidase (EC 3.5.1.28),3.5.1.28,31174,Micromonospora echinospora (Micromonospora purpurea)
GA0070618_5962,A0A1C4ZXV9,Predicted PurR-regulated permease PerM,,43239,Micromonospora echinospora (Micromonospora purpurea)
GA0070618_5963,A0A1C4ZY41,F5/8 type C domain-containing protein,,120148,Micromonospora echinospora (Micromonospora purpurea)
GA0070618_5964,A0A1C4ZXY8,Glycosyl hydrolases family 43,,52043,Micromonospora echinospora (Micromonospora purpurea)
GA0070618_5965,A0A1C4ZXZ2,F5/8 type C domain-containing protein,,47362,Micromonospora echinospora (Micromonospora purpurea)
GA0070618_5966,A0A1C4ZXW1,"Carbohydrate ABC transporter membrane protein 2, CUT1 family",,29104,Micromonospora echinospora (Micromonospora purpurea)
GA0070618_5967,A0A1C4ZY20,"Carbohydrate ABC transporter membrane protein 1, CUT1 family",,34794,Micromonospora echinospora (Micromonospora purpurea)
GA0070618_5968,A0A1C4ZXX7,"Carbohydrate ABC transporter substrate-binding protein, CUT1 family",,45129,Micromonospora echinospora (Micromonospora purpurea)
GA0070618_5969,A0A1C4ZY52,Glycoside hydrolase family 127 protein,,68732,Micromonospora echinospora (Micromonospora purpurea)
GA0070618_5970,A0A1C4ZY27,"Transcriptional regulator, LacI family",,36741,Micromonospora echinospora (Micromonospora purpurea)
GA0070618_5971,A0A1C4ZYB8,DUF2470 domain-containing protein,,24608,Micromonospora echinospora (Micromonospora purpurea)
GA0070618_5972,A0A1C4ZY46,Small ribosomal subunit protein uS4,,23066,Micromonospora echinospora (Micromonospora purpurea)
GA0070618_5973,A0A1C4ZYE3,5'-nucleotidase (EC 3.1.3.5),3.1.3.5,29268,Micromonospora echinospora (Micromonospora purpurea)
GA0070618_5974,A0A1C4ZY81,1-phosphofructokinase,,32366,Micromonospora echinospora (Micromonospora purpurea)
GA0070618_5975,A0A1C4ZY39,Major Facilitator Superfamily protein,,44941,Micromonospora echinospora (Micromonospora purpurea)
GA0070618_5976,A0A1C4ZYB3,Putative ABC transport system permease protein,,24462,Micromonospora echinospora (Micromonospora purpurea)
GA0070618_5977,A0A1C4ZY91,F5/8 type C domain-containing protein,,147350,Micromonospora echinospora (Micromonospora purpurea)
GA0070618_5978,A0A1C4ZYU8,F5/8 type C domain-containing protein,,100671,Micromonospora echinospora (Micromonospora purpurea)
GA0070618_5979,A0A1C4ZYK6,Alpha-glucosidase,,60303,Micromonospora echinospora (Micromonospora purpurea)
GA0070618_5980,A0A1C4ZYE1,"Carbohydrate ABC transporter membrane protein 2, CUT1 family",,32110,Micromonospora echinospora (Micromonospora purpurea)
GA0070618_5981,A0A1C4ZYB6,"Carbohydrate ABC transporter membrane protein 1, CUT1 family",,35440,Micromonospora echinospora (Micromonospora purpurea)
GA0070618_5982,A0A1C4ZYY0,"ABC-type glycerol-3-phosphate transport system, substrate-binding protein",,49096,Micromonospora echinospora (Micromonospora purpurea)
GA0070618_5983,A0A1C4ZYA3,"Transcriptional regulator, LacI family",,36104,Micromonospora echinospora (Micromonospora purpurea)
GA0070618_5984,A0A1C4ZYH0,Conserved repeat domain-containing protein,,116810,Micromonospora echinospora (Micromonospora purpurea)
GA0070618_5985,A0A1C4ZYE5,F5/8 type C domain-containing protein,,75200,Micromonospora echinospora (Micromonospora purpurea)
GA0070618_5986,A0A1C4ZYP0,Pentapeptide repeat-containing protein,,32541,Micromonospora echinospora (Micromonospora purpurea)
GA0070618_5987,A0A1C4ZYH4,Streptomycin 3-adenylyltransferase,,27072,Micromonospora echinospora (Micromonospora purpurea)
GA0070618_5988,A0A1C4ZYD5,CheW-like domain-containing protein,,24103,Micromonospora echinospora (Micromonospora purpurea)
GA0070618_5989,A0A1C4ZYI2,Virginiamycin B lyase (EC 4.2.99.-) (Streptogramin B lyase),4.2.99.-,30693,Micromonospora echinospora (Micromonospora purpurea)
GA0070618_5990,A0A1C4ZYI7,"Transcriptional regulator, TetR family",,23194,Micromonospora echinospora (Micromonospora purpurea)
GA0070618_5991,A0A1C4ZYJ1,(2Fe-2S) ferredoxin,,13259,Micromonospora echinospora (Micromonospora purpurea)
GA0070618_5992,A0A1C4ZYT7,(2Fe-2S) ferredoxin,,25056,Micromonospora echinospora (Micromonospora purpurea)
GA0070618_5993,A0A1C4ZYM8,Iron complex transport system ATP-binding protein,,27119,Micromonospora echinospora (Micromonospora purpurea)
GA0070618_5994,A0A1C4ZYN1,Iron complex transport system permease protein,,33010,Micromonospora echinospora (Micromonospora purpurea)
GA0070618_5995,A0A1C4ZYZ8,Iron complex transport system substrate-binding protein,,34982,Micromonospora echinospora (Micromonospora purpurea)
GA0070618_5996,A0A1C4ZYP1,"Transcriptional regulator, TetR family",,22615,Micromonospora echinospora (Micromonospora purpurea)
GA0070618_5998,A0A1C4ZYT8,Sugar phosphate isomerase/epimerase,,29911,Micromonospora echinospora (Micromonospora purpurea)
GA0070618_5999,A0A1C4ZYQ2,Dihydrodipicolinate synthase/N-acetylneuraminate lyase,,40623,Micromonospora echinospora (Micromonospora purpurea)
GA0070618_6000,A0A1C4ZYX7,Predicted dehydrogenase,,42708,Micromonospora echinospora (Micromonospora purpurea)
GA0070618_6001,A0A1C4ZYQ7,"Transcriptional regulator, LacI family",,36109,Micromonospora echinospora (Micromonospora purpurea)
GA0070618_6002,A0A1C4ZZD9,2-keto-3-deoxy-phosphogluconate aldolase,,20672,Micromonospora echinospora (Micromonospora purpurea)
GA0070618_6003,A0A1C4ZYX3,2-dehydro-3-deoxygluconokinase,,34861,Micromonospora echinospora (Micromonospora purpurea)
GA0070618_6004,A0A1C4ZZ69,Methane oxygenase PmoA,,33360,Micromonospora echinospora (Micromonospora purpurea)
GA0070618_6005,A0A1C4ZZ20,Membrane protein YesL,,20720,Micromonospora echinospora (Micromonospora purpurea)
GA0070618_6006,A0A1C4ZYT1,"Carbohydrate ABC transporter membrane protein 2, CUT1 family",,32397,Micromonospora echinospora (Micromonospora purpurea)
GA0070618_6007,A0A1C4ZZ54,"Carbohydrate ABC transporter membrane protein 1, CUT1 family",,35964,Micromonospora echinospora (Micromonospora purpurea)
GA0070618_6008,A0A1C4ZZJ3,"Carbohydrate ABC transporter substrate-binding protein, CUT1 family",,48717,Micromonospora echinospora (Micromonospora purpurea)
GA0070618_6009,A0A1C4ZYU5,"Transcriptional regulator, LacI family",,39221,Micromonospora echinospora (Micromonospora purpurea)
GA0070618_6010,A0A1C4ZYZ6,Predicted dehydrogenase,,48398,Micromonospora echinospora (Micromonospora purpurea)
GA0070618_6011,A0A1C4ZZ09,Uronate isomerase (EC 5.3.1.12),5.3.1.12,52555,Micromonospora echinospora (Micromonospora purpurea)
GA0070618_6012,A0A1C4ZZ41,L-fuconate dehydratase (EC 4.2.1.68),4.2.1.68,47566,Micromonospora echinospora (Micromonospora purpurea)
GA0070618_6013,A0A1C4ZZN0,Fructuronate reductase,,51591,Micromonospora echinospora (Micromonospora purpurea)
GA0070618_6014,A0A1C4ZZ59,Predicted dehydrogenase,,42190,Micromonospora echinospora (Micromonospora purpurea)
GA0070618_6015,A0A1C4ZZF3,Pectate lyase,,47914,Micromonospora echinospora (Micromonospora purpurea)
GA0070618_6016,A0A1C4ZZB1,Pectate lyase,,56003,Micromonospora echinospora (Micromonospora purpurea)
GA0070618_6017,A0A1C4ZZD1,Pectate lyase,,87957,Micromonospora echinospora (Micromonospora purpurea)
GA0070618_6018,A0A1C4ZZ89,Uncharacterized protein,,10644,Micromonospora echinospora (Micromonospora purpurea)
GA0070618_6019,A0A1C4ZZ25,HD domain-containing protein,,27209,Micromonospora echinospora (Micromonospora purpurea)
GA0070618_6020,A0A1C4ZZJ1,ABC-2 type transport system permease protein,,54946,Micromonospora echinospora (Micromonospora purpurea)
GA0070618_6021,A0A1C4ZZ92,ABC-2 type transport system ATP-binding protein,,33348,Micromonospora echinospora (Micromonospora purpurea)
GA0070618_6022,A0A1C4ZZF7,"Transcriptional regulator, TetR family",,26136,Micromonospora echinospora (Micromonospora purpurea)
GA0070618_6023,A0A1C4ZZI1,SnoaL-like domain-containing protein,,14089,Micromonospora echinospora (Micromonospora purpurea)
GA0070618_6024,A0A1C4ZZE5,Uncharacterized protein,,11299,Micromonospora echinospora (Micromonospora purpurea)
GA0070618_6025,A0A1C4ZZ84,"EAL domain, c-di-GMP-specific phosphodiesterase class I (Or its enzymatically inactive variant)",,82858,Micromonospora echinospora (Micromonospora purpurea)
GA0070618_6026,A0A1C4ZZI6,NAD(P)H-dependent FMN reductase,,20608,Micromonospora echinospora (Micromonospora purpurea)
GA0070618_6027,A0A1C4ZZL6,"DNA-binding transcriptional regulator, MarR family",,20887,Micromonospora echinospora (Micromonospora purpurea)
GA0070618_6028,A0A1C4ZZH3,"Carbohydrate ABC transporter membrane protein 1, CUT1 family",,33436,Micromonospora echinospora (Micromonospora purpurea)
GA0070618_6029,A0A1C4ZZR4,"Carbohydrate ABC transporter ATP-binding protein, CUT1 family",,36622,Micromonospora echinospora (Micromonospora purpurea)
GA0070618_6030,A0A1C4ZZG3,"Carbohydrate ABC transporter substrate-binding protein, CUT1 family",,47931,Micromonospora echinospora (Micromonospora purpurea)
GA0070618_6031,A0A1C4ZZM1,"Carbohydrate ABC transporter membrane protein 2, CUT1 family",,30155,Micromonospora echinospora (Micromonospora purpurea)
GA0070618_6032,A0A1C4ZZD7,Exo-alpha-sialidase,,99453,Micromonospora echinospora (Micromonospora purpurea)
GA0070618_6033,A0A1C4ZZJ6,SDR family oxidoreductase,,27783,Micromonospora echinospora (Micromonospora purpurea)
GA0070618_6034,A0A1C4ZZL9,Uncharacterized protein,,9967,Micromonospora echinospora (Micromonospora purpurea)
GA0070618_6035,A0A1C4ZZM3,Uncharacterized protein,,7830,Micromonospora echinospora (Micromonospora purpurea)
GA0070618_6036,A0A1C4ZZX4,Ribonuclease H (RNase H) (EC 3.1.26.4),3.1.26.4,18018,Micromonospora echinospora (Micromonospora purpurea)
GA0070618_6037,A0A1C4ZZL8,UPF0225 protein GA0070618_6037,,15388,Micromonospora echinospora (Micromonospora purpurea)
GA0070618_6038,A0A1C4ZZT9,SPFH domain / Band 7 family protein,,22441,Micromonospora echinospora (Micromonospora purpurea)
GA0070618_6039,A0A1C4ZZK7,Uncharacterized protein,,27036,Micromonospora echinospora (Micromonospora purpurea)
GA0070618_6040,A0A1C4ZZX3,Uncharacterized protein,,10867,Micromonospora echinospora (Micromonospora purpurea)
GA0070618_6041,A0A1C5A099,Secreted protein,,41216,Micromonospora echinospora (Micromonospora purpurea)
GA0070618_6042,A0A1C4ZZM5,Zinc/manganese transport system substrate-binding protein,,31960,Micromonospora echinospora (Micromonospora purpurea)
GA0070618_6043,A0A1C5A038,Lipoprotein,,41561,Micromonospora echinospora (Micromonospora purpurea)
GA0070618_6044,A0A1C4ZZS1,"ABC-type Mn2+/Zn2+ transport system, permease component",,29868,Micromonospora echinospora (Micromonospora purpurea)
GA0070618_6045,A0A1C4ZZZ6,Zinc/manganese transport system ATP-binding protein,,25648,Micromonospora echinospora (Micromonospora purpurea)
GA0070618_6046,A0A1C4ZZR5,N-acetylmuramoyl-L-alanine amidase (EC 3.5.1.28),3.5.1.28,41119,Micromonospora echinospora (Micromonospora purpurea)
GA0070618_6047,A0A1C4ZZW3,Very-short-patch-repair endonuclease,,41247,Micromonospora echinospora (Micromonospora purpurea)
GA0070618_6048,A0A1C4ZZZ0,MarR family transcriptional regulator,,27211,Micromonospora echinospora (Micromonospora purpurea)
GA0070618_6049,A0A1C4ZZZ2,AAA-like domain-containing protein,,118782,Micromonospora echinospora (Micromonospora purpurea)
GA0070618_6050,A0A1C4ZZX5,Helix-turn-helix domain-containing protein,,32962,Micromonospora echinospora (Micromonospora purpurea)
GA0070618_6051,A0A1C5A042,Ig-like domain-containing protein,,12345,Micromonospora echinospora (Micromonospora purpurea)
GA0070618_6052,A0A1C5A078,Uncharacterized protein,,13501,Micromonospora echinospora (Micromonospora purpurea)
GA0070618_6053,A0A1C5A029,"Transcriptional regulator, MarR family with acetyltransferase activity",,32043,Micromonospora echinospora (Micromonospora purpurea)
GA0070618_6054,A0A1C5A034,FtsX-like permease family protein,,89509,Micromonospora echinospora (Micromonospora purpurea)
GA0070618_6055,A0A1C4ZZY8,Putative ABC transport system ATP-binding protein,,24350,Micromonospora echinospora (Micromonospora purpurea)
GA0070618_6056,A0A1C5A0E5,Uncharacterized protein,,9356,Micromonospora echinospora (Micromonospora purpurea)
GA0070618_6057,A0A1C5A039,Uncharacterized protein,,11416,Micromonospora echinospora (Micromonospora purpurea)
GA0070618_6058,A0A1C5A048,PIN domain-containing protein,,14148,Micromonospora echinospora (Micromonospora purpurea)
GA0070618_6059,A0A1C5A079,Winged helix DNA-binding domain-containing protein,,40482,Micromonospora echinospora (Micromonospora purpurea)
GA0070618_6060,A0A1C5A086,Anti-anti-sigma factor,,21746,Micromonospora echinospora (Micromonospora purpurea)
GA0070618_6061,A0A1C5A0J2,Anti-anti-sigma factor,,16822,Micromonospora echinospora (Micromonospora purpurea)
GA0070618_6062,A0A1C5A083,"DNA-binding response regulator, OmpR family, contains REC and winged-helix (WHTH) domain",,25347,Micromonospora echinospora (Micromonospora purpurea)
GA0070618_6063,A0A1C5A067,histidine kinase (EC 2.7.13.3),2.7.13.3,48612,Micromonospora echinospora (Micromonospora purpurea)
GA0070618_6064,A0A1C5A0B3,Sporulation and spore germination,,21444,Micromonospora echinospora (Micromonospora purpurea)
GA0070618_6065,A0A1C5A0M1,Chaperone protein HtpG (Heat shock protein HtpG) (High temperature protein G),,72775,Micromonospora echinospora (Micromonospora purpurea)
GA0070618_6066,A0A1C5A0A7,Leucine-rich repeat domain-containing protein,,33529,Micromonospora echinospora (Micromonospora purpurea)
GA0070618_6067,A0A1C5A0D2,ATP-grasp domain-containing protein,,40683,Micromonospora echinospora (Micromonospora purpurea)
GA0070618_6068,A0A1C5A0B5,Sulfatase,,29141,Micromonospora echinospora (Micromonospora purpurea)
GA0070618_6069,A0A1C5A0L0,Oxygen-independent coproporphyrinogen-3 oxidase,,48279,Micromonospora echinospora (Micromonospora purpurea)
GA0070618_6070,A0A1C5A0Q2,"Radical SAM superfamily enzyme, MoaA/NifB/PqqE/SkfB family",,32069,Micromonospora echinospora (Micromonospora purpurea)
GA0070618_6071,A0A1C5A0B8,Serine/threonine protein kinase,,56598,Micromonospora echinospora (Micromonospora purpurea)
GA0070618_6072,A0A1C5A0H8,Ig-like domain-containing protein,,57952,Micromonospora echinospora (Micromonospora purpurea)
GA0070618_6073,A0A1C5A0B0,"MFS transporter, DHA1 family, bicyclomycin/chloramphenicol resistance protein",,42779,Micromonospora echinospora (Micromonospora purpurea)
GA0070618_6074,A0A1C5A0F5,5'-3' exonuclease,,32601,Micromonospora echinospora (Micromonospora purpurea)
GA0070618_6075,A0A1C5A119,"MHYT domain-containing protein, NO-binding membrane sensor",,30878,Micromonospora echinospora (Micromonospora purpurea)
GA0070618_6076,A0A1C5A0T5,ATP-dependent RNA helicase HelY,,101819,Micromonospora echinospora (Micromonospora purpurea)
GA0070618_6077,A0A1C5A0Q9,"Haloacid dehalogenase superfamily, subfamily IA, variant 3 with third motif having DD or ED/haloacid dehalogenase superfamily, subfamily IA, variant 1 with third motif having Dx(3-4)D or Dx(3-4)E",,26607,Micromonospora echinospora (Micromonospora purpurea)
GA0070618_6078,A0A1C5A0K4,"Transcriptional regulator, TetR family",,25528,Micromonospora echinospora (Micromonospora purpurea)
GA0070618_6079,A0A1C5A0P1,Diacylglycerol kinase,,33069,Micromonospora echinospora (Micromonospora purpurea)
GA0070618_6080,A0A1C5A0T0,Sec-independent protein translocase protein TatC,,35060,Micromonospora echinospora (Micromonospora purpurea)
GA0070618_6081,A0A1C5A157,Sec-independent protein translocase protein TatA,,11964,Micromonospora echinospora (Micromonospora purpurea)
GA0070618_6082,A0A1C5A0X3,Uncharacterized protein,,9125,Micromonospora echinospora (Micromonospora purpurea)
GA0070618_6083,A0A1C5A0L8,Proteasome accessory factor C,,40077,Micromonospora echinospora (Micromonospora purpurea)
GA0070618_6084,A0A1C5A0P6,Proteasome accessory factor B,,35941,Micromonospora echinospora (Micromonospora purpurea)
GA0070618_6085,A0A1C5A0T1,Cation diffusion facilitator family transporter,,34414,Micromonospora echinospora (Micromonospora purpurea)
GA0070618_6086,A0A1C5A0Q6,DUF3866 family protein,,37204,Micromonospora echinospora (Micromonospora purpurea)
GA0070618_6087,A0A1C5A0L9,Uncharacterized protein,,9111,Micromonospora echinospora (Micromonospora purpurea)
GA0070618_6088,A0A1C5A195,Pup--protein ligase (EC 6.3.1.19) (Proteasome accessory factor A) (Pup-conjugating enzyme),6.3.1.19,51891,Micromonospora echinospora (Micromonospora purpurea)
GA0070618_6089,A0A1C5A110,"dTDP-glucose 4,6-dehydratase (EC 4.2.1.46)",4.2.1.46,35389,Micromonospora echinospora (Micromonospora purpurea)
GA0070618_6090,A0A1C5A0Q5,Proteasome subunit alpha (20S proteasome alpha subunit) (Proteasome core protein PrcA),,29557,Micromonospora echinospora (Micromonospora purpurea)
GA0070618_6091,A0A1C5A1B2,Proteasome subunit beta (EC 3.4.25.1) (20S proteasome beta subunit) (Proteasome core protein PrcB),3.4.25.1,27733,Micromonospora echinospora (Micromonospora purpurea)
GA0070618_6092,A0A1C5A130,Recombination endonuclease VII,,25854,Micromonospora echinospora (Micromonospora purpurea)
GA0070618_6093,A0A1C5A106,Prokaryotic ubiquitin-like protein Pup (Bacterial ubiquitin-like modifier),,7780,Micromonospora echinospora (Micromonospora purpurea)
GA0070618_6094,A0A1C5A0W1,Proteasome accessory factor A,,56717,Micromonospora echinospora (Micromonospora purpurea)
GA0070618_6095,A0A1C5A0Z0,AAA ATPase forming ring-shaped complexes (ARC),,65876,Micromonospora echinospora (Micromonospora purpurea)
GA0070618_6096,A0A1C5A0X8,Ferredoxin,,10291,Micromonospora echinospora (Micromonospora purpurea)
GA0070618_6097,A0A1C5A162,Uncharacterized protein,,20264,Micromonospora echinospora (Micromonospora purpurea)
GA0070618_6098,A0A1C5A0V5,tRNA (Adenine-58-N(1)-) methyltransferase,,36305,Micromonospora echinospora (Micromonospora purpurea)
GA0070618_6099,A0A1C5A0R3,Zinc metalloprotease,,40471,Micromonospora echinospora (Micromonospora purpurea)
GA0070618_6100,A0A1C5A0W7,Putative RecB family exonuclease,,37004,Micromonospora echinospora (Micromonospora purpurea)
GA0070618_6101,A0A1C5A105,Signal transduction histidine kinase,,43056,Micromonospora echinospora (Micromonospora purpurea)
GA0070618_6102,A0A1C5A0X1,"Two component transcriptional regulator, LuxR family",,24400,Micromonospora echinospora (Micromonospora purpurea)
GA0070618_6103,A0A1C5A0Y5,Putative ABC transport system ATP-binding protein,,27728,Micromonospora echinospora (Micromonospora purpurea)
GA0070618_6104,A0A1C5A124,Putative ABC transport system permease protein,,87201,Micromonospora echinospora (Micromonospora purpurea)
GA0070618_6105,A0A1C5A0Z7,"Haloacid dehalogenase superfamily, subfamily IA, variant 3 with third motif having DD or ED",,25299,Micromonospora echinospora (Micromonospora purpurea)
GA0070618_6106,A0A1C5A0Y4,Metalloprotease,,26221,Micromonospora echinospora (Micromonospora purpurea)
GA0070618_6107,A0A1C5A145,Phosphotransferase enzyme family protein,,29489,Micromonospora echinospora (Micromonospora purpurea)
GA0070618_6108,A0A1C5A1C9,Mini-circle protein,,18759,Micromonospora echinospora (Micromonospora purpurea)
GA0070618_6109,A0A1C5A121,Helix-turn-helix domain-containing protein,,36197,Micromonospora echinospora (Micromonospora purpurea)
GA0070618_6110,A0A1C5A136,Lipoprotein,,31816,Micromonospora echinospora (Micromonospora purpurea)
GA0070618_6111,A0A1C5A172,Sulfotransferase domain-containing protein,,33996,Micromonospora echinospora (Micromonospora purpurea)
GA0070618_6112,A0A1C5A1B3,Uridine kinase,,26743,Micromonospora echinospora (Micromonospora purpurea)
GA0070618_6113,A0A1C5A155,Methionine synthase (EC 2.1.1.13) (5-methyltetrahydrofolate--homocysteine methyltransferase),2.1.1.13,127621,Micromonospora echinospora (Micromonospora purpurea)
GA0070618_6114,A0A1C5A118,PAC2 family protein,,31986,Micromonospora echinospora (Micromonospora purpurea)
GA0070618_6115,A0A1C5A1D5,"Transcriptional regulator, GntR family",,28834,Micromonospora echinospora (Micromonospora purpurea)
GA0070618_6116,A0A1C5A1F2,L-cysteine:1D-myo-inositol 2-amino-2-deoxy-alpha-D-glucopyranoside ligase (L-Cys:GlcN-Ins ligase) (EC 6.3.1.13) (Mycothiol ligase) (MSH ligase),6.3.1.13,44954,Micromonospora echinospora (Micromonospora purpurea)
GA0070618_6117,A0A1C5A170,Repeat protein (TIGR03843 family),,29653,Micromonospora echinospora (Micromonospora purpurea)
GA0070618_6118,A0A1C5A1C1,Uncharacterized protein,,21372,Micromonospora echinospora (Micromonospora purpurea)
GA0070618_6119,A0A1C5A1L0,"Probable phosphomutase, MSMEG_4193 family",,24828,Micromonospora echinospora (Micromonospora purpurea)
GA0070618_6120,A0A1C5A183,Secreted protein,,20828,Micromonospora echinospora (Micromonospora purpurea)
GA0070618_6121,A0A1C5A1V2,Undecaprenyl-diphosphatase (EC 3.6.1.27) (Bacitracin resistance protein) (Undecaprenyl pyrophosphate phosphatase),3.6.1.27,30165,Micromonospora echinospora (Micromonospora purpurea)
GA0070618_6122,A0A1C5A1A2,"Probable F420-dependent oxidoreductase, Rv3520c family",,37547,Micromonospora echinospora (Micromonospora purpurea)
GA0070618_6123,A0A1C5A1J0,Predicted oxidoreductase,,34205,Micromonospora echinospora (Micromonospora purpurea)
GA0070618_6124,A0A1C5A1P2,Dihydroorotate dehydrogenase,,9475,Micromonospora echinospora (Micromonospora purpurea)
GA0070618_6125,A0A1C5A1B8,Uncharacterized protein,,23761,Micromonospora echinospora (Micromonospora purpurea)
GA0070618_6126,A0A1C5A191,Acetylornithine deacetylase/Succinyl-diaminopimelate desuccinylase,,47686,Micromonospora echinospora (Micromonospora purpurea)
GA0070618_6127,A0A1C5A1K2,Hemerythrin HHE cation binding domain-containing protein,,21875,Micromonospora echinospora (Micromonospora purpurea)
GA0070618_6128,A0A1C5A1L5,"DNA-binding transcriptional regulator, LysR family",,35024,Micromonospora echinospora (Micromonospora purpurea)
GA0070618_6129,A0A1C5A1H7,Uncharacterized protein,,8372,Micromonospora echinospora (Micromonospora purpurea)
GA0070618_6130,A0A1C5A1E8,DUF3140 domain-containing protein,,13250,Micromonospora echinospora (Micromonospora purpurea)
GA0070618_6131,A0A1C5A1F9,Uncharacterized protein,,5547,Micromonospora echinospora (Micromonospora purpurea)
GA0070618_6132,A0A1C5A1K1,ATP-dependent Clp protease ATP-binding subunit ClpC,,93802,Micromonospora echinospora (Micromonospora purpurea)
GA0070618_6133,A0A1C5A1N8,YacP-like NYN domain-containing protein,,15467,Micromonospora echinospora (Micromonospora purpurea)
GA0070618_6134,A0A1C5A1Q4,Uncharacterized protein,,8668,Micromonospora echinospora (Micromonospora purpurea)
GA0070618_6135,A0A1C5A1H8,DUF222 domain-containing protein,,35599,Micromonospora echinospora (Micromonospora purpurea)
GA0070618_6136,A0A1C5A1I7,FtsK/SpoIIIE family protein,,96382,Micromonospora echinospora (Micromonospora purpurea)
GA0070618_6137,A0A1C5A1P1,Uncharacterized protein,,23201,Micromonospora echinospora (Micromonospora purpurea)
GA0070618_6138,A0A1C5A1H1,Cupin superfamily protein,,45293,Micromonospora echinospora (Micromonospora purpurea)
GA0070618_6139,A0A1C5A1S8,BatC protein,,6965,Micromonospora echinospora (Micromonospora purpurea)
GA0070618_6140,A0A1C5A1U3,"Uncharacterized conserved protein, DUF2267 family",,16405,Micromonospora echinospora (Micromonospora purpurea)
GA0070618_6141,A0A1C5A1J2,"Uncharacterized conserved protein YecE, DUF72 family",,33087,Micromonospora echinospora (Micromonospora purpurea)
GA0070618_6142,A0A1C5A1V0,"Transcriptional regulator, TraR/DksA family",,14639,Micromonospora echinospora (Micromonospora purpurea)
GA0070618_6143,A0A1C5A1S7,Uridine kinase,,22475,Micromonospora echinospora (Micromonospora purpurea)
GA0070618_6144,A0A1C5A1K7,"Transcriptional regulatory protein, C terminal",,21695,Micromonospora echinospora (Micromonospora purpurea)
GA0070618_6145,A0A1C5A1W9,"Transcriptional regulatory protein, C terminal",,20714,Micromonospora echinospora (Micromonospora purpurea)
GA0070618_6146,A0A1C5A1X8,Rhodanese-related sulfurtransferase,,18817,Micromonospora echinospora (Micromonospora purpurea)
GA0070618_6147,A0A1C5A1V1,"Mannose-6-phosphate isomerase, cupin superfamily",,16261,Micromonospora echinospora (Micromonospora purpurea)
GA0070618_6148,A0A1C5A1R7,Signal peptidase I,,13865,Micromonospora echinospora (Micromonospora purpurea)
GA0070618_6149,A0A1C5A1X2,Uncharacterized protein,,13576,Micromonospora echinospora (Micromonospora purpurea)
GA0070618_6150,A0A1C5A1Q0,DUF3500 domain-containing protein,,34516,Micromonospora echinospora (Micromonospora purpurea)
GA0070618_6151,A0A1C5A208,Methyltransferase domain-containing protein,,28465,Micromonospora echinospora (Micromonospora purpurea)
GA0070618_6152,A0A1C5A1Y8,Uncharacterized membrane protein,,17675,Micromonospora echinospora (Micromonospora purpurea)
GA0070618_6153,A0A1C5A1Z1,GAF domain-containing protein,,26028,Micromonospora echinospora (Micromonospora purpurea)
GA0070618_6154,A0A1C5A290,Protein translocase subunit SecA (EC 7.4.2.8),7.4.2.8,83377,Micromonospora echinospora (Micromonospora purpurea)
GA0070618_6155,A0A1C5A1W5,"ATP-binding cassette, subfamily B",,64931,Micromonospora echinospora (Micromonospora purpurea)
GA0070618_6156,A0A1C5A251,Threonine dehydrogenase,,38326,Micromonospora echinospora (Micromonospora purpurea)
GA0070618_6157,A0A1C5A2B3,Predicted dehydrogenase,,34426,Micromonospora echinospora (Micromonospora purpurea)
GA0070618_6158,A0A1C5A200,Glucosyl-3-phosphoglycerate synthase (EC 2.4.1.266),2.4.1.266,37292,Micromonospora echinospora (Micromonospora purpurea)
GA0070618_6159,A0A1C5A273,Glycosyltransferase involved in cell wall bisynthesis,,41131,Micromonospora echinospora (Micromonospora purpurea)
GA0070618_6160,A0A1C5A2I0,non-specific serine/threonine protein kinase (EC 2.7.11.1),2.7.11.1,25904,Micromonospora echinospora (Micromonospora purpurea)
GA0070618_6161,A0A1C5A239,Cytochrome c oxidase subunit 1 (EC 7.1.1.9),7.1.1.9,73610,Micromonospora echinospora (Micromonospora purpurea)
GA0070618_6162,A0A1C5A218,RNA polymerase sigma-B factor,,40952,Micromonospora echinospora (Micromonospora purpurea)
GA0070618_6163,A0A1C5A235,Uncharacterized protein,,49164,Micromonospora echinospora (Micromonospora purpurea)
GA0070618_6164,A0A1C5A238,Zn-finger domain of CDGSH type-containing protein,,7527,Micromonospora echinospora (Micromonospora purpurea)
GA0070618_6165,A0A1C5A2H3,Iron-containing redox enzyme,,37665,Micromonospora echinospora (Micromonospora purpurea)
GA0070618_6166,A0A1C5A272,Peptide chain release factor 1,,39808,Micromonospora echinospora (Micromonospora purpurea)
GA0070618_6167,A0A1C5A2D0,DUF3592 domain-containing protein,,20512,Micromonospora echinospora (Micromonospora purpurea)
GA0070618_6168,A0A1C5A266,Haloacetate dehalogenase,,31359,Micromonospora echinospora (Micromonospora purpurea)
GA0070618_6169,A0A1C5A2K1,Integral membrane protein,,12156,Micromonospora echinospora (Micromonospora purpurea)
GA0070618_6170,A0A1C5A280,Glutamate--cysteine ligase,,55179,Micromonospora echinospora (Micromonospora purpurea)
GA0070618_6171,A0A1C5A295,Malto-oligosyltrehalose trehalohydrolase (MTHase) (EC 3.2.1.141) (4-alpha-D-((1->4)-alpha-D-glucano)trehalose trehalohydrolase) (Maltooligosyl trehalose trehalohydrolase),3.2.1.141,64101,Micromonospora echinospora (Micromonospora purpurea)
GA0070618_6172,A0A1C5A2M2,(1->4)-alpha-D-glucan 1-alpha-D-glucosylmutase,,84523,Micromonospora echinospora (Micromonospora purpurea)
GA0070618_6173,A0A1C5A2C6,Glycogen operon protein,,79688,Micromonospora echinospora (Micromonospora purpurea)
GA0070618_6174,A0A1C5A2B6,(1->4)-alpha-D-glucan synthase (UDP-glucose),,49367,Micromonospora echinospora (Micromonospora purpurea)
GA0070618_6175,A0A1C5A2B5,"DNA-binding response regulator, OmpR family, contains REC and winged-helix (WHTH) domain",,24360,Micromonospora echinospora (Micromonospora purpurea)
GA0070618_6176,A0A1C5A2B9,Zinc carboxypeptidase,,74044,Micromonospora echinospora (Micromonospora purpurea)
GA0070618_6177,A0A1C5A2V5,Uncaracterized surface protein containing fasciclin (FAS1) repeats,,23148,Micromonospora echinospora (Micromonospora purpurea)
GA0070618_6178,A0A1C5A2F4,Citrate synthase,,47269,Micromonospora echinospora (Micromonospora purpurea)
GA0070618_6179,A0A1C5A2L4,Arylsulfatase A,,72140,Micromonospora echinospora (Micromonospora purpurea)
GA0070618_6180,A0A1C5A2X3,Methyltransferase domain-containing protein,,52200,Micromonospora echinospora (Micromonospora purpurea)
GA0070618_6181,A0A1C5A2T6,Uncharacterized protein,,5281,Micromonospora echinospora (Micromonospora purpurea)
GA0070618_6182,A0A1C5A2N7,Uncharacterized protein,,4941,Micromonospora echinospora (Micromonospora purpurea)
GA0070618_6183,A0A1C5A2Z2,"Uncharacterized conserved protein PhnB, glyoxalase superfamily",,14402,Micromonospora echinospora (Micromonospora purpurea)
GA0070618_6184,A0A1C5A2J3,"Transcriptional regulator, AraC family",,25454,Micromonospora echinospora (Micromonospora purpurea)
GA0070618_6185,A0A1C5A2H8,histidine kinase (EC 2.7.13.3),2.7.13.3,53792,Micromonospora echinospora (Micromonospora purpurea)
GA0070618_6186,A0A1C5A2I6,"Two-component system, OmpR family, response regulator",,27475,Micromonospora echinospora (Micromonospora purpurea)
GA0070618_6187,A0A1C5A2L1,Flavin reductase,,9431,Micromonospora echinospora (Micromonospora purpurea)
GA0070618_6188,A0A1C5A2S5,Uncharacterized protein,,7040,Micromonospora echinospora (Micromonospora purpurea)
GA0070618_6189,A0A1C5A2L2,DUF5753 domain-containing protein,,28079,Micromonospora echinospora (Micromonospora purpurea)
GA0070618_6190,A0A1C5A2L9,DUF397 domain-containing protein,,6598,Micromonospora echinospora (Micromonospora purpurea)
GA0070618_6191,A0A1C5A2P7,Methyltransferase domain-containing protein,,27428,Micromonospora echinospora (Micromonospora purpurea)
GA0070618_6192,A0A1C5A2M6,Thiamine biosynthesis lipoprotein,,28788,Micromonospora echinospora (Micromonospora purpurea)
GA0070618_6193,A0A1C5A361,Short-subunit dehydrogenase,,30805,Micromonospora echinospora (Micromonospora purpurea)
GA0070618_6194,A0A1C5A321,non-specific serine/threonine protein kinase (EC 2.7.11.1),2.7.11.1,33132,Micromonospora echinospora (Micromonospora purpurea)
GA0070618_6195,A0A1C5A2X6,Organic hydroperoxide reductase OsmC/OhrA,,14707,Micromonospora echinospora (Micromonospora purpurea)
GA0070618_6196,A0A1C5A2Q7,Uncharacterized protein,,29812,Micromonospora echinospora (Micromonospora purpurea)
GA0070618_6197,A0A1C5A2R0,Response regulator receiver domain-containing protein,,16484,Micromonospora echinospora (Micromonospora purpurea)
GA0070618_6198,A0A1C5A351,Anti-sigma factor antagonist,,11981,Micromonospora echinospora (Micromonospora purpurea)
GA0070618_6199,A0A1C5A2V6,Methanogenic corrinoid protein MtbC1,,37628,Micromonospora echinospora (Micromonospora purpurea)
GA0070618_6200,A0A1C5A2U8,Stage II sporulation protein E (SpoIIE),,62994,Micromonospora echinospora (Micromonospora purpurea)
GA0070618_6201,A0A1C5A2W8,Anti-sigma factor antagonist,,13708,Micromonospora echinospora (Micromonospora purpurea)
GA0070618_6202,A0A1C5A2U6,Anti-anti-sigma factor,,13126,Micromonospora echinospora (Micromonospora purpurea)
GA0070618_6203,A0A1C5A2U9,Uncharacterized protein,,11190,Micromonospora echinospora (Micromonospora purpurea)
GA0070618_6204,A0A1C5A2Y3,Pterin-4a-carbinolamine dehydratase,,34329,Micromonospora echinospora (Micromonospora purpurea)
GA0070618_6205,A0A1C5A3D7,Spermidine synthase,,27602,Micromonospora echinospora (Micromonospora purpurea)
GA0070618_6206,A0A1C5A3A5,Predicted PurR-regulated permease PerM,,37254,Micromonospora echinospora (Micromonospora purpurea)
GA0070618_6207,A0A1C5A301,NADH dehydrogenase,,46459,Micromonospora echinospora (Micromonospora purpurea)
GA0070618_6208,A0A1C5A2X7,Glycosyltransferase involved in cell wall bisynthesis,,56060,Micromonospora echinospora (Micromonospora purpurea)
GA0070618_6209,A0A1C5A359,SsrA-binding protein (Small protein B),,19166,Micromonospora echinospora (Micromonospora purpurea)
GA0070618_6210,A0A1C5A305,Uncharacterized protein,,9775,Micromonospora echinospora (Micromonospora purpurea)
GA0070618_6211,A0A1C5A2Z8,Ferredoxin-NADP reductase,,27228,Micromonospora echinospora (Micromonospora purpurea)
GA0070618_6212,A0A1C5A383,Sulfoxide reductase catalytic subunit YedY,,21971,Micromonospora echinospora (Micromonospora purpurea)
GA0070618_6213,A0A1C5A322,Methylthioribose-1-phosphate isomerase (M1Pi) (MTR-1-P isomerase) (EC 5.3.1.23) (S-methyl-5-thioribose-1-phosphate isomerase),5.3.1.23,35211,Micromonospora echinospora (Micromonospora purpurea)
GA0070618_6214,A0A1C5A341,"Rhamnose utilisation protein RhaD, predicted bifunctional aldolase and dehydrogenase",,69007,Micromonospora echinospora (Micromonospora purpurea)
GA0070618_6215,A0A1C5A338,"Integral membrane protein, TerC family",,36683,Micromonospora echinospora (Micromonospora purpurea)
GA0070618_6216,A0A1C5A3B6,Heptosyltransferase-1,,36947,Micromonospora echinospora (Micromonospora purpurea)
GA0070618_6217,A0A1C5A363,Glycosyltransferase involved in cell wall bisynthesis,,42141,Micromonospora echinospora (Micromonospora purpurea)
GA0070618_6218,A0A1C5A364,Alpha-methylacyl-CoA racemase,,45624,Micromonospora echinospora (Micromonospora purpurea)
GA0070618_6219,A0A1C5A387,"Uncharacterized conserved protein, DUF2267 family",,17485,Micromonospora echinospora (Micromonospora purpurea)
GA0070618_6220,A0A1C5A396,DUF2795 domain-containing protein,,9720,Micromonospora echinospora (Micromonospora purpurea)
GA0070618_6221,A0A1C5A3R4,Uncharacterized membrane protein,,24112,Micromonospora echinospora (Micromonospora purpurea)
GA0070618_6222,A0A1C5A3A4,Endonuclease III,,24340,Micromonospora echinospora (Micromonospora purpurea)
GA0070618_6223,A0A1C5A3F9,Pirin,,34694,Micromonospora echinospora (Micromonospora purpurea)
GA0070618_6224,A0A1C5A3A0,Uncharacterized protein,,5335,Micromonospora echinospora (Micromonospora purpurea)
GA0070618_6225,A0A1C5A3H0,Sulfoxide reductase catalytic subunit YedY,,46066,Micromonospora echinospora (Micromonospora purpurea)
GA0070618_6227,A0A1C5A3D6,non-specific serine/threonine protein kinase (EC 2.7.11.1),2.7.11.1,54182,Micromonospora echinospora (Micromonospora purpurea)
GA0070618_6228,A0A1C5A3C2,S-adenosyl methyltransferase,,30143,Micromonospora echinospora (Micromonospora purpurea)
GA0070618_6229,A0A1C5A3C1,Helix-turn-helix domain-containing protein,,32450,Micromonospora echinospora (Micromonospora purpurea)
GA0070618_6230,A0A1C5A3F6,DUF397 domain-containing protein,,8511,Micromonospora echinospora (Micromonospora purpurea)
GA0070618_6231,A0A1C5A3K9,Diguanylate cyclase (GGDEF) domain-containing protein,,29126,Micromonospora echinospora (Micromonospora purpurea)
GA0070618_6232,A0A1C5A3E7,Amino acid adenylation domain-containing protein,,198462,Micromonospora echinospora (Micromonospora purpurea)
GA0070618_6233,A0A1C5A3L9,Amino acid adenylation domain-containing protein,,110556,Micromonospora echinospora (Micromonospora purpurea)
GA0070618_6234,A0A1C5A3G5,MbtH protein,,7162,Micromonospora echinospora (Micromonospora purpurea)
GA0070618_6235,A0A1C5A3G8,"Taurine dioxygenase, alpha-ketoglutarate-dependent",,35528,Micromonospora echinospora (Micromonospora purpurea)
GA0070618_6236,A0A1C5A3J3,Acyl transferase domain-containing protein,,191910,Micromonospora echinospora (Micromonospora purpurea)
GA0070618_6237,A0A1C5A3P6,Amino acid adenylation domain-containing protein,,122519,Micromonospora echinospora (Micromonospora purpurea)
GA0070618_6238,A0A1C5A3H7,Surfactin synthase thioesterase subunit,,114099,Micromonospora echinospora (Micromonospora purpurea)
GA0070618_6239,A0A1C5A3J2,Amino acid adenylation domain-containing protein,,120317,Micromonospora echinospora (Micromonospora purpurea)
GA0070618_6240,A0A1C5A3K4,Methyltransferase domain-containing protein,,20926,Micromonospora echinospora (Micromonospora purpurea)
GA0070618_6241,A0A1C5A3K7,Type VII secretion protein EccB,,47118,Micromonospora echinospora (Micromonospora purpurea)
GA0070618_6242,A0A1C5A3T0,MYXO-CTERM domain-containing protein,,6823,Micromonospora echinospora (Micromonospora purpurea)
GA0070618_6243,A0A1C5A3M5,Nucleotidyltransferase-like protein,,32360,Micromonospora echinospora (Micromonospora purpurea)
GA0070618_6244,A0A1C5A3M6,"Transcriptional regulator, GntR family",,27221,Micromonospora echinospora (Micromonospora purpurea)
GA0070618_6245,A0A1C5A3V7,Linoleoyl-CoA desaturase,,43412,Micromonospora echinospora (Micromonospora purpurea)
GA0070618_6246,A0A1C5A3V8,Ferredoxin-NADP reductase,,38145,Micromonospora echinospora (Micromonospora purpurea)
GA0070618_6247,A0A1C5A3P5,PucR C-terminal helix-turn-helix domain-containing protein,,44322,Micromonospora echinospora (Micromonospora purpurea)
GA0070618_6248,A0A1C5A3S3,Pectate lyase,,36578,Micromonospora echinospora (Micromonospora purpurea)
GA0070618_6249,A0A1C5A3P7,Methyltransferase domain-containing protein,,27859,Micromonospora echinospora (Micromonospora purpurea)
GA0070618_6250,A0A1C5A3Y8,Methionine aminopeptidase (MAP) (MetAP) (EC 3.4.11.18) (Peptidase M),3.4.11.18,29078,Micromonospora echinospora (Micromonospora purpurea)
GA0070618_6251,A0A1C5A3S7,Helix-turn-helix domain-containing protein,,9160,Micromonospora echinospora (Micromonospora purpurea)
GA0070618_6252,A0A1C5A3Z8,Heparinase II/III-like protein,,70469,Micromonospora echinospora (Micromonospora purpurea)
GA0070618_6253,A0A1C5A3T8,Cephalosporin-C deacetylase,,35005,Micromonospora echinospora (Micromonospora purpurea)
GA0070618_6254,A0A1C5A3V1,"Pyruvate, water dikinase",,95542,Micromonospora echinospora (Micromonospora purpurea)
GA0070618_6255,A0A1C5A3U0,Cation efflux family protein,,24637,Micromonospora echinospora (Micromonospora purpurea)
GA0070618_6256,A0A1C5A3X0,"Transcriptional regulator, ArsR family",,11566,Micromonospora echinospora (Micromonospora purpurea)
GA0070618_6257,A0A1C5A4E7,"MFS transporter, DHA2 family, multidrug resistance protein",,53690,Micromonospora echinospora (Micromonospora purpurea)
GA0070618_6258,A0A1C5A3Y7,"dTDP-glucose 4,6-dehydratase (EC 4.2.1.46)",4.2.1.46,35210,Micromonospora echinospora (Micromonospora purpurea)
GA0070618_6259,A0A1C5A437,"DNA-binding response regulator, OmpR family, contains REC and winged-helix (WHTH) domain",,35377,Micromonospora echinospora (Micromonospora purpurea)
GA0070618_6260,A0A1C5A3X2,"Nitroimidazol reductase NimA, pyridoxamine 5'-phosphate oxidase superfamily",,18620,Micromonospora echinospora (Micromonospora purpurea)
GA0070618_6261,A0A1C5A459,Kynurenine 3-monooxygenase,,53503,Micromonospora echinospora (Micromonospora purpurea)
GA0070618_6262,A0A1C5A3Z2,Amino acid adenylation domain-containing protein/thioester reductase domain-containing protein,,162021,Micromonospora echinospora (Micromonospora purpurea)
GA0070618_6263,A0A1C5A4D3,Amino acid adenylation domain-containing protein,,63170,Micromonospora echinospora (Micromonospora purpurea)
GA0070618_6264,A0A1C5A424,UvrABC system protein A (Excinuclease ABC subunit A),,85307,Micromonospora echinospora (Micromonospora purpurea)
GA0070618_6265,A0A1C5A401,2-polyprenyl-6-methoxyphenol hydroxylase,,37450,Micromonospora echinospora (Micromonospora purpurea)
GA0070618_6266,A0A1C5A433,Glycosyltransferase,,40798,Micromonospora echinospora (Micromonospora purpurea)
GA0070618_6267,A0A1C5A421,Glucose-1-phosphate thymidylyltransferase (EC 2.7.7.24),2.7.7.24,35600,Micromonospora echinospora (Micromonospora purpurea)
GA0070618_6268,A0A1C5A4G3,Epimerase EvaD,,20632,Micromonospora echinospora (Micromonospora purpurea)
GA0070618_6269,A0A1C5A488,Arylformamidase,,29175,Micromonospora echinospora (Micromonospora purpurea)
GA0070618_6270,A0A1C5A436,Ubiquinone/menaquinone biosynthesis C-methylase UbiE,,37570,Micromonospora echinospora (Micromonospora purpurea)
GA0070618_6271,A0A1C5A4I6,Putative zinc binding domain-containing protein,,45609,Micromonospora echinospora (Micromonospora purpurea)
GA0070618_6272,A0A1C5A472,"dTDP-4-amino-4,6-dideoxygalactose transaminase",,42089,Micromonospora echinospora (Micromonospora purpurea)
GA0070618_6273,A0A1C5A440,Methyltransferase small domain-containing protein,,27079,Micromonospora echinospora (Micromonospora purpurea)
GA0070618_6274,A0A1C5A4D8,"Tryptophan 2,3-dioxygenase (TDO) (EC 1.13.11.11) (Tryptamin 2,3-dioxygenase) (Tryptophan oxygenase) (TO) (TRPO) (Tryptophan pyrrolase) (Tryptophanase)",1.13.11.11,30163,Micromonospora echinospora (Micromonospora purpurea)
GA0070618_6275,A0A1C5A473,Kynureninase (EC 3.7.1.3),3.7.1.3,41916,Micromonospora echinospora (Micromonospora purpurea)
GA0070618_6276,A0A1C5A474,Helix-turn-helix domain-containing protein,,27510,Micromonospora echinospora (Micromonospora purpurea)
GA0070618_6277,A0A1C5A481,"Trans-2,3-dihydro-3-hydroxyanthranilate isomerase",,30710,Micromonospora echinospora (Micromonospora purpurea)
GA0070618_6278,A0A1C5A483,Luciferase-like monooxygenase,,32576,Micromonospora echinospora (Micromonospora purpurea)
GA0070618_6279,A0A1C5A4B4,Uncharacterized protein,,34741,Micromonospora echinospora (Micromonospora purpurea)
GA0070618_6280,A0A1C5A486,"Catechol 2,3-dioxygenase",,17800,Micromonospora echinospora (Micromonospora purpurea)
GA0070618_6281,A0A1C5A4C4,"Uncharacterized conserved protein YbjT, contains NAD(P)-binding and DUF2867 domains",,29404,Micromonospora echinospora (Micromonospora purpurea)
GA0070618_6282,A0A1C5A4G9,Tat (Twin-arginine translocation) pathway signal sequence,,53936,Micromonospora echinospora (Micromonospora purpurea)
GA0070618_6283,A0A1C5A4Q0,PucR C-terminal helix-turn-helix domain-containing protein,,42634,Micromonospora echinospora (Micromonospora purpurea)
GA0070618_6284,A0A1C5A4E2,Gamma-glutamyltranspeptidase / glutathione hydrolase,,63316,Micromonospora echinospora (Micromonospora purpurea)
GA0070618_6285,A0A1C5A4W0,Methyltransferase domain-containing protein,,39284,Micromonospora echinospora (Micromonospora purpurea)
GA0070618_6286,A0A1C5A4D5,Threonine dehydrogenase,,36160,Micromonospora echinospora (Micromonospora purpurea)
GA0070618_6287,A0A1C5A4L9,Helix-turn-helix domain-containing protein,,32202,Micromonospora echinospora (Micromonospora purpurea)
GA0070618_6288,A0A1C5A4F2,Pregnancy-associated plasma protein-A,,33940,Micromonospora echinospora (Micromonospora purpurea)
GA0070618_6289,A0A1C5A4E4,Uncharacterized protein,,16528,Micromonospora echinospora (Micromonospora purpurea)
GA0070618_6290,A0A1C5A4J4,"Glucoamylase (Glucan-1,4-alpha-glucosidase), GH15 family",,66289,Micromonospora echinospora (Micromonospora purpurea)
GA0070618_6291,A0A1C5A514,Endonuclease/Exonuclease/phosphatase family protein,,32157,Micromonospora echinospora (Micromonospora purpurea)
GA0070618_6292,A0A1C5A4I3,Hyaluronoglucosaminidase,,101615,Micromonospora echinospora (Micromonospora purpurea)
GA0070618_6293,A0A1C5A4L4,AAA+ ATPase domain-containing protein,,120881,Micromonospora echinospora (Micromonospora purpurea)
GA0070618_6294,A0A1C5A4K2,TrkA-N domain-containing protein,,43647,Micromonospora echinospora (Micromonospora purpurea)
GA0070618_6295,A0A1C5A4K1,"N-acetylglucosaminyl deacetylase, LmbE family",,30076,Micromonospora echinospora (Micromonospora purpurea)
GA0070618_6298,A0A1C5A4J8,Uncharacterized protein,,10387,Micromonospora echinospora (Micromonospora purpurea)
GA0070618_6299,A0A1C5A4V3,YD repeat-containing protein,,182983,Micromonospora echinospora (Micromonospora purpurea)
GA0070618_6302,A0A1C5A4P9,Uncharacterized protein,,7783,Micromonospora echinospora (Micromonospora purpurea)
GA0070618_6303,A0A1C5A4P8,DUF4145 domain-containing protein,,21933,Micromonospora echinospora (Micromonospora purpurea)
GA0070618_6306,A0A1C5A4Y1,Transposase,,38095,Micromonospora echinospora (Micromonospora purpurea)
GA0070618_6307,A0A1C5A4S8,Amino acid adenylation domain-containing protein,,54868,Micromonospora echinospora (Micromonospora purpurea)
GA0070618_6308,A0A1C5A4S7,Uncharacterized protein,,12741,Micromonospora echinospora (Micromonospora purpurea)
GA0070618_6309,A0A1C5A4T2,Phosphotransferase enzyme family protein,,34645,Micromonospora echinospora (Micromonospora purpurea)
GA0070618_6310,A0A1C5A4T0,Choline dehydrogenase,,53174,Micromonospora echinospora (Micromonospora purpurea)
GA0070618_6311,A0A1C5A4W2,2-ketoarginine methyltransferase,,40995,Micromonospora echinospora (Micromonospora purpurea)
GA0070618_6312,A0A1C5A4X4,Uncharacterized protein,,31675,Micromonospora echinospora (Micromonospora purpurea)
GA0070618_6313,A0A1C5A4T7,Carbamoyltransferase,,54808,Micromonospora echinospora (Micromonospora purpurea)
GA0070618_6314,A0A1C5A4Y3,Glycosyltransferase involved in cell wall bisynthesis,,55114,Micromonospora echinospora (Micromonospora purpurea)
GA0070618_6315,A0A1C5A4X6,Diaminobutyrate--2-oxoglutarate transaminase (EC 2.6.1.76) (DABA aminotransferase),2.6.1.76,44553,Micromonospora echinospora (Micromonospora purpurea)
GA0070618_6316,A0A1C5A5B1,Ornithine carbamoyltransferase,,32965,Micromonospora echinospora (Micromonospora purpurea)
GA0070618_6317,A0A1C5A4Y9,Glycine amidinotransferase,,41800,Micromonospora echinospora (Micromonospora purpurea)
GA0070618_6318,A0A1C5A5I8,L-asparagine oxygenase,,34650,Micromonospora echinospora (Micromonospora purpurea)
GA0070618_6319,A0A1C5A500,DNA-binding transcriptional activator of the SARP family,,67780,Micromonospora echinospora (Micromonospora purpurea)
GA0070618_6320,A0A1C5A506,Thioesterase domain-containing protein,,38604,Micromonospora echinospora (Micromonospora purpurea)
GA0070618_6321,A0A1C5A4Z7,Transposase,,13083,Micromonospora echinospora (Micromonospora purpurea)
GA0070618_6322,A0A1C5A534,Major Facilitator Superfamily protein,,41313,Micromonospora echinospora (Micromonospora purpurea)
GA0070618_6323,A0A1C5A5L9,"Amino acid ABC transporter ATP-binding protein, PAAT family",,28605,Micromonospora echinospora (Micromonospora purpurea)
GA0070618_6324,A0A1C5A532,Polar amino acid transport system permease protein,,23942,Micromonospora echinospora (Micromonospora purpurea)
GA0070618_6325,A0A1C5A527,Polar amino acid transport system permease protein,,24316,Micromonospora echinospora (Micromonospora purpurea)
GA0070618_6326,A0A1C5A540,"Amino acid ABC transporter substrate-binding protein, PAAT family",,33606,Micromonospora echinospora (Micromonospora purpurea)
GA0070618_6327,A0A1C5A5A6,"dTDP-4-amino-4,6-dideoxygalactose transaminase",,46603,Micromonospora echinospora (Micromonospora purpurea)
GA0070618_6328,A0A1C5A5I5,Sulfotransferase family protein,,32006,Micromonospora echinospora (Micromonospora purpurea)
GA0070618_6329,A0A1C5A5B5,Predicted dehydrogenase,,38444,Micromonospora echinospora (Micromonospora purpurea)
GA0070618_6330,A0A1C5A557,Exonuclease SbcC,,111263,Micromonospora echinospora (Micromonospora purpurea)
GA0070618_6331,A0A1C5A5C0,Nuclease SbcCD subunit D,,41525,Micromonospora echinospora (Micromonospora purpurea)
GA0070618_6332,A0A1C5A558,Uncharacterized protein,,9325,Micromonospora echinospora (Micromonospora purpurea)
GA0070618_6333,A0A1C5A5D0,"Phage integrase, N-terminal SAM-like domain",,35661,Micromonospora echinospora (Micromonospora purpurea)
GA0070618_6334,A0A1C5A5L5,DUF222 domain-containing protein,,41419,Micromonospora echinospora (Micromonospora purpurea)
GA0070618_6335,A0A1C5A5E3,Site-specific recombinase XerD,,35689,Micromonospora echinospora (Micromonospora purpurea)
GA0070618_6337,A0A1C5A5T8,GTPase Der (GTP-binding protein EngA),,50393,Micromonospora echinospora (Micromonospora purpurea)
GA0070618_6338,A0A1C5A5G1,Cytidylate kinase (CK) (EC 2.7.4.25) (Cytidine monophosphate kinase) (CMP kinase),2.7.4.25,23714,Micromonospora echinospora (Micromonospora purpurea)
GA0070618_6339,A0A1C5A584,Pseudouridine synthase (EC 5.4.99.-),5.4.99.-,28115,Micromonospora echinospora (Micromonospora purpurea)
GA0070618_6340,A0A1C5A5H4,Segregation and condensation protein B,,36069,Micromonospora echinospora (Micromonospora purpurea)
GA0070618_6341,A0A1C5A5B0,Segregation and condensation protein A,,38083,Micromonospora echinospora (Micromonospora purpurea)
GA0070618_6342,A0A1C5A5Q5,Chromosome partitioning protein,,33371,Micromonospora echinospora (Micromonospora purpurea)
GA0070618_6343,A0A1C5A5I3,Tyrosine recombinase XerD,,33651,Micromonospora echinospora (Micromonospora purpurea)
GA0070618_6344,A0A1C5A5J4,Alanine dehydrogenase (EC 1.4.1.1),1.4.1.1,39361,Micromonospora echinospora (Micromonospora purpurea)
GA0070618_6345,A0A1C5A5D2,TM2 domain-containing membrane protein YozV,,8802,Micromonospora echinospora (Micromonospora purpurea)
GA0070618_6346,A0A1C5A5Y2,ADP-ribose pyrophosphatase,,21614,Micromonospora echinospora (Micromonospora purpurea)
GA0070618_6347,A0A1C5A5F4,CTP synthase (EC 6.3.4.2) (Cytidine 5'-triphosphate synthase) (Cytidine triphosphate synthetase) (CTP synthetase) (CTPS) (UTP--ammonia ligase),6.3.4.2,63503,Micromonospora echinospora (Micromonospora purpurea)
GA0070618_6348,A0A1C5A5Z5,Uncharacterized protein,,36303,Micromonospora echinospora (Micromonospora purpurea)
GA0070618_6349,A0A1C5A5G3,Uncharacterized protein,,42401,Micromonospora echinospora (Micromonospora purpurea)
GA0070618_6350,A0A1C5A5G4,Glycosyltransferase involved in cell wall bisynthesis,,39370,Micromonospora echinospora (Micromonospora purpurea)
GA0070618_6351,A0A1C5A5F5,Putative peptidoglycan lipid II flippase,,55075,Micromonospora echinospora (Micromonospora purpurea)
GA0070618_6352,A0A1C5A5I2,Glycosyl transferase family 4,,28199,Micromonospora echinospora (Micromonospora purpurea)
GA0070618_6353,A0A1C5A5I7,"Copper transport outer membrane protein, MctB",,32275,Micromonospora echinospora (Micromonospora purpurea)
GA0070618_6354,A0A1C5A5J1,Uncharacterized membrane-anchored protein,,41705,Micromonospora echinospora (Micromonospora purpurea)
GA0070618_6355,A0A1C5A5J7,DNA repair protein RecN (Recombination protein N),,62466,Micromonospora echinospora (Micromonospora purpurea)
GA0070618_6356,A0A1C5A5I1,NAD kinase (EC 2.7.1.23) (ATP-dependent NAD kinase),2.7.1.23,32027,Micromonospora echinospora (Micromonospora purpurea)
GA0070618_6357,A0A1C5A5K6,23S rRNA (Cytidine1920-2'-O)/16S rRNA (Cytidine1409-2'-O)-methyltransferase,,30169,Micromonospora echinospora (Micromonospora purpurea)
GA0070618_6358,A0A1C5A5S4,Uncharacterized protein,,10834,Micromonospora echinospora (Micromonospora purpurea)
GA0070618_6359,A0A1C5A5L8,Polyhydroxyalkanoate synthesis regulator phasin,,19919,Micromonospora echinospora (Micromonospora purpurea)
GA0070618_6360,A0A1C5A5T4,SCP-2 sterol transfer family protein,,12301,Micromonospora echinospora (Micromonospora purpurea)
GA0070618_6361,A0A1C5A5M6,"Haloacid Dehalogenase Superfamily Class (Subfamily) IIA/haloacid dehalogenase superfamily, subfamily IA, variant 1 with third motif having Dx(3-4)D or Dx(3-4)E",,34644,Micromonospora echinospora (Micromonospora purpurea)
GA0070618_6362,A0A1C5A5V3,Replicase polyprotein 1ab,,34798,Micromonospora echinospora (Micromonospora purpurea)
GA0070618_6363,A0A1C5A5P7,Uncharacterized protein,,40143,Micromonospora echinospora (Micromonospora purpurea)
GA0070618_6367,A0A1C5A696,Tyrosine--tRNA ligase (EC 6.1.1.1) (Tyrosyl-tRNA synthetase) (TyrRS),6.1.1.1,47335,Micromonospora echinospora (Micromonospora purpurea)
GA0070618_6368,A0A1C5A5Q8,Uncharacterized domain 1-containing protein,,14035,Micromonospora echinospora (Micromonospora purpurea)
GA0070618_6369,A0A1C5A5W6,Putative hemolysin,,47257,Micromonospora echinospora (Micromonospora purpurea)
GA0070618_6370,A0A1C5A5P6,Inner membrane protein,,26002,Micromonospora echinospora (Micromonospora purpurea)
GA0070618_6371,A0A1C5A5S7,"Nucleotide-binding universal stress protein, UspA family",,30081,Micromonospora echinospora (Micromonospora purpurea)
GA0070618_6372,A0A1C5A6C7,Putative transposase,,45457,Micromonospora echinospora (Micromonospora purpurea)
GA0070618_6374,A0A1C5A676,"Nucleotide-binding universal stress protein, UspA family",,29262,Micromonospora echinospora (Micromonospora purpurea)
GA0070618_6375,A0A1C5A5V2,Putative 3-methyladenine DNA glycosylase (EC 3.2.2.-),3.2.2.-,25886,Micromonospora echinospora (Micromonospora purpurea)
GA0070618_6376,A0A1C5A5T1,DNA-binding protein,,15411,Micromonospora echinospora (Micromonospora purpurea)
GA0070618_6377,A0A1C5A5X1,"Predicted DNA-binding protein, MmcQ/YjbR family",,12934,Micromonospora echinospora (Micromonospora purpurea)
GA0070618_6378,A0A1C5A6G7,Argininosuccinate lyase (ASAL) (EC 4.3.2.1) (Arginosuccinase),4.3.2.1,52092,Micromonospora echinospora (Micromonospora purpurea)
GA0070618_6379,A0A1C5A5Y1,Argininosuccinate synthase (EC 6.3.4.5) (Citrulline--aspartate ligase),6.3.4.5,43289,Micromonospora echinospora (Micromonospora purpurea)
GA0070618_6380,A0A1C5A6H9,Arginine repressor,,17969,Micromonospora echinospora (Micromonospora purpurea)
GA0070618_6381,A0A1C5A640,Ornithine carbamoyltransferase (OTCase) (EC 2.1.3.3),2.1.3.3,32752,Micromonospora echinospora (Micromonospora purpurea)
GA0070618_6382,A0A1C5A6I7,Acetylornithine aminotransferase (ACOAT) (EC 2.6.1.11),2.6.1.11,41306,Micromonospora echinospora (Micromonospora purpurea)
GA0070618_6383,A0A1C5A5Y4,Acetylglutamate kinase (EC 2.7.2.8) (N-acetyl-L-glutamate 5-phosphotransferase) (NAG kinase) (NAGK),2.7.2.8,32254,Micromonospora echinospora (Micromonospora purpurea)
GA0070618_6384,A0A1C5A5W9,Arginine biosynthesis bifunctional protein ArgJ [Cleaved into: Arginine biosynthesis bifunctional protein ArgJ alpha chain; Arginine biosynthesis bifunctional protein ArgJ beta chain] [Includes: Glutamate N-acetyltransferase (EC 2.3.1.35) (Ornithine acetyltransferase) (OATase) (Ornithine transacetylase); Amino-acid acetyltransferase (EC 2.3.1.1) (N-acetylglutamate synthase) (AGSase)],2.3.1.1; 2.3.1.35,39371,Micromonospora echinospora (Micromonospora purpurea)
GA0070618_6385,A0A1C5A612,N-acetyl-gamma-glutamyl-phosphate reductase (AGPR) (EC 1.2.1.38) (N-acetyl-glutamate semialdehyde dehydrogenase) (NAGSA dehydrogenase),1.2.1.38,33207,Micromonospora echinospora (Micromonospora purpurea)
GA0070618_6386,A0A1C5A6K9,Phenylalanine--tRNA ligase beta subunit (EC 6.1.1.20) (Phenylalanyl-tRNA synthetase beta subunit) (PheRS),6.1.1.20,89782,Micromonospora echinospora (Micromonospora purpurea)
GA0070618_6387,A0A1C5A608,Phenylalanine--tRNA ligase alpha subunit (EC 6.1.1.20) (Phenylalanyl-tRNA synthetase alpha subunit) (PheRS),6.1.1.20,40611,Micromonospora echinospora (Micromonospora purpurea)
GA0070618_6388,A0A1C5A623,"RNA methyltransferase, TrmH family",,30254,Micromonospora echinospora (Micromonospora purpurea)
GA0070618_6389,A0A1C5A6G2,Large ribosomal subunit protein bL20,,14417,Micromonospora echinospora (Micromonospora purpurea)
GA0070618_6390,A0A1C5A6M9,Large ribosomal subunit protein bL35,,7093,Micromonospora echinospora (Micromonospora purpurea)
GA0070618_6391,A0A1C5A6H0,Translation initiation factor IF-3,,22175,Micromonospora echinospora (Micromonospora purpurea)
GA0070618_6392,A0A1C5A651,PH domain-containing protein,,16760,Micromonospora echinospora (Micromonospora purpurea)
GA0070618_6393,A0A1C5A618,Transporter family-2 protein,,32290,Micromonospora echinospora (Micromonospora purpurea)
GA0070618_6394,A0A1C5A643,ATP phosphoribosyltransferase (ATP-PRT) (ATP-PRTase) (EC 2.4.2.17),2.4.2.17,30490,Micromonospora echinospora (Micromonospora purpurea)
GA0070618_6395,A0A1C5A6B3,Phosphoribosyl-ATP pyrophosphatase (PRA-PH) (EC 3.6.1.31),3.6.1.31,9501,Micromonospora echinospora (Micromonospora purpurea)
GA0070618_6396,A0A1C5A634,"6,7-dimethyl-8-ribityllumazine synthase (DMRL synthase) (LS) (Lumazine synthase) (EC 2.5.1.78)",2.5.1.78,16651,Micromonospora echinospora (Micromonospora purpurea)
GA0070618_6397,A0A1C5A663,"Riboflavin biosynthesis protein RibBA [Includes: 3,4-dihydroxy-2-butanone 4-phosphate synthase (DHBP synthase) (EC 4.1.99.12); GTP cyclohydrolase-2 (EC 3.5.4.25) (GTP cyclohydrolase II)]",3.5.4.25; 4.1.99.12,45646,Micromonospora echinospora (Micromonospora purpurea)
GA0070618_6398,A0A1C5A691,Nicotinamide mononucleotide transporter,,25134,Micromonospora echinospora (Micromonospora purpurea)
GA0070618_6399,A0A1C5A668,riboflavin synthase (EC 2.5.1.9),2.5.1.9,21404,Micromonospora echinospora (Micromonospora purpurea)
GA0070618_6400,A0A1C5A699,Riboflavin biosynthesis protein RibD [Includes: Diaminohydroxyphosphoribosylaminopyrimidine deaminase (DRAP deaminase) (EC 3.5.4.26) (Riboflavin-specific deaminase); 5-amino-6-(5-phosphoribosylamino)uracil reductase (EC 1.1.1.193) (HTP reductase)],1.1.1.193; 3.5.4.26,36249,Micromonospora echinospora (Micromonospora purpurea)
GA0070618_6401,A0A1C5A6F5,Response regulator receiver modulated diguanylate cyclase,,35055,Micromonospora echinospora (Micromonospora purpurea)
GA0070618_6402,A0A1C5A6V7,Ribulose-phosphate 3-epimerase (EC 5.1.3.1),5.1.3.1,23926,Micromonospora echinospora (Micromonospora purpurea)
GA0070618_6403,A0A1C5A6P5,Septum formation,,32330,Micromonospora echinospora (Micromonospora purpurea)
GA0070618_6404,A0A1C5A6H5,16S rRNA (Cytosine967-C5)-methyltransferase,,53334,Micromonospora echinospora (Micromonospora purpurea)
GA0070618_6405,A0A1C5A698,Methionyl-tRNA formyltransferase (EC 2.1.2.9),2.1.2.9,32306,Micromonospora echinospora (Micromonospora purpurea)
GA0070618_6406,A0A1C5A6R5,Peptide deformylase (PDF) (EC 3.5.1.88) (Polypeptide deformylase),3.5.1.88,20347,Micromonospora echinospora (Micromonospora purpurea)
GA0070618_6407,A0A1C5A6I8,Cytochrome P450,,47662,Micromonospora echinospora (Micromonospora purpurea)
GA0070618_6408,A0A1C5A6G4,"Cytidylate kinase, putative",,35830,Micromonospora echinospora (Micromonospora purpurea)
GA0070618_6409,A0A1C5A707,Probable primosomal protein N' (EC 3.6.4.-) (ATP-dependent helicase PriA),3.6.4.-,69555,Micromonospora echinospora (Micromonospora purpurea)
GA0070618_6410,A0A1C5A6E6,S-adenosylmethionine synthase (AdoMet synthase) (EC 2.5.1.6) (MAT) (Methionine adenosyltransferase),2.5.1.6,42446,Micromonospora echinospora (Micromonospora purpurea)
GA0070618_6411,A0A1C5A6F9,Coenzyme A biosynthesis bifunctional protein CoaBC (DNA/pantothenate metabolism flavoprotein) (Phosphopantothenoylcysteine synthetase/decarboxylase) (PPCS-PPCDC) [Includes: Phosphopantothenoylcysteine decarboxylase (PPC decarboxylase) (PPC-DC) (EC 4.1.1.36) (CoaC); Phosphopantothenate--cysteine ligase (EC 6.3.2.5) (CoaB) (Phosphopantothenoylcysteine synthetase) (PPC synthetase) (PPC-S)],4.1.1.36; 6.3.2.5,41880,Micromonospora echinospora (Micromonospora purpurea)
GA0070618_6412,A0A1C5A6I9,DNA-directed RNA polymerase subunit omega (RNAP omega subunit) (EC 2.7.7.6) (RNA polymerase omega subunit) (Transcriptase subunit omega),2.7.7.6,9445,Micromonospora echinospora (Micromonospora purpurea)
GA0070618_6413,A0A1C5A741,Guanylate kinase,,19154,Micromonospora echinospora (Micromonospora purpurea)
GA0070618_6414,A0A1C5A6X3,Integration host factor,,11388,Micromonospora echinospora (Micromonospora purpurea)
GA0070618_6415,A0A1C5A6Q9,Orotidine 5'-phosphate decarboxylase (EC 4.1.1.23) (OMP decarboxylase) (OMPDCase) (OMPdecase),4.1.1.23,29736,Micromonospora echinospora (Micromonospora purpurea)
GA0070618_6416,A0A1C5A6J2,"Adenosylmethionine-8-amino-7-oxononanoate aminotransferase (EC 2.6.1.62) (7,8-diamino-pelargonic acid aminotransferase) (DAPA AT) (DAPA aminotransferase) (7,8-diaminononanoate synthase) (DANS) (Diaminopelargonic acid synthase)",2.6.1.62,45627,Micromonospora echinospora (Micromonospora purpurea)
GA0070618_6417,A0A1C5A6R9,Dihydroorotate dehydrogenase (quinone) (EC 1.3.5.2) (DHOdehase) (DHOD) (DHODase) (Dihydroorotate oxidase),1.3.5.2,36200,Micromonospora echinospora (Micromonospora purpurea)
GA0070618_6418,A0A1C5A6J0,Carbamoyl phosphate synthase large chain (EC 6.3.4.16) (EC 6.3.5.5) (Carbamoyl phosphate synthetase ammonia chain),6.3.4.16; 6.3.5.5,119468,Micromonospora echinospora (Micromonospora purpurea)
GA0070618_6419,A0A1C5A6M8,Carbamoyl phosphate synthase small chain (EC 6.3.5.5) (Carbamoyl phosphate synthetase glutamine chain),6.3.5.5,42003,Micromonospora echinospora (Micromonospora purpurea)
GA0070618_6420,A0A1C5A780,Dihydroorotase (DHOase) (EC 3.5.2.3),3.5.2.3,44795,Micromonospora echinospora (Micromonospora purpurea)
GA0070618_6421,A0A1C5A6S5,Aspartate carbamoyltransferase (EC 2.1.3.2) (Aspartate transcarbamylase) (ATCase),2.1.3.2,32830,Micromonospora echinospora (Micromonospora purpurea)
GA0070618_6422,A0A1C5A6P7,Bifunctional protein PyrR [Includes: Pyrimidine operon regulatory protein; Uracil phosphoribosyltransferase (UPRTase) (EC 2.4.2.9)],2.4.2.9,20572,Micromonospora echinospora (Micromonospora purpurea)
GA0070618_6423,A0A1C5A6L8,"Transcriptional regulator, contains XRE-family HTH domain",,18007,Micromonospora echinospora (Micromonospora purpurea)
GA0070618_6424,A0A1C5A6P2,Transcription antitermination protein NusB (Antitermination factor NusB),,16315,Micromonospora echinospora (Micromonospora purpurea)
GA0070618_6425,A0A1C5A6T1,Elongation factor P (EF-P),,19799,Micromonospora echinospora (Micromonospora purpurea)
GA0070618_6426,A0A1C5A6N6,3-dehydroquinate dehydratase (3-dehydroquinase) (EC 4.2.1.10) (Type II DHQase),4.2.1.10,15552,Micromonospora echinospora (Micromonospora purpurea)
GA0070618_6427,A0A1C5A6S8,3-dehydroquinate synthase (DHQS) (EC 4.2.3.4),4.2.3.4,37614,Micromonospora echinospora (Micromonospora purpurea)
GA0070618_6428,A0A1C5A6P6,Uncharacterized membrane protein,,20815,Micromonospora echinospora (Micromonospora purpurea)
GA0070618_6429,A0A1C5A6X2,Putative membrane protein,,28498,Micromonospora echinospora (Micromonospora purpurea)
GA0070618_6430,A0A1C5A6U4,Shikimate kinase (SK) (EC 2.7.1.71),2.7.1.71,18129,Micromonospora echinospora (Micromonospora purpurea)
GA0070618_6431,A0A1C5A785,Chorismate synthase (CS) (EC 4.2.3.5) (5-enolpyruvylshikimate-3-phosphate phospholyase),4.2.3.5,42588,Micromonospora echinospora (Micromonospora purpurea)
GA0070618_6432,A0A1C5A6X1,S-adenosylmethionine synthase (AdoMet synthase) (EC 2.5.1.6) (MAT) (Methionine adenosyltransferase),2.5.1.6,42416,Micromonospora echinospora (Micromonospora purpurea)
GA0070618_6433,A0A1C5A6T7,Shikimate dehydrogenase,,26977,Micromonospora echinospora (Micromonospora purpurea)
GA0070618_6434,A0A1C5A6W5,Secreted protein,,12643,Micromonospora echinospora (Micromonospora purpurea)
GA0070618_6435,A0A1C5A6T0,Endolytic murein transglycosylase (EC 4.2.2.-) (Peptidoglycan polymerization terminase),4.2.2.-,43479,Micromonospora echinospora (Micromonospora purpurea)
GA0070618_6436,A0A1C5A713,Putative pre-16S rRNA nuclease (EC 3.1.-.-),3.1.-.-,16246,Micromonospora echinospora (Micromonospora purpurea)
GA0070618_6437,A0A1C5A6V8,Alanine--tRNA ligase (EC 6.1.1.7) (Alanyl-tRNA synthetase) (AlaRS),6.1.1.7,96538,Micromonospora echinospora (Micromonospora purpurea)
GA0070618_6438,A0A1C5A6Y3,Gas vesicle protein,,11346,Micromonospora echinospora (Micromonospora purpurea)
GA0070618_6439,A0A1C5A6V0,"Uncharacterized protein YoxC, contains an MCP-like domain",,16480,Micromonospora echinospora (Micromonospora purpurea)
GA0070618_6440,A0A1C5A735,Integrin beta 3,,27102,Micromonospora echinospora (Micromonospora purpurea)
GA0070618_6441,A0A1C5A755,Uncharacterized protein,,50023,Micromonospora echinospora (Micromonospora purpurea)
GA0070618_6442,A0A1C5A7E1,Putative ATPase,,51912,Micromonospora echinospora (Micromonospora purpurea)
GA0070618_6443,A0A1C5A765,Uncharacterized protein,,7626,Micromonospora echinospora (Micromonospora purpurea)
GA0070618_6444,A0A1C5A7F3,FR47-like protein,,26040,Micromonospora echinospora (Micromonospora purpurea)
GA0070618_6445,A0A1C5A773,"Predicted arabinose efflux permease, MFS family",,43272,Micromonospora echinospora (Micromonospora purpurea)
GA0070618_6446,A0A1C5A6Z0,"Transcriptional regulator, ArsR family",,22160,Micromonospora echinospora (Micromonospora purpurea)
GA0070618_6447,A0A1C5A724,4'-phosphopantetheinyl transferase,,24658,Micromonospora echinospora (Micromonospora purpurea)
GA0070618_6448,A0A1C5A791,Acyl-CoA dehydrogenase,,66791,Micromonospora echinospora (Micromonospora purpurea)
GA0070618_6449,A0A1C5A708,"Drug resistance transporter, EmrB/QacA subfamily",,50153,Micromonospora echinospora (Micromonospora purpurea)
GA0070618_6450,A0A1C5A747,Hemerythrin HHE cation binding domain-containing protein,,23598,Micromonospora echinospora (Micromonospora purpurea)
GA0070618_6451,A0A1C5A737,Stearoyl-CoA desaturase (Delta-9 desaturase),,37758,Micromonospora echinospora (Micromonospora purpurea)
GA0070618_6452,A0A1C5A7A3,Acyl-CoA synthetase (AMP-forming)/AMP-acid ligase II,,57692,Micromonospora echinospora (Micromonospora purpurea)
GA0070618_6453,A0A1C5A7C6,3-oxoacyl-[acyl-carrier-protein] synthase-3,,36438,Micromonospora echinospora (Micromonospora purpurea)
GA0070618_6454,A0A1C5A757,Polyketide cyclase / dehydrase and lipid transport,,25024,Micromonospora echinospora (Micromonospora purpurea)
GA0070618_6455,A0A1C5A778,Acetolactate synthase-1/2/3 large subunit,,59865,Micromonospora echinospora (Micromonospora purpurea)
GA0070618_6456,A0A1C5A7E4,Acyl carrier protein,,8871,Micromonospora echinospora (Micromonospora purpurea)
GA0070618_6457,A0A1C5A7V0,Cyclopropane-fatty-acyl-phospholipid synthase,,34078,Micromonospora echinospora (Micromonospora purpurea)
GA0070618_6458,A0A1C5A7P0,Glycine/D-amino acid oxidase,,48164,Micromonospora echinospora (Micromonospora purpurea)
GA0070618_6459,A0A1C5A7F7,Male sterility protein,,36217,Micromonospora echinospora (Micromonospora purpurea)
GA0070618_6460,A0A1C5A7H0,"NAD(P)-dependent dehydrogenase, short-chain alcohol dehydrogenase family",,33807,Micromonospora echinospora (Micromonospora purpurea)
GA0070618_6461,A0A1C5A7X8,Aspartate--tRNA(Asp/Asn) ligase (EC 6.1.1.23) (Aspartyl-tRNA synthetase) (AspRS) (Non-discriminating aspartyl-tRNA synthetase) (ND-AspRS),6.1.1.23,65665,Micromonospora echinospora (Micromonospora purpurea)
GA0070618_6462,A0A1C5A7D1,Uncharacterized protein,,20001,Micromonospora echinospora (Micromonospora purpurea)
GA0070618_6463,A0A1C5A7J0,DUF998 domain-containing protein,,19476,Micromonospora echinospora (Micromonospora purpurea)
GA0070618_6464,A0A1C5A7G7,"Predicted arabinose efflux permease, MFS family",,55592,Micromonospora echinospora (Micromonospora purpurea)
GA0070618_6465,A0A1C5A7H3,Streptogrisin D,,35347,Micromonospora echinospora (Micromonospora purpurea)
GA0070618_6466,A0A1C5A7C4,"Transcriptional regulator, HxlR family",,17975,Micromonospora echinospora (Micromonospora purpurea)
GA0070618_6467,A0A1C5A7H5,Uncharacterized domain 1-containing protein,,18846,Micromonospora echinospora (Micromonospora purpurea)
GA0070618_6468,A0A1C5A7G9,Acyl-[acyl-carrier-protein] desaturase,,34785,Micromonospora echinospora (Micromonospora purpurea)
GA0070618_6470,A0A1C5A7K8,histidine--tRNA ligase (EC 6.1.1.21),6.1.1.21,48529,Micromonospora echinospora (Micromonospora purpurea)
GA0070618_6471,A0A1C5A852,"Glyoxylase, beta-lactamase superfamily II",,24471,Micromonospora echinospora (Micromonospora purpurea)
GA0070618_6472,A0A1C5A7I1,Peptidyl-prolyl cis-trans isomerase B (Cyclophilin B),,30287,Micromonospora echinospora (Micromonospora purpurea)
GA0070618_6473,A0A1C5A7L2,Peptidyl-prolyl cis-trans isomerase B (Cyclophilin B),,29417,Micromonospora echinospora (Micromonospora purpurea)
GA0070618_6474,A0A1C5A7N8,GTP pyrophosphokinase,,91288,Micromonospora echinospora (Micromonospora purpurea)
GA0070618_6475,A0A1C5A7N9,Adenine phosphoribosyltransferase (APRT) (EC 2.4.2.7),2.4.2.7,20048,Micromonospora echinospora (Micromonospora purpurea)
GA0070618_6476,A0A1C5A7L4,Protein-export membrane protein SecF,,40947,Micromonospora echinospora (Micromonospora purpurea)
GA0070618_6477,A0A1C5A7M6,Protein translocase subunit SecD,,65011,Micromonospora echinospora (Micromonospora purpurea)
GA0070618_6478,A0A1C5A7U9,Protein translocase subunit yajC,,12046,Micromonospora echinospora (Micromonospora purpurea)
GA0070618_6479,A0A1C5A8A8,Holliday junction branch migration complex subunit RuvB (EC 3.6.4.12),3.6.4.12,37640,Micromonospora echinospora (Micromonospora purpurea)
GA0070618_6480,A0A1C5A853,Holliday junction branch migration complex subunit RuvA,,20374,Micromonospora echinospora (Micromonospora purpurea)
GA0070618_6481,A0A1C5A7U1,Crossover junction endodeoxyribonuclease RuvC (EC 3.1.21.10) (Holliday junction nuclease RuvC) (Holliday junction resolvase RuvC),3.1.21.10,18412,Micromonospora echinospora (Micromonospora purpurea)
GA0070618_6482,A0A1C5A8D0,3-hydroxybutyrate dehydrogenase,,27240,Micromonospora echinospora (Micromonospora purpurea)
GA0070618_6483,A0A1C5A874,"Transcriptional regulator, CdaR family",,67662,Micromonospora echinospora (Micromonospora purpurea)
GA0070618_6484,A0A1C5A7Y9,Pimeloyl-ACP methyl ester carboxylesterase,,30958,Micromonospora echinospora (Micromonospora purpurea)
GA0070618_6485,A0A1C5A7Q6,"Drug resistance transporter, EmrB/QacA subfamily",,56692,Micromonospora echinospora (Micromonospora purpurea)
GA0070618_6486,A0A1C5A7U8,"Amino acid/amide ABC transporter membrane protein 2, HAAT family",,35979,Micromonospora echinospora (Micromonospora purpurea)
GA0070618_6487,A0A1C5A7Y1,"Amino acid/amide ABC transporter membrane protein 1, HAAT family",,31348,Micromonospora echinospora (Micromonospora purpurea)
GA0070618_6488,A0A1C5A7S6,"Amino acid/amide ABC transporter substrate-binding protein, HAAT family",,44980,Micromonospora echinospora (Micromonospora purpurea)
GA0070618_6489,A0A1C5A7V3,"Amino acid/amide ABC transporter ATP-binding protein 2, HAAT family",,24970,Micromonospora echinospora (Micromonospora purpurea)
GA0070618_6490,A0A1C5A8I1,"Amino acid/amide ABC transporter ATP-binding protein 1, HAAT family",,27954,Micromonospora echinospora (Micromonospora purpurea)
GA0070618_6491,A0A1C5A826,Selenocysteine lyase/Cysteine desulfurase,,36682,Micromonospora echinospora (Micromonospora purpurea)
GA0070618_6492,A0A1C5A840,DNA polymerase III subunit alpha (EC 2.7.7.7),2.7.7.7,129304,Micromonospora echinospora (Micromonospora purpurea)
GA0070618_6493,A0A1C5A7X7,"RNA polymerase sigma-70 factor, ECF subfamily",,20355,Micromonospora echinospora (Micromonospora purpurea)
GA0070618_6494,A0A1C5A7Y4,Uncharacterized protein,,8006,Micromonospora echinospora (Micromonospora purpurea)
GA0070618_6495,A0A1C5A820,Uncharacterized protein,,10273,Micromonospora echinospora (Micromonospora purpurea)
GA0070618_6496,A0A1C5A7X6,non-specific serine/threonine protein kinase (EC 2.7.11.1),2.7.11.1,54470,Micromonospora echinospora (Micromonospora purpurea)
GA0070618_6497,A0A1C5A8F9,Transcriptional regulator PadR-like family protein,,12829,Micromonospora echinospora (Micromonospora purpurea)
GA0070618_6498,A0A1C5A876,Uncharacterized protein,,34881,Micromonospora echinospora (Micromonospora purpurea)
GA0070618_6499,A0A1C5A8N7,SAM-dependent methyltransferase,,27064,Micromonospora echinospora (Micromonospora purpurea)
GA0070618_6500,A0A1C5A843,"Protein N-acetyltransferase, RimJ/RimL family",,21686,Micromonospora echinospora (Micromonospora purpurea)
GA0070618_6501,A0A1C5A857,Probable transcriptional regulatory protein GA0070618_6501,,26474,Micromonospora echinospora (Micromonospora purpurea)
GA0070618_6502,A0A1C5A836,Pyridoxal 5'-phosphate synthase subunit PdxT (EC 4.3.3.6) (Pdx2) (Pyridoxal 5'-phosphate synthase glutaminase subunit) (EC 3.5.1.2),3.5.1.2; 4.3.3.6,23133,Micromonospora echinospora (Micromonospora purpurea)
GA0070618_6503,A0A1C5A861,Pyridoxal 5'-phosphate synthase subunit PdxS (PLP synthase subunit PdxS) (EC 4.3.3.6) (Pdx1),4.3.3.6,32271,Micromonospora echinospora (Micromonospora purpurea)
GA0070618_6504,A0A1C5A8C7,LemA protein,,18442,Micromonospora echinospora (Micromonospora purpurea)
GA0070618_6505,A0A1C5A8T4,Phosphatidylinositol alpha-mannosyltransferase,,40675,Micromonospora echinospora (Micromonospora purpurea)
GA0070618_6506,A0A1C5A8M0,KDO2-lipid IV(A) lauroyltransferase,,34199,Micromonospora echinospora (Micromonospora purpurea)
GA0070618_6507,A0A1C5A8A9,Phosphatidylinositol phosphate synthase (PIP synthase) (EC 2.7.8.-) (CDP-diacylglycerol--D-myo-inositol-3-phosphate 3-phosphatidyltransferase),2.7.8.-,21302,Micromonospora echinospora (Micromonospora purpurea)
GA0070618_6508,A0A1C5A8V3,Translation elongation factor 2 (EF-2/EF-G),,76231,Micromonospora echinospora (Micromonospora purpurea)
GA0070618_6509,A0A1C5A882,Predicted oxidoreductase,,38059,Micromonospora echinospora (Micromonospora purpurea)
GA0070618_6510,A0A1C5A8B6,Diadenosine tetraphosphate (Ap4A) hydrolase,,19625,Micromonospora echinospora (Micromonospora purpurea)
GA0070618_6511,A0A1C5A8H3,Zinc D-Ala-D-Ala carboxypeptidase,,26371,Micromonospora echinospora (Micromonospora purpurea)
GA0070618_6512,A0A1C5A8A5,Threonine--tRNA ligase (EC 6.1.1.3) (Threonyl-tRNA synthetase) (ThrRS),6.1.1.3,74132,Micromonospora echinospora (Micromonospora purpurea)
GA0070618_6513,A0A1C5A8H4,ADP-ribosylglycohydrolase,,31048,Micromonospora echinospora (Micromonospora purpurea)
GA0070618_6514,A0A1C5A8G4,"DNA-binding response regulator, OmpR family, contains REC and winged-helix (WHTH) domain",,24986,Micromonospora echinospora (Micromonospora purpurea)
GA0070618_6515,A0A1C5A8Z7,histidine kinase (EC 2.7.13.3),2.7.13.3,49933,Micromonospora echinospora (Micromonospora purpurea)
GA0070618_6516,A0A1C5A8D1,Aminodeoxyfutalosine deaminase,,37060,Micromonospora echinospora (Micromonospora purpurea)
GA0070618_6517,A0A1C5A8I6,Trans-aconitate 2-methyltransferase,,29567,Micromonospora echinospora (Micromonospora purpurea)
GA0070618_6518,A0A1C5A8H6,MYXO-CTERM domain-containing protein,,6889,Micromonospora echinospora (Micromonospora purpurea)
GA0070618_6519,A0A1C5A8F1,Cold-shock DNA-binding protein family,,7361,Micromonospora echinospora (Micromonospora purpurea)
GA0070618_6520,A0A1C5A8I5,DUF4235 domain-containing protein,,9189,Micromonospora echinospora (Micromonospora purpurea)
GA0070618_6521,A0A1C5A8L4,DUF3618 domain-containing protein,,14124,Micromonospora echinospora (Micromonospora purpurea)
GA0070618_6522,A0A1C5A950,"Putative Holin-X, holin superfamily III",,14742,Micromonospora echinospora (Micromonospora purpurea)
GA0070618_6523,A0A1C5A8K6,Small-conductance mechanosensitive channel,,48960,Micromonospora echinospora (Micromonospora purpurea)
GA0070618_6524,A0A1C5A8N4,DUF1206 domain-containing protein,,29798,Micromonospora echinospora (Micromonospora purpurea)
GA0070618_6525,A0A1C5A8L5,Uncharacterized protein,,12208,Micromonospora echinospora (Micromonospora purpurea)
GA0070618_6526,A0A1C5A8P1,"Cysteine desulfurase family protein, VC1184 subfamily",,42557,Micromonospora echinospora (Micromonospora purpurea)
GA0070618_6527,A0A1C5A980,Uncharacterized protein,,11013,Micromonospora echinospora (Micromonospora purpurea)
GA0070618_6528,A0A1C5A913,Acyltransferase,,35772,Micromonospora echinospora (Micromonospora purpurea)
GA0070618_6529,A0A1C5A8N1,beta-N-acetylhexosaminidase (EC 3.2.1.52),3.2.1.52,50250,Micromonospora echinospora (Micromonospora purpurea)
GA0070618_6530,A0A1C5A8K9,MYXO-CTERM domain-containing protein,,6048,Micromonospora echinospora (Micromonospora purpurea)
GA0070618_6531,A0A1C5A8P0,"F420-dependent oxidoreductase, G6PDH family",,34575,Micromonospora echinospora (Micromonospora purpurea)
GA0070618_6532,A0A1C5A9A8,ATP-dependent DNA helicase RecQ (DNA 3'-5' helicase RecQ),,59785,Micromonospora echinospora (Micromonospora purpurea)
GA0070618_6533,A0A1C5A951,Uncharacterized protein,,17202,Micromonospora echinospora (Micromonospora purpurea)
GA0070618_6534,A0A1C5A8Q2,AraC-type DNA-binding protein,,38387,Micromonospora echinospora (Micromonospora purpurea)
GA0070618_6535,A0A1C5A8V0,DNA topoisomerase (EC 5.6.2.1),5.6.2.1,36982,Micromonospora echinospora (Micromonospora purpurea)
GA0070618_6536,A0A1C5A970,ADP-heptose:LPS heptosyltransferase,,33734,Micromonospora echinospora (Micromonospora purpurea)
GA0070618_6537,A0A1C5A8U5,Short-chain dehydrogenase,,23539,Micromonospora echinospora (Micromonospora purpurea)
GA0070618_6538,A0A1C5A8S2,"RfaE bifunctional protein, domain I/rfaE bifunctional protein, domain II",,51066,Micromonospora echinospora (Micromonospora purpurea)
GA0070618_6539,A0A1C5A8U8,D-sedoheptulose 7-phosphate isomerase,,23859,Micromonospora echinospora (Micromonospora purpurea)
GA0070618_6540,A0A1C5A8Y0,Glycosyltransferase involved in cell wall bisynthesis,,43241,Micromonospora echinospora (Micromonospora purpurea)
GA0070618_6541,A0A1C5A8X0,Glycosyl transferases group 1,,35850,Micromonospora echinospora (Micromonospora purpurea)
GA0070618_6542,A0A1C5A937,"D,D-heptose 1,7-bisphosphate phosphatase",,58005,Micromonospora echinospora (Micromonospora purpurea)
GA0070618_6543,A0A1C5A8U3,"Uncharacterized conserved protein YndB, AHSA1/START domain",,16192,Micromonospora echinospora (Micromonospora purpurea)
GA0070618_6544,A0A1C5A8X8,Short-chain dehydrogenase,,35759,Micromonospora echinospora (Micromonospora purpurea)
GA0070618_6545,A0A1C5A8V2,Dolichol-phosphate mannosyltransferase,,34038,Micromonospora echinospora (Micromonospora purpurea)
GA0070618_6546,A0A1C5A944,Pyridine nucleotide-disulfide oxidoreductase domain-containing protein 2,,58076,Micromonospora echinospora (Micromonospora purpurea)
GA0070618_6547,A0A1C5A8W6,Succinate-semialdehyde dehydrogenase / glutarate-semialdehyde dehydrogenase,,49235,Micromonospora echinospora (Micromonospora purpurea)
GA0070618_6548,A0A1C5A900,"Rho termination factor, N-terminal domain",,14722,Micromonospora echinospora (Micromonospora purpurea)
GA0070618_6549,A0A1C5A8X6,Membrane protein,,34672,Micromonospora echinospora (Micromonospora purpurea)
GA0070618_6550,A0A1C5A965,DUF2795 domain-containing protein,,14765,Micromonospora echinospora (Micromonospora purpurea)
GA0070618_6551,A0A1C5A938,Polyketide cyclase / dehydrase and lipid transport,,17577,Micromonospora echinospora (Micromonospora purpurea)
GA0070618_6552,A0A1C5A929,DUF5709 domain-containing protein,,10014,Micromonospora echinospora (Micromonospora purpurea)
GA0070618_6553,A0A1C5A9P2,Fucose permease,,38800,Micromonospora echinospora (Micromonospora purpurea)
GA0070618_6554,A0A1C5A925,Uncharacterized protein,,7704,Micromonospora echinospora (Micromonospora purpurea)
GA0070618_6555,A0A1C5A902,Uncharacterized protein,,16824,Micromonospora echinospora (Micromonospora purpurea)
GA0070618_6556,A0A1C5A939,Uncharacterized protein,,12130,Micromonospora echinospora (Micromonospora purpurea)
GA0070618_6557,A0A1C5A910,Conserved TM helix,,30412,Micromonospora echinospora (Micromonospora purpurea)
GA0070618_6558,A0A1C5A947,"Serine phosphatase RsbU, regulator of sigma subunit",,74317,Micromonospora echinospora (Micromonospora purpurea)
GA0070618_6559,A0A1C5A958,"Haloacid dehalogenase superfamily, subfamily IA, variant 3 with third motif having DD or ED/haloacid dehalogenase superfamily, subfamily IA, variant 1 with third motif having Dx(3-4)D or Dx(3-4)E",,25039,Micromonospora echinospora (Micromonospora purpurea)
GA0070618_6560,A0A1C5A979,"Sodium/proton antiporter, CPA1 family",,44865,Micromonospora echinospora (Micromonospora purpurea)
GA0070618_6561,A0A1C5A9C2,Amine oxidase domain-containing protein,,32812,Micromonospora echinospora (Micromonospora purpurea)
GA0070618_6562,A0A1C5A9S7,DUF3072 family protein,,7680,Micromonospora echinospora (Micromonospora purpurea)
GA0070618_6563,A0A1C5A966,Phosphoesterase (EC 3.1.4.-),3.1.4.-,21404,Micromonospora echinospora (Micromonospora purpurea)
GA0070618_6564,A0A1C5A936,Glucanase (EC 3.2.1.-),3.2.1.-,46593,Micromonospora echinospora (Micromonospora purpurea)
GA0070618_6565,A0A1C5A977,Glucose 1-dehydrogenase,,27807,Micromonospora echinospora (Micromonospora purpurea)
GA0070618_6566,A0A1C5A9L4,"Glucoamylase (Glucan-1,4-alpha-glucosidase), GH15 family",,67651,Micromonospora echinospora (Micromonospora purpurea)
GA0070618_6567,A0A1C5A9G5,General stress protein 17M-like domain-containing protein,,19912,Micromonospora echinospora (Micromonospora purpurea)
GA0070618_6568,A0A1C5A995,"Protein N-acetyltransferase, RimJ/RimL family",,19613,Micromonospora echinospora (Micromonospora purpurea)
GA0070618_6569,A0A1C5A9V3,Uncharacterized protein,,27646,Micromonospora echinospora (Micromonospora purpurea)
GA0070618_6570,A0A1C5A9G6,"Transcriptional regulator, PadR family",,12183,Micromonospora echinospora (Micromonospora purpurea)
GA0070618_6571,A0A1C5A9W1,Uncharacterized protein,,13693,Micromonospora echinospora (Micromonospora purpurea)
GA0070618_6572,A0A1C5A9A4,L-threonine synthase,,38614,Micromonospora echinospora (Micromonospora purpurea)
GA0070618_6573,A0A1C5A982,Maleate isomerase,,25554,Micromonospora echinospora (Micromonospora purpurea)
GA0070618_6574,A0A1C5A9C0,Spore coat protein A,,57931,Micromonospora echinospora (Micromonospora purpurea)
GA0070618_6575,A0A1C5A9B9,SchA/CurD like domain-containing protein,,14869,Micromonospora echinospora (Micromonospora purpurea)
GA0070618_6576,A0A1C5A9A3,asparagine synthase (glutamine-hydrolyzing) (EC 6.3.5.4),6.3.5.4,67166,Micromonospora echinospora (Micromonospora purpurea)
GA0070618_6577,A0A1C5A9E0,Cysteine synthase A,,37270,Micromonospora echinospora (Micromonospora purpurea)
GA0070618_6578,A0A1C5A9N3,Xaa-Pro aminopeptidase,,43315,Micromonospora echinospora (Micromonospora purpurea)
GA0070618_6579,A0A1C5A9B1,Uncharacterized protein,,15625,Micromonospora echinospora (Micromonospora purpurea)
GA0070618_6580,A0A1C5A9G0,MYXO-CTERM domain-containing protein,,5339,Micromonospora echinospora (Micromonospora purpurea)
GA0070618_6581,A0A1C5A9F9,Putative transcriptional regulator,,7485,Micromonospora echinospora (Micromonospora purpurea)
GA0070618_6582,A0A1C5A9J2,DUF2975 family protein,,16846,Micromonospora echinospora (Micromonospora purpurea)
GA0070618_6583,A0A1C5A9W2,Uncharacterized protein,,23435,Micromonospora echinospora (Micromonospora purpurea)
GA0070618_6584,A0A1C5A9Q5,Uncharacterized protein,,6315,Micromonospora echinospora (Micromonospora purpurea)
GA0070618_6585,A0A1C5A9J1,"Transcriptional regulator, contains XRE-family HTH domain",,43809,Micromonospora echinospora (Micromonospora purpurea)
GA0070618_6586,A0A1C5A9L5,Subtilase family protein,,86775,Micromonospora echinospora (Micromonospora purpurea)
GA0070618_6587,A0A1C5A9I4,"RNA polymerase sigma factor, sigma-70 family",,63081,Micromonospora echinospora (Micromonospora purpurea)
GA0070618_6588,A0A1C5A9M0,Alpha-tubulin suppressor,,42731,Micromonospora echinospora (Micromonospora purpurea)
GA0070618_6589,A0A1C5A9M2,Multicopper oxidase with three cupredoxin domains (Includes cell division protein FtsP and spore coat protein CotA),,75539,Micromonospora echinospora (Micromonospora purpurea)
GA0070618_6590,A0A1C5A9P7,Acyl transferase domain-containing protein,,66419,Micromonospora echinospora (Micromonospora purpurea)
GA0070618_6591,A0A1C5AA27,Uncharacterized membrane protein,,16878,Micromonospora echinospora (Micromonospora purpurea)
GA0070618_6592,A0A1C5A9W6,Uncharacterized protein,,34635,Micromonospora echinospora (Micromonospora purpurea)
GA0070618_6593,A0A1C5A9P6,"Drug resistance transporter, EmrB/QacA subfamily",,51793,Micromonospora echinospora (Micromonospora purpurea)
GA0070618_6594,A0A1C5A9N0,Uncharacterized membrane protein,,17598,Micromonospora echinospora (Micromonospora purpurea)
GA0070618_6595,A0A1C5AA57,asparagine synthase (glutamine-hydrolyzing) (EC 6.3.5.4),6.3.5.4,67809,Micromonospora echinospora (Micromonospora purpurea)
GA0070618_6596,A0A1C5A9Z9,Ubiquinone/menaquinone biosynthesis C-methylase UbiE,,36512,Micromonospora echinospora (Micromonospora purpurea)
GA0070618_6597,A0A1C5A9S6,Secreted protein,,32143,Micromonospora echinospora (Micromonospora purpurea)
GA0070618_6598,A0A1C5A9V8,3-oxoacyl-[acyl-carrier protein] reductase,,25375,Micromonospora echinospora (Micromonospora purpurea)
GA0070618_6599,A0A1C5A9S2,3-hydroxyisobutyrate dehydrogenase,,30316,Micromonospora echinospora (Micromonospora purpurea)
GA0070618_6600,A0A1C5AA96,Cyclase,,12474,Micromonospora echinospora (Micromonospora purpurea)
GA0070618_6601,A0A1C5AA38,Putative monooxygenase,,17245,Micromonospora echinospora (Micromonospora purpurea)
GA0070618_6602,A0A1C5A9W7,Act minimal PKS ketosynthase (KS/KS alpha),,44675,Micromonospora echinospora (Micromonospora purpurea)
GA0070618_6603,A0A1C5AAH9,Act minimal PKS chain-length factor (CLF/KS beta),,42698,Micromonospora echinospora (Micromonospora purpurea)
GA0070618_6604,A0A1C5AAC2,Act minimal PKS acyl carrier protein,,9414,Micromonospora echinospora (Micromonospora purpurea)
GA0070618_6605,A0A1C5A9Y6,Aromatase,,17530,Micromonospora echinospora (Micromonospora purpurea)
GA0070618_6606,A0A1C5AAJ5,3-oxoacyl-[acyl-carrier protein] reductase,,26200,Micromonospora echinospora (Micromonospora purpurea)
GA0070618_6607,A0A1C5AAE3,Heme-degrading monooxygenase HmoA,,12725,Micromonospora echinospora (Micromonospora purpurea)
GA0070618_6608,A0A1C5AA82,Antibiotic biosynthesis monooxygenase,,11817,Micromonospora echinospora (Micromonospora purpurea)
GA0070618_6609,A0A1C5AA10,3-oxoacyl-[acyl-carrier-protein] synthase-3,,38588,Micromonospora echinospora (Micromonospora purpurea)
GA0070618_6610,A0A1C5AA45,"Proton-dependent oligopeptide transporter, POT family",,53993,Micromonospora echinospora (Micromonospora purpurea)
GA0070618_6611,A0A1C5AA19,Uncharacterized protein,,9218,Micromonospora echinospora (Micromonospora purpurea)
GA0070618_6612,A0A1C5AAI2,Transglycosylase associated protein,,6978,Micromonospora echinospora (Micromonospora purpurea)
GA0070618_6613,A0A1C5AAC3,Putative polyketide hydroxylase,,58448,Micromonospora echinospora (Micromonospora purpurea)
GA0070618_6614,A0A1C5AA58,Acyl transferase domain-containing protein,,324317,Micromonospora echinospora (Micromonospora purpurea)
GA0070618_6615,A0A1C5AA89,DNA-binding transcriptional activator of the SARP family,,34140,Micromonospora echinospora (Micromonospora purpurea)
GA0070618_6616,A0A1C5AA63,Transposase,,12588,Micromonospora echinospora (Micromonospora purpurea)
GA0070618_6617,A0A1C5AAM1,Putative drug exporter of the RND superfamily,,76852,Micromonospora echinospora (Micromonospora purpurea)
GA0070618_6618,A0A1C5AA80,Cell division protein SufI,,56240,Micromonospora echinospora (Micromonospora purpurea)
GA0070618_6619,A0A1C5AAB7,FAD/FMN-containing dehydrogenase,,56332,Micromonospora echinospora (Micromonospora purpurea)
GA0070618_6620,A0A1C5AA97,Pirin,,13494,Micromonospora echinospora (Micromonospora purpurea)
GA0070618_6621,A0A1C5AAC4,Site-specific DNA recombinase,,57063,Micromonospora echinospora (Micromonospora purpurea)
GA0070618_6622,A0A1C5AAD9,MYXO-CTERM domain-containing protein,,21067,Micromonospora echinospora (Micromonospora purpurea)
GA0070618_6623,A0A1C5ABK7,DUF397 domain-containing protein,,6398,Micromonospora echinospora (Micromonospora purpurea)
GA0070618_6624,A0A1C5AAR8,DUF5753 domain-containing protein,,27795,Micromonospora echinospora (Micromonospora purpurea)
GA0070618_6625,A0A1C5AAK7,Uncharacterized protein,,7543,Micromonospora echinospora (Micromonospora purpurea)
GA0070618_6626,A0A1C5AAF8,Flavin reductase,,9733,Micromonospora echinospora (Micromonospora purpurea)
GA0070618_6627,A0A1C5AAH8,Uncharacterized protein,,44180,Micromonospora echinospora (Micromonospora purpurea)
GA0070618_6628,A0A1C5AAF7,Uncharacterized protein,,29639,Micromonospora echinospora (Micromonospora purpurea)
GA0070618_6629,A0A1C5AAV8,Uncharacterized protein,,11889,Micromonospora echinospora (Micromonospora purpurea)
GA0070618_6630,A0A1C5AAP3,Uncharacterized protein,,18294,Micromonospora echinospora (Micromonospora purpurea)
GA0070618_6631,A0A1C5AAJ9,Uncharacterized protein,,14605,Micromonospora echinospora (Micromonospora purpurea)
GA0070618_6632,A0A1C5AB48,Uncharacterized protein,,9717,Micromonospora echinospora (Micromonospora purpurea)
GA0070618_6633,A0A1C5AAJ1,HNH endonuclease,,11302,Micromonospora echinospora (Micromonospora purpurea)
GA0070618_6634,A0A1C5AAM3,Uncharacterized protein,,18231,Micromonospora echinospora (Micromonospora purpurea)
GA0070618_6635,A0A1C5AAK4,Terminase small subunit,,16692,Micromonospora echinospora (Micromonospora purpurea)
GA0070618_6637,A0A1C5AAN6,"Phage portal protein, SPP1 Gp6-like",,50966,Micromonospora echinospora (Micromonospora purpurea)
GA0070618_6638,A0A1C5AAR1,ADP-ribosyltransferase exoenzyme,,104217,Micromonospora echinospora (Micromonospora purpurea)
GA0070618_6639,A0A1C5AAP0,Uncharacterized protein,,12063,Micromonospora echinospora (Micromonospora purpurea)
GA0070618_6640,A0A1C5AAR5,Scaffolding protein,,18094,Micromonospora echinospora (Micromonospora purpurea)
GA0070618_6641,A0A1C5AAP8,p22 coat protein-gene protein 5,,33503,Micromonospora echinospora (Micromonospora purpurea)
GA0070618_6642,A0A1C5AAU1,Uncharacterized protein,,15089,Micromonospora echinospora (Micromonospora purpurea)
GA0070618_6643,A0A1C5AAR2,Head-to-tail stopper,,9722,Micromonospora echinospora (Micromonospora purpurea)
GA0070618_6644,A0A1C5AAR9,Uncharacterized protein,,9888,Micromonospora echinospora (Micromonospora purpurea)
GA0070618_6645,A0A1C5AB38,DUF3168 domain-containing protein,,13779,Micromonospora echinospora (Micromonospora purpurea)
GA0070618_6646,A0A1C5ABE5,Major tail protein,,19512,Micromonospora echinospora (Micromonospora purpurea)
GA0070618_6647,A0A1C5AAW7,Tail assembly chaperone,,9802,Micromonospora echinospora (Micromonospora purpurea)
GA0070618_6648,A0A1C5AAW5,Phage-related protein,,76078,Micromonospora echinospora (Micromonospora purpurea)
GA0070618_6649,A0A1C5AAV0,Phage tail protein,,33977,Micromonospora echinospora (Micromonospora purpurea)
GA0070618_6650,A0A1C5AAY3,Virus ReqiPepy6 Gp37-like protein,,40124,Micromonospora echinospora (Micromonospora purpurea)
GA0070618_6651,A0A1C5AAX0,Uncharacterized protein,,30715,Micromonospora echinospora (Micromonospora purpurea)
GA0070618_6652,A0A1C5ABI1,Minor tail protein,,39877,Micromonospora echinospora (Micromonospora purpurea)
GA0070618_6653,A0A1C5AB03,Putative peptidoglycan binding domain-containing protein,,31050,Micromonospora echinospora (Micromonospora purpurea)
GA0070618_6654,A0A1C5ABA4,Uncharacterized protein,,11853,Micromonospora echinospora (Micromonospora purpurea)
GA0070618_6655,A0A1C5ABK1,Uncharacterized protein,,10666,Micromonospora echinospora (Micromonospora purpurea)
GA0070618_6656,A0A1C5ABF7,Uncharacterized protein,,18035,Micromonospora echinospora (Micromonospora purpurea)
GA0070618_6657,A0A1C5AB80,Uncharacterized protein,,14271,Micromonospora echinospora (Micromonospora purpurea)
GA0070618_6658,A0A1C5ABD7,Deoxynucleoside monophosphate kinase,,22876,Micromonospora echinospora (Micromonospora purpurea)
GA0070618_6659,A0A1C5ABH7,Uncharacterized protein,,22226,Micromonospora echinospora (Micromonospora purpurea)
GA0070618_6660,A0A1C5ABA1,PD-(D/E)XK nuclease superfamily,,30307,Micromonospora echinospora (Micromonospora purpurea)
GA0070618_6661,A0A1C5ABF5,LAGLIDADG DNA endonuclease family protein,,13342,Micromonospora echinospora (Micromonospora purpurea)
GA0070618_6662,A0A1C5ABP8,Uncharacterized protein,,26834,Micromonospora echinospora (Micromonospora purpurea)
GA0070618_6663,A0A1C5ABK4,Uncharacterized protein,,8112,Micromonospora echinospora (Micromonospora purpurea)
GA0070618_6664,A0A1C5ABD2,Uncharacterized protein,,7539,Micromonospora echinospora (Micromonospora purpurea)
GA0070618_6665,A0A1C5ABI4,DUF397 domain-containing protein,,7972,Micromonospora echinospora (Micromonospora purpurea)
GA0070618_6666,A0A1C5AB90,Uncharacterized protein,,7502,Micromonospora echinospora (Micromonospora purpurea)
GA0070618_6667,A0A1C5AB79,Uncharacterized protein,,16578,Micromonospora echinospora (Micromonospora purpurea)
GA0070618_6668,A0A1C5ABB2,Lsr2 protein,,7395,Micromonospora echinospora (Micromonospora purpurea)
GA0070618_6669,A0A1C5ABA8,Uncharacterized protein,,8227,Micromonospora echinospora (Micromonospora purpurea)
GA0070618_6670,A0A1C5ABQ4,Putative DNA primase/helicase,,91937,Micromonospora echinospora (Micromonospora purpurea)
GA0070618_6671,A0A1C5ABI3,Uncharacterized protein,,6387,Micromonospora echinospora (Micromonospora purpurea)
GA0070618_6672,A0A1C5ABN6,HNH endonuclease,,20874,Micromonospora echinospora (Micromonospora purpurea)
GA0070618_6673,A0A1C5ABB4,DNA polymerase I,,70090,Micromonospora echinospora (Micromonospora purpurea)
GA0070618_6674,A0A1C5ABK5,Nucleoside 2-deoxyribosyltransferase,,12570,Micromonospora echinospora (Micromonospora purpurea)
GA0070618_6675,A0A1C4U4E5,"DNA-directed RNA polymerase, sigma subunit (Sigma70/sigma32)",,27354,Micromonospora echinospora (Micromonospora purpurea)
GA0070618_6676,A0A1C4U4A8,Uncharacterized protein,,6158,Micromonospora echinospora (Micromonospora purpurea)
GA0070618_6677,A0A1C5AC05,Uncharacterized protein,,5865,Micromonospora echinospora (Micromonospora purpurea)
GA0070618_6678,A0A1C5ABG9,"DNA-directed RNA polymerase specialized sigma subunit, sigma24 family",,20588,Micromonospora echinospora (Micromonospora purpurea)
GA0070618_6679,A0A1C4U4K3,SprT-like family protein,,38978,Micromonospora echinospora (Micromonospora purpurea)
GA0070618_6680,A0A1C4U4I5,Uncharacterized protein,,17391,Micromonospora echinospora (Micromonospora purpurea)
GA0070618_6681,A0A1C5ABI6,Uncharacterized protein,,8786,Micromonospora echinospora (Micromonospora purpurea)
GA0070618_6682,A0A1C5ABJ0,Uncharacterized protein,,26137,Micromonospora echinospora (Micromonospora purpurea)
GA0070618_6683,A0A1C4U4X5,Uncharacterized protein,,4789,Micromonospora echinospora (Micromonospora purpurea)
GA0070618_6684,A0A1C4U4U5,DUF2637 domain-containing protein,,30689,Micromonospora echinospora (Micromonospora purpurea)
GA0070618_6685,A0A1C5ABS6,Uncharacterized protein,,16412,Micromonospora echinospora (Micromonospora purpurea)
GA0070618_6687,A0A1C5ABJ9,Uncharacterized protein,,8281,Micromonospora echinospora (Micromonospora purpurea)
GA0070618_6688,A0A1C5ABJ6,MYXO-CTERM domain-containing protein,,11679,Micromonospora echinospora (Micromonospora purpurea)
GA0070618_6689,A0A1C5ABK7,DUF397 domain-containing protein,,6398,Micromonospora echinospora (Micromonospora purpurea)
GA0070618_6690,A0A1C5AC88,DUF5753 domain-containing protein,,27599,Micromonospora echinospora (Micromonospora purpurea)
GA0070618_6691,A0A1C5AAK7,Uncharacterized protein,,7543,Micromonospora echinospora (Micromonospora purpurea)
GA0070618_6693,A0A1C5ABM4,Uncharacterized protein,,17289,Micromonospora echinospora (Micromonospora purpurea)
GA0070618_6694,A0A1C5ACA8,Uncharacterized protein,,12946,Micromonospora echinospora (Micromonospora purpurea)
GA0070618_6695,A0A1C5AC56,Uncharacterized protein,,29205,Micromonospora echinospora (Micromonospora purpurea)
GA0070618_6696,A0A1C5ABS0,Phosphatidate cytidylyltransferase,,8451,Micromonospora echinospora (Micromonospora purpurea)
